Time (s),Force (N)
0.0,867.605804684845
0.001,867.7135891649314
0.002,867.6668685484232
0.003,867.4966355650466
0.004,867.2426860517866
0.005,866.9490458409326
0.006,866.6590965297733
0.007,866.4109356328617
0.008,866.2334751531114
0.009000000000000001,866.1436958353432
0.01,866.1453420399408
0.011,866.2291790573054
0.012,866.3747589118575
0.013000000000000001,866.5534717819658
0.014,866.7325168072447
0.015,866.8793241309332
0.016,866.9659107908839
0.017,866.9726619386719
0.018000000000000002,866.8910947993786
0.019,866.7252784237013
0.02,866.4917347552674
0.021,866.2178188764562
0.022,865.9387493296884
0.023,865.6936138696789
0.024,865.5207946563063
0.025,865.4533264642557
0.026000000000000002,865.5147140989518
0.027,865.7156892949985
0.028,866.0522878316696
0.029,866.505485265641
0.03,867.0424601370688
0.031,867.6193753669961
0.032,868.1854014301307
0.033,868.6875671783131
0.034,869.0759311192066
0.035,869.3085278475992
0.036000000000000004,869.3555654810988
0.037,869.2024281606413
0.038,868.851164465735
0.039,868.3203041545028
0.04,867.6430243393002
0.041,866.8638625379517
0.042,866.0343287495301
0.043000000000000003,865.2078849222737
0.044,864.4348252727999
0.045,863.7575978636547
0.046,863.2070560223971
0.047,862.8000234147914
0.048,862.5384104990094
0.049,862.4099488400501
0.05,862.3904322453188
0.051000000000000004,862.4471894396736
0.052000000000000005,862.5433800776893
0.053,862.6426188511197
0.054,862.7134007594408
0.055,862.7328276102452
0.056,862.6892183509501
0.057,862.5833146120209
0.058,862.4279534656085
0.059000000000000004,862.246253960607
0.06,862.0685330438648
0.061,861.9283111963274
0.062,861.857872383345
0.063,861.8838951069051
0.064,862.0236655939541
0.065,862.282321022224
0.066,862.651457099491
0.067,863.1092828012712
0.068,863.6223323821904
0.069,864.1485700252908
0.07,864.641565059182
0.07100000000000001,865.0552930524404
0.07200000000000001,865.3490439703043
0.073,865.4919013033539
0.074,865.4662977475818
0.075,865.270249231485
0.076,864.9180094336546
0.077,864.4390561243345
0.078,863.875500212153
0.079,863.2781786358725
0.08,862.7018345626217
0.081,862.1998871418051
0.082,861.8193374885091
0.083,861.5963427622977
0.084,861.5529177929872
0.085,861.6951016271278
0.08600000000000001,862.012768012419
0.08700000000000001,862.4810815557302
0.088,863.0634244960935
0.089,863.7154620618853
0.09,864.3898943622812
0.091,865.0413727407428
0.092,865.6310460176414
0.093,866.1302482530912
0.094,866.5229392869744
0.095,866.8066512018337
0.096,866.9918622067404
0.097,867.0998955652095
0.098,867.1596055699295
0.099,867.2032470130144
0.1,867.2620142613843
0.101,867.3617710474305
0.10200000000000001,867.5194686146259
0.10300000000000001,867.740670588638
0.10400000000000001,868.018476734778
0.105,868.3339786748327
0.106,868.6582063817655
0.107,868.9553542504129
0.108,869.1869287007565
0.109,869.3163519998957
0.11,869.313501314686
0.111,869.1586642543386
0.112,868.8454522522779
0.113,868.3823245892231
0.114,867.7925265031436
0.115,867.1124181413533
0.116,866.3883480264062
0.117,865.6723857374996
0.11800000000000001,865.0173558748274
0.11900000000000001,864.4716949742951
0.12,864.0746760062827
0.121,863.8525087715475
0.122,863.8157327580892
0.123,863.9581817942283
0.124,864.2576320742794
0.125,864.6780651505702
0.126,865.1733049309809
0.127,865.69164143139
0.128,866.1809499582888
0.129,866.5937638506866
0.13,866.8917673241236
0.131,867.049241290459
0.132,867.0551118769098
0.133,866.9134058015622
0.134,866.6420917367661
0.135,866.2704630343983
0.136,865.8353753219942
0.137,865.376775161044
0.138,864.9330297836118
0.139,864.5365849005954
0.14,864.2104360044733
0.14100000000000001,863.9658032432499
0.14200000000000002,863.8012615315274
0.14300000000000002,863.7034115512652
0.14400000000000002,863.6490021797844
0.145,863.6082501588069
0.146,863.5489668144363
0.147,863.4410094915377
0.148,863.2605373490201
0.149,862.9935715451032
0.15,862.6384364180453
0.151,862.2067825984516
0.152,861.7230513312081
0.153,861.2224141087278
0.154,860.7473936419173
0.155,860.3435221302293
0.156,860.0545040462833
0.157,859.9174107786401
0.158,859.9584366577735
0.159,860.1896896877665
0.16,860.6073817208046
0.161,861.1916336275804
0.162,861.9079375090579
0.163,862.7101391401304
0.164,863.5446392243903
0.165,864.3553797207821
0.166,865.089095998125
0.167,865.7002862757455
0.168,866.1553799490422
0.169,866.4356726904908
0.17,866.5387292149959
0.171,866.4781197409911
0.17200000000000001,866.2815353869347
0.17300000000000001,865.9875014117786
0.17400000000000002,865.6410563625186
0.17500000000000002,865.2888735733727
0.176,864.9743573137166
0.177,864.733243242356
0.178,864.5901721741708
0.179,864.5565943655707
0.18,864.6302110623153
0.181,864.795987650334
0.182,865.0285975202089
0.183,865.2959970902845
0.184,865.5637078607915
0.185,865.7993046240398
0.186,865.9765884548073
0.187,866.0789610335438
0.188,866.1016089196614
0.189,866.0522423008599
0.19,865.950297345962
0.191,865.8246862495004
0.192,865.7103448884619
0.193,865.6439662289727
0.194,865.659402784379
0.195,865.7832628539632
0.196,866.0312082225779
0.197,866.4053872050863
0.198,866.8933143896184
0.199,867.4683505894668
0.2,868.0917607026341
0.201,868.7161527657177
0.202,869.2899477227063
0.203,869.762413316496
0.20400000000000001,870.0887299407357
0.20500000000000002,870.2345486089471
0.20600000000000002,870.1795523970787
0.20700000000000002,869.9196373143905
0.20800000000000002,869.4674752033274
0.209,868.8513939828687
0.21,868.1126904818376
0.211,867.3016586099627
0.212,866.4727523975124
0.213,865.679394583129
0.214,864.9689770389882
0.215,864.3785755855383
0.216,863.9318213716004
0.217,863.6372428984399
0.218,863.4882310941406
0.219,863.4646024087854
0.22,863.5355612153999
0.221,863.6637119322905
0.222,863.809659747722
0.223,863.9366787811994
0.224,864.0149244100356
0.225,864.0247223723846
0.226,863.9585747706759
0.227,863.8216701876471
0.228,863.6308553756433
0.229,863.4122004297061
0.23,863.1974486011736
0.231,863.0197682455372
0.232,862.9093037778778
0.233,862.8890460935396
0.234,862.9715080510805
0.23500000000000001,863.1566011412574
0.23600000000000002,863.4309752719116
0.23700000000000002,863.7689195441343
0.23800000000000002,864.1347461670798
0.23900000000000002,864.4864117623094
0.24,864.7799889111682
0.241,864.9745016665647
0.242,865.0365930035251
0.243,864.9445050618739
0.244,864.6909233163237
0.245,864.2843559352647
0.246,863.748876491898
0.247,863.12223472834
0.248,862.4525169140609
0.249,861.7936950916371
0.25,861.2005258452263
0.251,860.7233308207271
0.252,860.4032051815248
0.253,860.2681549302474
0.254,860.3305644893652
0.255,860.5862529893474
0.256,861.0152069972477
0.257,861.5838976031422
0.258,862.2489205224527
0.259,862.9615576463688
0.26,863.6727625484829
0.261,864.3380312151533
0.262,864.9216370672688
0.263,865.3997840409028
0.264,865.7623546965631
0.265,866.0130883096679
0.266,866.1681991302656
0.267,866.2536180898483
0.268,866.3011930514042
0.269,866.3442965022733
0.27,866.4133528636963
0.271,866.5318034300408
0.272,866.7129748155281
0.273,866.9582125608487
0.274,867.2564968896864
0.275,867.5855886379446
0.276,867.9145789317819
0.277,868.2075557004824
0.278,868.4279714729782
0.279,868.5432144985175
0.28,868.5288583162802
0.281,868.3720965993558
0.28200000000000003,868.0739570492112
0.28300000000000003,867.6500208281938
0.28400000000000003,867.1295379202329
0.28500000000000003,866.5530058586087
0.28600000000000003,865.9684499227486
0.28700000000000003,865.4267883194877
0.28800000000000003,864.9767699136416
0.289,864.6600231731218
0.29,864.5067473711158
0.291,864.5325114205325
0.292,864.7365090657881
0.293,865.1014641967056
0.294,865.5952036712702
0.295,866.1737364944821
0.296,866.7855170026323
0.297,867.3764434515747
0.298,867.895065876356
0.299,868.2974567034676
0.3,868.5512365098896
0.301,868.6383411829788
0.302,868.5562551661683
0.303,868.3176032228033
0.304,867.9481717628286
0.305,867.4836006395502
0.306,866.9651288181763
0.307,866.4348768722788
0.308,865.9311950651849
0.309,865.4845929523884
0.31,865.1146966060388
0.311,864.8285606128723
0.312,864.6205072458863
0.313,864.4734919096112
0.314,864.361821390719
0.315,864.2548987889409
0.316,864.1215532139171
0.317,863.9344462706248
0.318,863.6740383599853
0.319,863.3316469028879
0.32,862.9112303239714
0.321,862.4296747325278
0.322,861.9155288411521
0.323,861.4063080537887
0.324,860.9446513435056
0.325,860.5737464154104
0.326,860.3325249825551
0.327,860.2511610563758
0.328,860.3473773433841
0.329,860.6239810196074
0.33,861.0679193845594
0.331,861.6509824330715
0.332,862.3321011103224
0.333,863.0610164780815
0.334,863.7829452732657
0.335,864.4437578490839
0.336,864.995127316752
0.337,865.3991101812943
0.338,865.6316787856363
0.339,865.6848379175888
0.34,865.5671097626184
0.341,865.3023464079749
0.342,864.92700819034
0.343,864.4862097661199
0.34400000000000003,864.0289660251979
0.34500000000000003,863.6031526990714
0.34600000000000003,863.2507228012265
0.34700000000000003,863.0036871628228
0.34800000000000003,862.8812790784207
0.34900000000000003,862.88858932587
0.35000000000000003,863.016793432649
0.35100000000000003,863.2449162358768
0.352,863.542909069038
0.353,863.8756710285514
0.354,864.2075435651393
0.355,864.5067583145321
0.356,864.7493269703101
0.357,864.9219279989902
0.358,865.0234606703976
0.359,865.0650892929455
0.36,865.0687727053895
0.361,865.0644468005996
0.362,865.0861818969018
0.363,865.1677549494165
0.364,865.3381456963389
0.365,865.6174780832887
0.366,866.0138822174108
0.367,866.5216526497746
0.368,867.1209368656048
0.369,867.7790190915123
0.37,868.4530875197352
0.371,869.0942073592652
0.372,869.6520860976042
0.373,870.0801261011688
0.374,870.3402233952705
0.375,870.4067943068029
0.376,870.269591283021
0.377,869.9349970269581
0.378,869.4256482139103
0.379,868.7784187909597
0.38,868.0409686900693
0.381,867.2672174891774
0.382,866.5122173392903
0.383,865.8269628101345
0.384,865.2536803079316
0.385,864.8220859017438
0.386,864.5469937260744
0.387,864.4275093654613
0.388,864.4478700255291
0.389,864.5798148125112
0.39,864.7862036539524
0.391,865.0254703327126
0.392,865.2564082870975
0.393,865.4427566465605
0.394,865.5570816719218
0.395,865.5835320991882
0.396,865.5191764610191
0.397,865.3737918021394
0.398,865.1681483484755
0.399,864.9310041672687
0.4,864.6951688507069
0.401,864.493099683088
0.402,864.3525460333685
0.403,864.2927520601947
0.404,864.3216648605066
0.405,864.4344819268015
0.406,864.6137207765237
0.40700000000000003,864.8308216477408
0.40800000000000003,865.0491203264924
0.40900000000000003,865.2278718191308
0.41000000000000003,865.3268841335795
0.41100000000000003,865.3112484742169
0.41200000000000003,865.1556359299474
0.41300000000000003,864.8476732281462
0.41400000000000003,864.3900068374871
0.41500000000000004,863.8008051338068
0.41600000000000004,863.1126171551315
0.417,862.3696851678696
0.418,861.6239772277904
0.419,860.9303465679147
0.42,860.3413214882706
0.421,859.9020717613541
0.422,859.6460806785286
0.423,859.5919775205153
0.424,859.7418615185725
0.425,860.0812887790507
0.426,860.5809156046016
0.427,861.1996146103338
0.428,861.888723332088
0.429,862.5969657406584
0.43,863.2755181714226
0.431,863.8826800692093
0.432,864.3876576921922
0.433,864.7730701070734
0.434,865.0359301653515
0.435,865.1870227827374
0.436,865.2487799934179
0.437,865.2519173678479
0.438,865.2312312809056
0.439,865.221046379092
0.44,865.2508376042687
0.441,865.341527550642
0.442,865.5028805126267
0.443,865.73228825445
0.444,866.0150834168113
0.445,866.3263423153014
0.446,866.6339690844312
0.447,866.9027065989984
0.448,867.0986127011778
0.449,867.1934849298483
0.45,867.1687194298012
0.451,867.0181498497823
0.452,866.7495232667429
0.453,866.384420275861
0.454,865.9565988147984
0.455,865.5089170001539
0.456,865.0891498004911
0.457,864.7451400591095
0.458,864.5198022202976
0.459,864.4465183659773
0.46,864.5454283168418
0.461,864.8210225791032
0.462,865.2613088820437
0.463,865.8386549789577
0.464,866.5122306197958
0.465,867.2317997950693
0.466,867.9424692860914
0.467,868.5898971002214
0.468,869.1254157152999
0.46900000000000003,869.5105354981592
0.47000000000000003,869.7203620091681
0.47100000000000003,869.7455796199696
0.47200000000000003,869.5928098984275
0.47300000000000003,869.2833294174027
0.47400000000000003,868.8503086943056
0.47500000000000003,868.3348924742324
0.47600000000000003,867.7815642085986
0.47700000000000004,867.2333110060003
0.47800000000000004,866.7271216356721
0.47900000000000004,866.2903077454921
0.48,865.938042190892
0.481,865.6723690643998
0.482,865.4827732069837
0.483,865.348221224102
0.484,865.2404208353062
0.485,865.1279090753695
0.486,864.9804875374883
0.487,864.7734847189691
0.488,864.4913457969317
0.489,864.1301265489213
0.49,863.698592139612
0.491,863.2177793345038
0.492,862.7190548292793
0.493,862.2408734336019
0.494,861.8245887761942
0.495,861.509779387292
0.496,861.3296121153032
0.497,861.3067661328417
0.498,861.4503839524309
0.499,861.7544069993655
0.5,862.1975042335998
0.501,862.7446293869151
0.502,863.3500645618019
0.503,863.9616447738365
0.504,864.5257274788555
0.505,864.9923876178433
0.506,865.3202914934844
0.507,865.4807349470772
0.508,865.4604194010301
0.509,865.2626737969837
0.51,864.9069966284355
0.511,864.4269719960986
0.512,863.866787275956
0.513,863.2767286293047
0.514,862.7081380031301
0.515,862.2083698065787
0.516,861.8162812598927
0.517,861.5587281056596
0.518,861.4484239408426
0.519,861.4833694712233
0.52,861.6478843215916
0.521,861.9150978275134
0.522,862.2505959032643
0.523,862.6167961435792
0.524,862.9775464647294
0.525,863.302422179261
0.526,863.570234532924
0.527,863.7713560375419
0.528,863.9086040450178
0.529,863.9965887195542
0.53,864.0596065144655
0.531,864.1283259584676
0.532,864.2356505465706
0.533,864.4122384279856
0.534,864.6821997782594
0.535,865.0594755759452
0.536,865.5453277844168
0.537,866.1272487474064
0.538,866.7794404051504
0.539,867.4648390871631
0.54,868.1384884806068
0.541,868.751911100135
0.542,869.2580141136032
0.543,869.6160014832881
0.544,869.7957582826655
0.545,869.7812256040681
0.546,869.5723900823629
0.547,869.1856592746195
0.548,868.6525669127462
0.549,868.0169315116254
0.55,867.3307583402516
0.551,866.6493101221756
0.552,866.0258612073814
0.553,865.5066835727057
0.554,865.1267871987793
0.555,864.9068549920112
0.556,864.8516825262105
0.557,864.9502697302931
0.558,865.1775331403381
0.559,865.4974330241648
0.56,865.867158644124
0.561,866.2419036321837
0.562,866.5797039958018
0.5630000000000001,866.8458100142977
0.5640000000000001,867.0161201652876
0.5650000000000001,867.0793137751986
0.5660000000000001,867.0374671667594
0.5670000000000001,866.905109189347
0.5680000000000001,866.7068471590009
0.5690000000000001,866.4738539825105
0.5700000000000001,866.239633903398
0.5710000000000001,866.0355638800658
0.5720000000000001,865.8867313111142
0.5730000000000001,865.8085540812098
0.5740000000000001,865.8045796154162
0.5750000000000001,865.8657257515354
0.5760000000000001,865.971062666909
0.577,866.0900600261896
0.578,866.1860564347987
0.579,866.2205678063267
0.58,866.1579530704371
0.581,865.9699107855633
0.582,865.6392938149088
0.583,865.1627999514623
0.584,864.5522165935877
0.585,863.8340541497827
0.586,863.0475786220571
0.587,862.2414294645893
0.588,861.4691649983561
0.589,860.7841971535663
0.59,860.2346468902326
0.591,859.8586635629053
0.592,859.6807043250716
0.593,859.7091684762519
0.594,859.9356374385602
0.595,860.3357995341446
0.596,860.871958643872
0.597,861.496856824602
0.598,862.15840148981
0.599,862.8047930100666
0.6,863.389508842252
0.601,863.8756197807152
0.602,864.2389903649115
0.603,864.4700403503545
0.604,864.5739036195457
0.605,864.5689973637838
0.606,864.4841883559795
0.607,864.3548955176748
0.608,864.2185820368724
0.609,864.1101535526551
0.61,864.0577845532927
0.611,864.0796426806588
0.612,864.1818760624669
0.613,864.3580838310477
0.614,864.5903208178756
0.615,864.8515128886282
0.616,865.1089989371904
0.617,865.3287870533035
0.618,865.48003013751
0.619,865.5391994498145
0.62,865.4934662893518
0.621,865.3428887700023
0.622,865.1011329318807
0.623,864.7946206059239
0.624,864.4601724790939
0.625,864.1413841897696
0.626,863.8841172174131
0.627,863.7315887974642
0.628,863.7195946227379
0.629,863.8723890392477
0.63,864.1996806113021
0.631,864.695083490972
0.632,865.3362097385781
0.633,866.0864115463083
0.634,866.8980044815364
0.635,867.7166428585887
0.636,868.4863936978354
0.637,869.1549801015195
0.638,869.6786465575542
0.639,870.0261396822801
0.64,870.1813937324808
0.641,870.1446503476905
0.642,869.9319110649493
0.643,869.5728006565945
0.644,869.1070896307806
0.645,868.5802666955892
0.646,868.0386510964123
0.647,867.5245797583136
0.648,867.07219033276
0.649,866.7042502798068
0.65,866.430362020562
0.651,866.246718378776
0.652,866.137408318802
0.653,866.0770997043938
0.654,866.0347726386278
0.655,865.978060835681
0.656,865.8776922331455
0.657,865.7115109555108
0.658,865.4676117239566
0.659,865.1462193740712
0.66,864.7600889618457
0.661,864.3333701044198
0.662,863.8990539949888
0.663,863.4952834853437
0.664,863.1609376873088
0.665,862.9309880549538
0.666,862.832153251174
0.667,862.8793517502249
0.668,863.0733670491221
0.669,863.400009692697
0.67,863.8308973639639
0.671,864.3257969510244
0.672,864.8363002937721
0.673,865.3104572285225
0.674,865.6978819530349
0.675,865.9547935649936
0.676,866.0484550718118
0.677,865.9605369817255
0.678,865.6890451064293
0.679,865.248605091519
0.68,864.6690717720137
0.681,863.9926105591321
0.682,863.2695611448444
0.683,862.5535230666263
0.684,861.8961840270975
0.685,861.3424364958203
0.686,860.9262934476037
0.687,860.6680240380481
0.6880000000000001,860.572794582018
0.6890000000000001,860.6309343527493
0.6900000000000001,860.8197677442023
0.6910000000000001,861.1067838237628
0.6920000000000001,861.4537699752933
0.6930000000000001,861.8214340019914
0.6940000000000001,862.1739898723291
0.6950000000000001,862.4831915133473
0.6960000000000001,862.7313654868235
0.6970000000000001,862.9131095068003
0.6980000000000001,863.0354765675015
0.6990000000000001,863.1166368999052
0.7000000000000001,863.1831828567142
0.7010000000000001,863.2663958997673
0.7020000000000001,863.39791298656
0.7030000000000001,863.6052986699835
0.704,863.9080414301026
0.705,864.3144467406013
0.706,864.8198001840625
0.707,865.40603251905
0.708,866.0429506105868
0.709,866.6909221728185
0.71,867.3047378582827
0.711,867.8382396365432
0.712,868.2492146443677
0.713,868.504018841669
0.714,868.581418908664
0.715,868.4752214097782
0.716,868.1953866360267
0.717,867.7674867466761
0.718,867.2305461438008
0.719,866.63347691305
0.72,866.030474483354
0.721,865.4758516893978
0.722,865.0188507542647
0.723,864.69897560176
0.724,864.5423310230424
0.725,864.5593466707644
0.726,864.7441145202909
0.727,865.07539467238
0.728,865.5191651927852
0.729,866.0324266842458
0.73,866.5678394779006
0.731,867.0786851667009
0.732,867.5236139880242
0.733,867.8706684348467
0.734,868.1001580669009
0.735,868.2060913093301
0.736,868.1960324953326
0.737,868.0894284967706
0.738,867.9146194880553
0.739,867.7048938828877
0.74,867.4940522108731
0.741,867.311997134692
0.742,867.1808612246712
0.743,867.1121212150339
0.744,867.1050343246131
0.745,867.1465814623972
0.746,867.2129305532317
0.747,867.272259921359
0.748,867.2886259669892
0.749,867.2264386330694
0.75,867.0550358943061
0.751,866.7528328593908
0.752,866.3105639488131
0.753,865.7332334066123
0.754,865.0405295614786
0.755,864.2656263930934
0.756,863.4524735846117
0.757,862.6518437703998
0.758,861.9165446148902
0.759,861.2962982975697
0.76,860.8328313621594
0.761,860.5556991330201
0.762,860.4792929231096
0.763,860.601353260387
0.764,860.90315194008
0.765,861.3513273641532
0.766,861.9011808281886
0.767,862.5010854667927
0.768,863.0975414915521
0.769,863.6403440124868
0.77,864.0873204160561
0.771,864.4081439009063
0.772,864.5868327994772
0.773,864.6226903382369
0.774,864.5296105156027
0.775,864.3338539774871
0.776,864.0705635631747
0.777,863.7794243975799
0.778,863.4999632416677
0.779,863.2670165308921
0.78,863.1068724799824
0.781,863.034512653946
0.782,863.0522515169671
0.783,863.1499128634141
0.784,863.3065075002584
0.785,863.4932065123753
0.786,863.6772578102203
0.787,863.8263867355992
0.788,863.9131661790501
0.789,863.9188441110084
0.79,863.8361764108276
0.791,863.6709237735053
0.792,863.4418210125889
0.793,863.1789986912995
0.794,862.9210116674277
0.795,862.7107874320019
0.796,862.5909314382434
0.797,862.5989030659057
0.798,862.7625958236881
0.799,863.0968164605728
0.8,863.6010639332031
0.801,864.2588708092092
0.802,865.0388017623164
0.803,865.8970247011313
0.804,866.7811993967613
0.805,867.6352849618428
0.806,868.4047669500227
0.807,869.041758256826
0.808,869.5094405584309
0.809,869.7853833862766
0.81,869.8633984244544
0.811,869.753744059004
0.812,869.4816723817478
0.8130000000000001,869.0844883814217
0.8140000000000001,868.6074495449961
0.8150000000000001,868.0989562565125
0.8160000000000001,867.6055559443961
0.8170000000000001,867.167299083663
0.8180000000000001,866.8139414213747
0.8190000000000001,866.562389156132
0.8200000000000001,866.4156431820333
0.8210000000000001,866.3633305346672
0.8220000000000001,866.3837344672048
0.8230000000000001,866.4470686837286
0.8240000000000001,866.5196044816598
0.8250000000000001,866.568166973623
0.8260000000000001,866.5644783292365
0.8270000000000001,866.4888462284675
0.8280000000000001,866.3327720985968
0.8290000000000001,866.1001776473199
0.8300000000000001,865.8071058683754
0.8310000000000001,865.4799265111174
0.8320000000000001,865.1522466081228
0.833,864.860875032765
0.834,864.6412996538559
0.835,864.5231941966363
0.836,864.526472785312
0.837,864.6583530921149
0.838,864.9117802264035
0.839,865.2654148774184
0.84,865.6852171157901
0.841,866.127480628353
0.842,866.5430105103786
0.843,866.8820089550892
0.844,867.0991515577036
0.845,867.158311615345
0.846,867.0364236988887
0.847,866.7260673313011
0.848,866.2364871387754
0.849,865.5929325943073
0.85,864.8343802554143
0.851,864.0098745740027
0.852,863.1738710095424
0.853,862.3810711863753
0.854,861.6812926510977
0.855,861.1149096936678
0.856,860.7093374478166
0.857,860.4769162128289
0.858,860.4143993609969
0.859,860.5040732218057
0.86,860.716360197749
0.861,861.0135965050877
0.862,861.3545508480795
0.863,861.699173668306
0.864,862.0130466426251
0.865,862.27104084756
0.866,862.4597849951966
0.867,862.5786819233875
0.868,862.63937681512
0.869,862.6637560199732
0.87,862.6807213505351
0.871,862.7221228850588
0.872,862.8183282806426
0.873,862.993947840327
0.874,863.2642174955834
0.875,863.6324683441666
0.876,864.0889895648096
0.877,864.6114349193292
0.878,865.1667490241352
0.879,865.7144174520683
0.88,866.2106936516775
0.881,866.6133424824712
0.882,866.8863775344735
0.883,867.0042644325949
0.884,866.9551157654724
0.885,866.7425094207533
0.886,866.3857094245831
0.887,865.9182407821088
0.888,865.3849484165147
0.889,864.8378355112319
0.89,864.33111022218
0.891,863.9159571362352
0.892,863.6355813648489
0.893,863.5210452621383
0.894,863.5883334461648
0.895,863.8369502705815
0.896,864.2501895103844
0.897,864.797036758171
0.898,865.4354904671338
0.899,866.1169367836858
0.9,866.791102719097
0.901,867.4110538166734
0.902,867.9377025307776
0.903,868.3433518665406
0.904,868.6139088485979
0.905,868.7495518334327
0.906,868.7638079748972
0.907,868.6811732320189
0.908,868.5335677265896
0.909,868.3560463335689
0.91,868.1822641520088
0.911,868.0402202425277
0.912,867.9487682247601
0.913,867.9152929832794
0.914,867.9348188513447
0.915,867.9906511755006
0.916,868.0564783317794
0.917,868.0996945451936
0.918,868.0855638403496
0.919,867.9817477510865
0.92,867.7626749864172
0.921,867.4132451377246
0.922,866.9314293087749
0.923,866.3294505391016
0.924,865.633382896812
0.925,864.8811829548005
0.926,864.1193417368509
0.927,863.398499844364
0.928,862.7684862110668
0.929,862.2733086793763
0.93,861.9466347312143
0.931,861.8082519520293
0.932,861.861895352124
0.933,862.0946836189804
0.934,862.4782345272774
0.935,862.9713498476822
0.936,863.5239918260443
0.937,864.0821350416596
0.9380000000000001,864.5929843003282
0.9390000000000001,865.0100113310751
0.9400000000000001,865.2972845272202
0.9410000000000001,865.4326443837297
0.9420000000000001,865.4094039709728
0.9430000000000001,865.2364148002207
0.9440000000000001,864.936516078902
0.9450000000000001,864.5435601244338
0.9460000000000001,864.0983594526664
0.9470000000000001,863.6440150843123
0.9480000000000001,863.2211485155054
0.9490000000000001,862.8635648258855
0.9500000000000001,862.5948211901465
0.9510000000000001,862.426069682252
0.9520000000000001,862.3553975297455
0.9530000000000001,862.3687181422052
0.9540000000000001,862.4420911967194
0.9550000000000001,862.5451892590746
0.9560000000000001,862.6454996985868
0.9570000000000001,862.7127682931158
0.9580000000000001,862.7231640470987
0.9590000000000001,862.6626763317591
0.96,862.5293419912857
0.961,862.3340319342312
0.962,862.0996893041332
0.963,861.8590865400025
0.964,861.6513370184688
0.965,861.5175397710192
0.966,861.4960370545447
0.967,861.6178129547784
0.968,861.9025511847967
0.969,862.3558027177303
0.97,862.9675961317843
0.971,863.7126683733878
0.972,864.5523180376676
0.973,865.4377064839614
0.974,866.3142735694684
0.975,867.1268119410404
0.976,867.8246702185988
0.977,868.3665391854622
0.978,868.7243181291996
0.979,868.8856561088434
0.98,868.8549045253287
0.981,868.6523874826858
0.982,868.3120764639316
0.983,867.8779261426498
0.984,867.399270124637
0.985,866.9257736031096
0.986,866.5024836769817
0.987,866.16550277445
0.988,865.9387380885798
0.989,865.8320582992146
0.99,865.8410316427486
0.991,865.9482440053391
0.992,866.126021531897
0.993,866.3402284691862
0.994,866.5546945156862
0.995,866.7357596006082
0.996,866.856414969349
0.997,866.899568573665
0.998,866.8600644739523
0.999,866.745228862017
1.0,866.5738834542376
1.0010000000000001,866.373941646407
1.002,866.1788645064856
1.0030000000000001,866.023384390619
1.004,865.9389891124152
1.0050000000000001,865.9496896325916
1.006,866.0685657261188
1.0070000000000001,866.2955000744415
1.008,866.6163809232445
1.0090000000000001,867.0038911853186
1.01,867.4198255579364
1.0110000000000001,867.8187063552674
1.012,868.1523222539541
1.0130000000000001,868.3747082841347
1.014,868.44703198547
1.0150000000000001,868.3418557431916
1.016,868.0463085427898
1.0170000000000001,867.56381495428
1.018,866.914182640078
1.0190000000000001,866.132025342821
1.02,865.2636769642883
1.0210000000000001,864.3629144615372
1.022,863.48593513173
1.0230000000000001,862.6861134558454
1.024,862.009085336451
1.025,861.4886708536689
1.026,861.144054646319
1.027,860.9785058344162
1.028,860.9797521129104
1.029,861.1219436275018
1.03,861.3689711167017
1.031,861.6787582973881
1.032,862.0080463531334
1.033,862.3171397333604
1.034,862.574092457973
1.035,862.7578814473117
1.036,862.8602304417433
1.037,862.8859017465134
1.038,862.8514462204273
1.039,862.7825753768557
1.04,862.7104739358242
1.041,862.6674895346177
1.042,862.6827054654303
1.043,862.7779146193436
1.044,862.9644669400811
1.045,863.2413637455512
1.046,863.5948312639786
1.047,863.9994383283881
1.048,864.4206479895644
1.049,864.8185293340872
1.05,865.1522222454794
1.051,865.3846591464629
1.052,865.4870138885759
1.053,865.4423728403464
1.054,865.2482043040197
1.055,864.91733088568
1.056,864.4772713241358
1.057,863.967995809657
1.058,863.438312496525
1.059,862.9412536254142
1.06,862.528940810587
1.061,862.2474683280865
1.062,862.1323440631105
1.063,862.2049699497237
1.064,862.470533513778
1.065,862.9175315129704
1.066,863.5189720933807
1.067,864.2351224143204
1.068,865.0175039292818
1.069,865.8137054239063
1.07,866.5724988778384
1.071,867.2487144348751
1.072,867.8073612486755
1.073,868.2265672212471
1.074,868.4990430489422
1.075,868.6319398594952
1.076,868.645146951879
1.077,868.5682471899138
1.078,868.4364936213899
1.079,868.2862758624212
1.08,868.1505972280015
1.081,868.055077852937
1.082,868.0149359223342
1.083,868.033285756118
1.084,868.1009405613235
1.085,868.197736021584
1.086,868.2952176621062
1.087,868.360379405477
1.088,868.360020247474
1.089,868.2652139776523
1.09,868.0553714200253
1.091,867.7214175810582
1.092,867.267702702306
1.093,866.7124059025657
1.094,866.0863574510215
1.095,865.4303822421298
1.096,864.7914332015804
1.097,864.2179207084079
1.098,863.7547373865378
1.099,863.4385163532082
1.1,863.2936407608224
1.101,863.3294452747996
1.102,863.5389243089718
1.103,863.8991010721326
1.104,864.3730333065938
1.105,864.9132554981603
1.106,865.466302574949
1.107,865.9778436305364
1.108,866.3978887541317
1.109,866.6855247817992
1.11,866.8126874722067
1.111,866.7665825664691
1.112,866.5505148849667
1.113,866.183056946918
1.114,865.6956676778658
1.115,865.1290379870705
1.116,864.5285751839319
1.117,863.9395276325329
1.118,863.402285046351
1.119,862.9483648486375
1.12,862.5975140176844
1.121,862.3562279201623
1.122,862.2178270877752
1.123,862.1640575678772
1.124,862.1680098356566
1.125,862.198004205034
1.1260000000000001,862.2219834925719
1.127,862.211898215585
1.1280000000000001,862.1475719447662
1.129,862.0195942733422
1.1300000000000001,861.8308995232184
1.131,861.5968384620434
1.1320000000000001,861.343721359063
1.133,861.1059846297361
1.1340000000000001,860.9222907441659
1.135,860.8309944464124
1.1360000000000001,860.8654838467401
1.137,861.0499240841798
1.1380000000000001,861.3958917177704
1.139,861.9002939842898
1.1400000000000001,862.5448287818165
1.141,863.2970738341317
1.1420000000000001,864.1131153364598
1.143,864.9414570741282
1.1440000000000001,865.7278091989516
1.145,866.4202572038262
1.1460000000000001,866.9742670904025
1.147,867.3569972818892
1.1480000000000001,867.5504600099085
1.149,867.5531968898457
1.1500000000000001,867.3802919106845
1.151,867.0617228075484
1.1520000000000001,866.6392293510247
1.153,866.1620350915758
1.154,865.681880307522
1.155,865.2478951353893
1.156,864.9018554205735
1.157,864.6743183599458
1.158,864.5820356434704
1.159,864.6268995783684
1.16,864.7965083280402
1.161,865.0662586052874
1.162,865.4027075059978
1.163,865.7678079716698
1.164,866.1235296610643
1.165,866.4363388902008
1.166,866.6810318171167
1.167,866.8434917671161
1.168,866.922065866626
1.169,866.9274140779029
1.17,866.8808576887953
1.171,866.8114249346659
1.172,866.7519397169879
1.173,866.7346088205326
1.174,866.7866214125356
1.175,866.9262753865088
1.176,867.1600881294008
1.177,867.4812407882381
1.178,867.8695570541477
1.179,868.2930462298955
1.18,868.7108648573092
1.181,869.0773909093609
1.182,869.3469773056835
1.183,869.4788714801782
1.184,869.4417639178132
1.185,869.2174638008478
1.186,868.8032904748961
1.187,868.2129055709722
1.188,867.4754774785262
1.189,866.6332492313418
1.19,865.7377531188779
1.191,864.8450616058994
1.192,864.0105684044629
1.193,863.2838443656818
1.194,862.7041046732978
1.195,862.2967575269869
1.196,862.0713873725606
1.197,862.0213706119617
1.198,862.125145608893
1.199,862.3489809828966
1.2,862.6509261065264
1.201,862.9855028620409
1.202,863.3086216542381
1.203,863.582185605577
1.204,863.7778866854824
1.205,863.8797916671078
1.206,863.885453705459
1.207,863.805451628703
1.208,863.6614352617871
1.209,863.4829217253443
1.21,863.3032262331958
1.211,863.155006137087
1.212,863.0659383443113
1.213,863.0550332444385
1.214,863.130014879188
1.215,863.28607548189
1.216,863.5061562518414
1.217,863.7627327112143
1.218,864.0209115357956
1.219,864.2424954575795
1.22,864.3905604796153
1.221,864.4340278081197
1.222,864.3517085994562
1.223,864.1353534860091
1.224,863.7913450939492
1.225,863.3408188025792
1.226,862.8181686953606
1.227,862.2680731387887
1.228,861.7413381448137
1.229,861.2899885546749
1.23,860.9621225309404
1.231,860.7970743506071
1.232,860.8214006838986
1.233,861.0461195633649
1.234,861.4654984110462
1.235,862.0575222636975
1.236,862.7859937452828
1.237,863.6040419905066
1.238,864.4586676562996
1.239,865.2958417356887
1.24,866.0656190101324
1.241,866.7267287694914
1.242,867.2501655773826
1.243,867.621414643555
1.244,867.8410974038012
1.245,867.9239965285486
1.246,867.8965966568154
1.247,867.793438210948
1.248,867.6527090183057
1.249,867.5115782239197
1.25,867.4018004759266
1.2510000000000001,867.3460831823115
1.252,867.3556198395057
1.2530000000000001,867.4290581193549
1.254,867.5530075815042
1.2550000000000001,867.7040168134256
1.256,867.8517829793244
1.2570000000000001,867.9632167445105
1.258,868.006887916489
1.2590000000000001,867.9573327879925
1.26,867.7987180536007
1.2610000000000001,867.5274268154686
1.262,867.1532518141149
1.2630000000000001,866.6990363980634
1.264,866.19877768291
1.2650000000000001,865.6943795671478
1.266,865.2313965389468
1.2670000000000001,864.8542254693983
1.268,864.6012688483996
1.2690000000000001,864.5006016839415
1.27,864.5666243915535
1.2710000000000001,864.7980807534045
1.272,865.1776746210385
1.2730000000000001,865.6733473286081
1.274,866.2410985505343
1.2750000000000001,866.8290662086182
1.276,867.3824443325121
1.2770000000000001,867.8487265047407
1.278,868.182726702869
1.2790000000000001,868.3508529335332
1.28,868.3341894681589
1.281,868.130071938364
1.282,867.7520019662006
1.283,867.2279266098685
1.284,866.5970831584443
1.285,865.9057625580353
1.286,865.202458340499
1.287,864.5329300241472
1.288,863.9357139120656
1.289,863.438559781742
1.29,863.0561653195072
1.291,862.7894332231156
1.292,862.6263050123072
1.293,862.5440496992796
1.294,862.5127240463096
1.295,862.499392013367
1.296,862.4726084125468
1.297,862.4066448074631
1.298,862.2849672254093
1.299,862.1025617037939
1.3,861.8668353994881
1.301,861.5969832646339
1.302,861.3218850595741
1.303,861.0767652671531
1.304,860.8989905901243
1.305,860.8234802849466
1.306,860.8782523306837
1.307,861.0806179111523
1.308,861.4344689083026
1.309,861.9289854120152
1.31,862.5389355278994
1.311,863.2265650095478
1.312,863.9448986993705
1.313,864.6421188004842
1.314,865.2665639764305
1.315,865.7718216127138
1.316,866.1213712894902
1.317,866.2922823236976
1.318,866.2775673633143
1.319,866.0869367056072
1.32,865.7458687214348
1.321,865.2930918695927
1.322,864.7767436116178
1.323,864.2496125455477
1.324,863.7639668868128
1.325,863.3665145088133
1.326,863.0940225966988
1.327,862.9700505502196
1.328,863.003126360766
1.329,863.1865379165417
1.33,863.4997340538151
1.331,863.9111551008428
1.332,864.3821583767464
1.333,864.8715875086112
1.334,865.3404682310279
1.335,865.7563046669339
1.336,866.0964997289166
1.337,866.3505255574402
1.338,866.5206133495099
1.339,866.6209005147093
1.34,866.675148048821
1.341,866.7133028756909
1.342,866.7673106791925
1.343,866.8666698886534
1.344,867.0342475161785
1.345,867.2828491080721
1.346,867.6129512849533
1.347,868.0118754673474
1.348,868.4545197959309
1.349,868.9055908698239
1.35,869.3231072068212
1.351,869.6628011424408
1.352,869.8829414125405
1.353,869.949046614742
1.354,869.8379660526792
1.355,869.5408686361611
1.356,869.0647956562631
1.357,868.432586860593
1.358,867.6811645449212
1.359,866.8583381628448
1.36,866.0184527417412
1.361,865.217330530326
1.362,864.5070329264345
1.363,863.9309902929289
1.364,863.5200084710364
1.365,863.2895668605473
1.366,863.2386841192282
1.367,863.350459022534
1.368,863.5942142510627
1.369,863.9289994903744
1.37,864.308065948943
1.371,864.683822940909
1.372,865.0127395330793
1.373,865.2596654831664
1.374,865.4011143807234
1.375,865.4271703074481
1.3760000000000001,865.3418342639294
1.377,865.1618008705004
1.3780000000000001,864.9138301463522
1.379,864.631034240382
1.3800000000000001,864.3485177233855
1.381,864.0988793918768
1.3820000000000001,863.9080958999302
1.383,863.7922616645789
1.3840000000000001,863.7555605724114
1.385,863.7897041154965
1.3860000000000001,863.8749034187108
1.387,863.9822678134415
1.3880000000000001,864.0773596397112
1.389,864.1245019903114
1.3900000000000001,864.0913480011427
1.391,863.9531869357214
1.3920000000000001,863.6964875449586
1.393,863.3212603556801
1.3940000000000001,862.8419488040254
1.395,862.2867204075291
1.3960000000000001,861.6952057104372
1.397,861.1149050687644
1.3980000000000001,860.5966324203624
1.399,860.1894744956629
1.4000000000000001,859.9358013046592
1.401,859.8668627211665
1.4020000000000001,859.9994465281402
1.403,860.3339617661916
1.4040000000000001,860.854159749076
1.405,861.5285301832324
1.4060000000000001,862.3132305487586
1.407,863.156242849625
1.408,864.0023209392905
1.409,864.7982081565507
1.41,865.4975780427363
1.411,866.0651833307187
1.412,866.4797865585543
1.413,866.7355798141672
1.414,866.8419664750149
1.415,866.8217561762361
1.416,866.7079960302646
1.417,866.5398074961753
1.418,866.3577032550916
1.419,866.1989105769895
1.42,866.0932213964182
1.421,866.0598255340118
1.422,866.1054694388546
1.423,866.224131258599
1.424,866.3982308721296
1.425,866.6012199029044
1.426,866.8012409672851
1.427,866.9654248032799
1.428,867.0643218653403
1.429,867.0759494661897
1.43,866.9889783298806
1.431,866.8046787590481
1.432,866.5373858386134
1.433,866.213409759294
1.434,865.8684929504426
1.435,865.544080752131
1.436,865.2828084628468
1.437,865.1236995777144
1.438,865.0976075450642
1.439,865.223412081795
1.44,865.5054031536451
1.441,865.932159555782
1.442,866.4770683687449
1.443,867.1004539873059
1.444,867.7531103907883
1.445,868.3808770587034
1.446,868.9297842852241
1.447,869.3512302377301
1.448,869.6066469517139
1.449,869.6711661814795
1.45,869.5359027986415
1.451,869.2086215946705
1.452,868.7127267078571
1.453,868.0846925097308
1.454,867.37022102832
1.455,866.6195457168127
1.456,865.8823899351461
1.457,865.203121325472
1.458,864.6166168939067
1.459,864.1452711335012
1.46,863.7974501749361
1.461,863.5675331110889
1.462,863.4375052398392
1.463,863.379896507794
1.464,863.361710836323
1.465,863.3488845223995
1.466,863.3107563225306
1.467,863.2240341827898
1.468,863.0758034856134
1.469,862.8652323853472
1.47,862.6037789177255
1.471,862.3138754607298
1.472,862.0262397526751
1.473,861.7761186918061
1.474,861.5988940413088
1.475,861.5255542104882
1.476,861.578555038809
1.477,861.7685527683225
1.478,862.0923984256837
1.479,862.5326449338922
1.48,863.0586516032331
1.481,863.6291935872434
1.482,864.1963159924142
1.483,864.7100321839839
1.484,865.1233689915816
1.485,865.3972187982278
1.486,865.5044747616112
1.487,865.4329990495717
1.488,865.1870970411142
1.489,864.7873295739095
1.49,864.2686731562944
1.491,863.6772151837573
1.492,863.0657282499939
1.493,862.4885874582934
1.494,861.9965641393902
1.495,861.6320410056206
1.496,861.4251463068726
1.497,861.3912032710026
1.498,861.5297471784264
1.499,861.8251916727903
1.5,862.2490471042677
1.5010000000000001,862.7634264522567
1.502,863.3254369897326
1.5030000000000001,863.8919633238562
1.504,864.4243098023792
1.5050000000000001,864.8921914733444
1.506,865.2766402914499
1.5070000000000001,865.5715183341168
1.508,865.783488441734
1.5090000000000001,865.9304672584351
1.51,866.0387567163381
1.5110000000000001,866.1391985828614
1.512,866.2628062933424
1.5130000000000001,866.4363867673126
1.514,866.6786657783116
1.5150000000000001,866.997373625638
1.516,867.3876396527382
1.5170000000000001,867.8318965835098
1.518,868.3013250912611
1.5190000000000001,868.7586944251346
1.52,869.1622957134888
1.5210000000000001,869.4705384822872
1.522,869.6467020666418
1.5230000000000001,869.6633108500911
1.524,869.5056383429244
1.5250000000000001,869.1739362161209
1.526,868.6841206653805
1.5270000000000001,868.0668150135334
1.528,867.3648260271673
1.5290000000000001,866.6293024245545
1.53,865.9149686873378
1.5310000000000001,865.2749296300993
1.532,864.7555899295968
1.5330000000000001,864.3922225430542
1.534,864.2056517008177
1.5350000000000001,864.2003973530124
1.536,864.3644715412302
1.537,864.6708402377612
1.538,865.0803860757105
1.539,865.5460475335558
1.54,866.0176859698921
1.541,866.4471569276642
1.542,866.793044426319
1.543,867.0245583188549
1.544,867.1241905013263
1.545,867.0888651505767
1.546,866.9294857717812
1.547,866.6689591231553
1.548,866.3389434819786
1.549,865.9757077823688
1.55,865.6155836100963
1.551,865.2905334460834
1.552,865.0243414628345
1.553,864.829859629513
1.554,864.707620152797
1.555,864.6459689825512
1.556,864.6227016760466
1.557,864.6080116669143
1.558,864.5684110046112
1.559,864.4711716398737
1.56,864.2887738473624
1.561,864.0028443212734
1.562,863.6071204143856
1.563,863.1090830497754
1.564,862.530047367825
1.565,861.9036710296422
1.566,861.2730164124854
1.567,860.6864651965213
1.568,860.1929140643056
1.569,859.8367639271113
1.57,859.6532428733412
1.571,859.6645716669018
1.572,859.8773933790958
1.573,860.2817550419397
1.574,860.8517636108495
1.575,861.5478590913377
1.576,862.3204740263527
1.577,863.1146996481369
1.578,863.8754711536811
1.579,864.5527295503541
1.58,865.1060213283904
1.581,865.5080593877536
1.582,865.7468823169218
1.583,865.8264017859383
1.584,865.7653027064042
1.585,865.5944387397979
1.586,865.3530272102607
1.587,865.0840748462621
1.588,864.8295451662004
1.589,864.6258011697838
1.59,864.4998209768951
1.591,864.4665933379897
1.592,864.527964720151
1.593,864.6730450408112
1.594,864.8801033913926
1.595,865.1197177794104
1.596,865.3588025760995
1.597,865.5650395358566
1.598,865.7111937774738
1.599,865.7788098891107
1.6,865.7608537826038
1.601,865.6629852337605
1.602,865.5033009395977
1.603,865.3105611834603
1.604,865.1210855571522
1.605,864.974655458731
1.606,864.9098762813842
1.607,864.9595174312303
1.608,865.1463561706299
1.609,865.480000723265
1.61,865.9550644993795
1.611,866.5509179729893
1.612,867.2330735662226
1.613,867.9560806488473
1.614,868.6676420363642
1.615,869.3135284153553
1.616,869.8427778310364
1.617,870.2126336308413
1.618,870.3926998695413
1.619,870.367875432487
1.62,870.1397580927052
1.621,869.7263732154512
1.622,869.1602610102149
1.623,868.4851315362835
1.624,867.7514489578643
1.625,867.0114192189454
1.6260000000000001,866.3139161273061
1.627,865.6998832657993
1.6280000000000001,865.1986930700225
1.629,864.8258361337528
1.6300000000000001,864.582165361996
1.631,864.4547474167048
1.6320000000000001,864.4191970040221
1.633,864.443207430069
1.6340000000000001,864.4908613347991
1.635,864.5272227998496
1.6360000000000001,864.5226851227156
1.637,864.4565802793236
1.6380000000000001,864.3196427945043
1.639,864.115052660216
1.6400000000000001,863.8579443419549
1.641,863.5734436865811
1.6420000000000001,863.2934622203204
1.643,863.0526202270313
1.6440000000000001,862.8837703057526
1.645,862.813640613925
1.6460000000000001,862.8591063497856
1.647,863.024530301018
1.6480000000000001,863.3004959022899
1.649,863.6641021300605
1.6500000000000001,864.0808157348107
1.651,864.5077019947693
1.6520000000000001,864.8976996854426
1.653,865.2044865647897
1.6540000000000001,865.387411689908
1.655,865.4159581952418
1.6560000000000001,865.2732463591028
1.657,864.9581869646845
1.6580000000000001,864.4860382730091
1.659,863.8872907566163
1.6600000000000001,863.2049834365577
1.661,862.4907245690682
1.6620000000000001,861.7998290567749
1.663,861.1860800278292
1.6640000000000001,860.6966621326347
1.665,860.3677948763896
1.666,860.2215178685879
1.667,860.2639546321647
1.668,860.4852213254887
1.669,860.8609689720685
1.67,861.3553720438788
1.671,861.9252217351244
1.672,862.5246658612474
1.673,863.1100716727611
1.674,863.6444800287139
1.675,864.101169997828
1.676,864.4659562713957
1.677,864.7379862063577
1.678,864.9289727786735
1.679,865.060975388874
1.68,865.1630028412212
1.681,865.2668439300984
1.682,865.4026164105395
1.683,865.5945552867482
1.684,865.857533028679
1.685,866.1947207130677
1.686,866.5966695035206
1.687,867.0419307556756
1.688,867.4991582837661
1.689,867.9304674020206
1.69,868.2956810773022
1.691,868.5569900065154
1.692,868.6835022777093
1.693,868.6551653197623
1.694,868.4656074926518
1.695,868.1235619474244
1.696,867.652688712535
1.697,867.0897855358819
1.698,866.4815546483557
1.699,865.8802518706807
1.7,865.3386687965739
1.701,864.9049744047187
1.702,864.6179609674472
1.703,864.5031983877536
1.704,864.5705054663276
1.705,864.8130064640086
1.706,865.2078719592871
1.707,865.7186628928138
1.708,866.2990255075171
1.709,866.8973413165307
1.71,867.4618359072938
1.711,867.9456042084587
1.712,868.3110227453105
1.713,868.5330898377528
1.714,868.6013547864095
1.715,868.520253537313
1.716,868.3078438306852
1.717,867.993108074877
1.718,867.6121478603047
1.719,867.2037130503163
1.72,866.8045777409062
1.721,866.4452875595537
1.722,866.1467565951027
1.723,865.9180929891799
1.724,865.7558910148497
1.725,865.6450600903552
1.726,865.5610862799168
1.727,865.4734588951025
1.728,865.3498619708387
1.729,865.1606424506928
1.73,864.8830336994745
1.731,864.5046382245175
1.732,864.0257545039016
1.733,863.4602606792054
1.734,862.8349284581867
1.735,862.1872161292034
1.736,861.561760668931
1.737,861.005936544598
1.738,860.5649565477822
1.739,860.2770458007683
1.74,860.1692176109643
1.741,860.2541191918472
1.742,860.5283029121322
1.743,860.9721268747456
1.744,861.5513138265194
1.745,862.220018767278
1.746,862.9250927166726
1.747,863.6111007555165
1.748,864.2255708613906
1.749,864.7239251506619
1.75,865.073579649772
1.7510000000000001,865.2567888605612
1.752,865.2719472712583
1.7530000000000001,865.1332266996155
1.754,864.8686076696233
1.7550000000000001,864.5165352899957
1.756,864.1215764920031
1.7570000000000001,863.7295600369489
1.758,863.3827320838056
1.7590000000000001,863.1154528462841
1.76,862.9508949601527
1.7610000000000001,862.89908896694
1.762,862.9565086711332
1.7630000000000001,863.1072160220046
1.764,863.3254108138837
1.7650000000000001,863.5790742018079
1.766,863.8342740782775
1.7670000000000001,864.0596281020354
1.768,864.2304045548569
1.7690000000000001,864.3317838882369
1.77,864.3609000060572
1.7710000000000001,864.3274192786937
1.772,864.2525815229054
1.7730000000000001,864.1668022040783
1.774,864.10609943318
1.7750000000000001,864.1077446227357
1.776,864.2056268160933
1.7770000000000001,864.4258574675653
1.778,864.7831205929713
1.7790000000000001,865.2781949791754
1.78,865.896949026861
1.7810000000000001,866.6109486018413
1.782,867.3796415769948
1.7830000000000001,868.1539090039215
1.784,868.8806212163474
1.7850000000000001,869.5077243906803
1.786,869.9893216774306
1.7870000000000001,870.2902098435535
1.788,870.3893879103127
1.7890000000000001,870.2821625638687
1.79,869.9806243889386
1.7910000000000001,869.5124429564061
1.792,868.9181084929776
1.793,868.2469136542342
1.794,867.5521027180546
1.795,866.8857027356813
1.796,866.2935823622855
1.797,865.8112559327049
1.798,865.4608660610361
1.799,865.2496469924296
1.8,865.1700076110254
1.801,865.2011954214786
1.802,865.3123305210769
1.803,865.4664504949101
1.804,865.6250995241631
1.805,865.7529395342959
1.806,865.8218638834488
1.807,865.8141544290082
1.808,865.7243339667433
1.809,865.559515556337
1.81,865.3382214433739
1.811,865.0878180915635
1.812,864.8408709073783
1.813,864.6308450952188
1.814,864.487654046248
1.815,864.4335753712461
1.816,864.4800150081926
1.817,864.6255061146269
1.818,864.8551920356865
1.819,865.1418767194319
1.82,865.448549908166
1.821,865.7321277932577
1.822,865.9480110984829
1.823,866.0549672146551
1.824,866.0198017418513
1.825,865.8213023481931
1.826,865.45301248764
1.827,864.9245161982099
1.828,864.2610744736105
1.829,863.5016311721338
1.83,862.695382675339
1.831,861.8972612225813
1.832,861.1627999468762
1.833,860.5429151584406
1.834,860.0791509420077
1.835,859.7998815900734
1.836,859.7178642013539
1.837,859.8293882287451
1.838,860.1150967997456
1.839,860.5423750760112
1.84,861.0690334036112
1.841,861.6478758228249
1.842,862.2316525912465
1.843,862.7778586655378
1.844,863.2528624388551
1.845,863.6349277924303
1.846,863.9158188356835
1.847,864.1008365016241
1.848,864.2073116904004
1.849,864.2617514669063
1.85,864.2959839154759
1.851,864.3427571743553
1.852,864.4313068109748
1.853,864.5834066437959
1.854,864.8103613526091
1.855,865.111291127003
1.856,865.4729112505811
1.857,865.8708393262463
1.858,866.2722887703934
1.859,866.6398486340762
1.86,866.9359244326637
1.861,867.1273365029315
1.862,867.1895502609602
1.863,867.110049213701
1.864,866.8904528013782
1.865,866.5471171714104
1.866,866.110122889145
1.867,865.6207311281761
1.868,865.1275594857641
1.869,864.6818715076319
1.87,864.3324744565256
1.871,864.1207666478306
1.872,864.0764635180836
1.873,864.2144616779453
1.874,864.5331800684197
1.875,865.0145600494483
1.8760000000000001,865.6257289545209
1.877,866.322153699298
1.8780000000000001,867.051951869011
1.879,867.7609047015803
1.8800000000000001,868.3976429347069
1.881,868.9184605574625
1.8820000000000001,869.2912547468768
1.883,869.4981878314455
1.8840000000000001,869.5368082044287
1.885,869.4195361452762
1.8860000000000001,869.1715988863859
1.887,868.8276673787428
1.8880000000000001,868.4275866231325
1.889,868.0116868983017
1.8900000000000001,867.6162043607046
1.891,867.2693219501986
1.8920000000000001,866.9882674360073
1.893,866.7777831462638
1.8940000000000001,866.6301251265828
1.895,866.526575651808
1.8960000000000001,866.4402815182174
1.897,866.3400804435339
1.8980000000000001,866.1948658871249
1.899,865.9779791314211
1.9000000000000001,865.6711133892888
1.901,865.2672685071228
1.9020000000000001,864.7724005858851
1.903,864.2055568425939
1.9040000000000001,863.5974561091297
1.905,862.9876506519886
1.9060000000000001,862.4205660300025
1.907,861.940844568614
1.9080000000000001,861.5885003295743
1.909,861.3944199265787
1.9100000000000001,861.3767110637912
1.911,861.5383126402186
1.9120000000000001,861.8661461881155
1.913,862.331922909245
1.9140000000000001,862.8945417363741
1.915,863.5038412720453
1.9160000000000001,864.1053210751089
1.917,864.6453417652658
1.9180000000000001,865.0762604564585
1.919,865.3609639580283
1.92,865.4763263869318
1.921,865.4152333118308
1.922,865.1869686751321
1.923,864.8159366528876
1.924,864.3388690764992
1.925,863.8008305528699
1.926,863.2504603607463
1.927,862.7349687681565
1.928,862.2954271398708
1.929,861.9628538759728
1.93,861.7555061317238
1.931,861.6776507222436
1.932,861.7199217970322
1.933,861.8611961605612
1.934,862.0717490647952
1.935,862.3173124654325
1.936,862.5635596353804
1.937,862.780495436481
1.938,862.946245298195
1.939,863.0498064083607
1.94,863.0924438729
1.941,863.0875693308083
1.942,863.0591124705703
1.943,863.0385678156632
1.944,863.0610508718748
1.945,863.1608123299025
1.946,863.3667236690236
1.947,863.6982549121527
1.948,864.1624144753811
1.949,864.7520175191369
1.95,865.4455042728246
1.951,866.2083593996316
1.952,866.9960063677278
1.953,867.7578865481855
1.954,868.4422995369769
1.955,869.0014937797508
1.956,869.3964647247881
1.957,869.6009451017167
1.958,869.6041556716121
1.959,869.412015867102
1.96,869.0466778785268
1.961,868.5444270399896
1.962,867.9521662472066
1.963,867.3228534941657
1.964,866.7103729215887
1.965,866.1643788949696
1.966,865.7256531684459
1.967,865.4224571672645
1.968,865.268251284272
1.969,865.2610029938096
1.97,865.3841320683401
1.971,865.6089633153537
1.972,865.8983945566733
1.973,866.2113578674504
1.974,866.5075695314152
1.975,866.7520376856257
1.976,866.9188289556776
1.977,866.9936827602928
1.978,866.9751945585584
1.979,866.8744523084255
1.98,866.7131856450072
1.981,866.5206552829649
1.982,866.3296522327017
1.983,866.1720768151059
1.984,866.0746150142271
1.985,866.0550191341933
1.986,866.1194321856058
1.987,866.261078396875
1.988,866.4604887002894
1.989,866.6872570144232
1.99,866.9031498457767
1.991,867.0662374305737
1.992,867.1355965246804
1.993,867.0760662408992
1.994,866.8625268024365
1.995,866.4832181979921
1.996,865.9417164822773
1.997,865.2573289317805
1.998,864.4638397761056
1.999,863.6067171099074
2.0,862.7390592262396
2.001,861.9166965836115
2.0020000000000002,861.1929587469588
2.003,860.61365365667
2.004,860.2127852509353
2.005,860.0094570753816
2.0060000000000002,860.0062826007025
2.007,860.1894613963457
2.008,860.5305017364708
2.009,860.9893941592333
2.0100000000000002,861.5188861873272
2.011,862.0693926678204
2.012,862.5940115714014
2.013,863.0531085421892
2.0140000000000002,863.417985556036
2.015,863.6732538300556
2.016,863.817676942646
2.017,863.8634207899439
2.0180000000000002,863.8338236326402
2.019,863.7599625658239
2.02,863.6764242944698
2.021,863.6167736525705
2.0220000000000002,863.6092435064865
2.023,863.6731413116985
2.024,863.8163839139718
2.025,864.0344425915235
2.0260000000000002,864.3108192966697
2.027,864.6190005258195
2.028,864.925666670939
2.029,865.1947908707967
2.0300000000000002,865.3921583365259
2.031,865.4897864098219
2.032,865.4697329680546
2.033,865.3268455327001
2.0340000000000003,865.070118520364
2.035,864.7224788682194
2.036,864.3189939420868
2.037,863.9036710298527
2.0380000000000003,863.5251754437571
2.039,863.2319168250317
2.04,863.0670270309446
2.041,863.06376970725
2.0420000000000003,863.2418792984402
2.043,863.605230311963
2.044,864.1410966277531
2.045,864.8210908863234
2.0460000000000003,865.6036940242293
2.047,866.438114517031
2.048,867.2690744722182
2.049,868.0420209470121
2.05,868.7082165207129
2.051,869.2291780296447
2.052,869.580004778961
2.053,869.7512594755034
2.054,869.7492231505784
2.055,869.5945220874979
2.056,869.3193008321996
2.057,868.9632714489937
2.058,868.5690882207979
2.059,868.1775660251112
2.06,867.8232722154647
2.061,867.5309749189006
2.062,867.3133305955569
2.063,867.1700517262008
2.064,867.0886274391953
2.065,867.0464944600973
2.066,867.0143924555296
2.067,866.9605047747821
2.068,866.8548975272538
2.069,866.6737366330001
2.07,866.4027876328821
2.071,866.0397838466959
2.072,865.5953759510988
2.073,865.0925360608879
2.074,864.5644641658943
2.075,864.0512148763095
2.076,863.5954089302677
2.077,863.2375004751078
2.078,863.0111258006383
2.079,862.9390557524893
2.08,863.0302126743863
2.081,863.2781000083578
2.082,863.6608408900728
2.083,864.1428478139392
2.084,864.6779678171534
2.085,865.2137861546879
2.086,865.6966438733751
2.087,866.076845104447
2.088,866.3135070874765
2.089,866.3785424955963
2.09,866.259355619561
2.091,865.9599713709687
2.092,865.5004838839284
2.093,864.9148913965249
2.094,864.2475564269453
2.095,863.5486762146311
2.096,862.8692520746578
2.097,862.2560964704636
2.098,861.7474078926195
2.099,861.369377160007
2.1,861.1341719999893
2.101,861.0394926981432
2.102,861.0697172996298
2.103,861.198479554083
2.104,861.3923658564
2.105,861.6152961189131
2.106,861.8330811238944
2.107,862.0176333278002
2.108,862.1503509040874
2.109,862.2242911393827
2.11,862.2448883368786
2.111,862.2291376063632
2.112,862.203340802839
2.113,862.1996749315824
2.114,862.2519782843244
2.115,862.3912403507453
2.116,862.6413179943485
2.117,863.0153783423386
2.118,863.5134906454934
2.119,864.1216635726604
2.12,864.8124648568496
2.121,865.5471845070059
2.122,866.2793303606629
2.123,866.959094672335
2.124,867.5383193717064
2.125,867.9754279709568
2.126,868.2397905928614
2.1270000000000002,868.3150455771462
2.128,868.2010105094035
2.129,867.9139654384356
2.13,867.4852651659799
2.1310000000000002,866.9584167923028
2.132,866.3849235807279
2.133,865.8193286318302
2.134,865.3139773546633
2.1350000000000002,864.9140469541097
2.136,864.653360957817
2.137,864.5514205387265
2.138,864.611951552557
2.1390000000000002,864.8231014058317
2.14,865.1592411920109
2.141,865.5841555720722
2.142,866.0552545641781
2.1430000000000002,866.5283339361707
2.144,866.9623559344698
2.145,867.3237255014478
2.146,867.5895983559925
2.1470000000000002,867.7498693920068
2.148,867.8076402409682
2.149,867.7781367920586
2.15,867.6862218559705
2.1510000000000002,867.56280564275
2.152,867.4405798422683
2.153,867.3495762147494
2.154,867.3130694146193
2.1550000000000002,867.3443042264096
2.156,867.4444339016554
2.157,867.6019192495181
2.158,867.793472783864
2.1590000000000003,867.9864569481452
2.16,868.1424797263481
2.161,868.2217932642086
2.162,868.1880068490879
2.1630000000000003,868.0125853243966
2.164,867.6786223806582
2.165,867.1834533280697
2.166,866.5397957918947
2.1670000000000003,865.7752657685905
2.168,864.9302932183368
2.169,864.0546364413309
2.17,863.2028486326991
2.1710000000000003,862.4291662472183
2.172,861.7823542875194
2.173,861.301051076706
2.174,861.010103573481
2.1750000000000003,860.9182793906208
2.176,861.0175948039453
2.177,861.2843252149172
2.178,861.681584628583
2.179,862.1631933744342
2.18,862.6784167877736
2.181,863.1770667456441
2.182,863.6144226497789
2.183,863.9554523994774
2.184,864.177894318934
2.185,864.2738889159289
2.186,864.2500105663025
2.187,864.1257259176009
2.188,863.9304784911585
2.189,863.6997486195202
2.19,863.4705480457211
2.191,863.2768671790348
2.192,863.1455938068565
2.193,863.0933650700182
2.194,863.1247061789184
2.195,863.2316618162621
2.196,863.3949559057115
2.197,863.5865413991978
2.198,863.7732433325219
2.199,863.9210732668462
2.2,863.999715332287
2.201,863.9866621452492
2.202,863.8705154092966
2.203,863.6530570735345
2.204,863.349832507256
2.205,862.9891523029156
2.206,862.6095957916403
2.207,862.2562676130291
2.208,861.9762000634071
2.209,861.813392728094
2.21,861.8040260311664
2.211,861.9723716562138
2.212,862.3278516217288
2.213,862.8635767869747
2.214,863.556537867069
2.215,864.3694448517352
2.216,865.2540334158323
2.217,866.155498879746
2.218,867.0175968218998
2.219,867.7878778580748
2.22,868.4225102106242
2.221,868.8901889953846
2.222,869.1747306637778
2.223,869.2760938195229
2.224,869.2097380136717
2.225,869.0044114268223
2.226,868.6986269366666
2.227,868.3362255115552
2.228,867.9615209682534
2.229,867.6145605889076
2.23,867.3270176442287
2.231,867.1191567476443
2.232,866.9981896412903
2.233,866.9581812629399
2.234,866.981491313089
2.235,867.0415644185293
2.236,867.1067314509747
2.237,867.1445722705239
2.238,867.1263285335675
2.239,867.0308510191171
2.24,866.8476196006842
2.241,866.5784795212662
2.242,866.2378832641949
2.243,865.8515968491687
2.244,865.4540039583123
2.245,865.0843014762049
2.246,864.7820079518286
2.247,864.5822878537308
2.248,864.5116201242876
2.249,864.5843064322361
2.25,864.8002261561381
2.251,865.1441111027466
2.2520000000000002,865.5864479337196
2.253,866.0859383522142
2.254,866.5932758540031
2.255,867.0558521422566
2.2560000000000002,867.4229022274498
2.257,867.6505463156358
2.258,867.7061945329915
2.259,867.5718465850814
2.2600000000000002,867.2459354677035
2.261,866.7435195956016
2.262,866.094804258781
2.263,865.3421518781838
2.2640000000000002,864.5359016179882
2.265,863.7294449493993
2.266,862.974081033788
2.267,862.3141959459025
2.2680000000000002,861.783270711835
2.269,861.4011293139032
2.27,861.1726996472336
2.271,861.0883931882945
2.2720000000000002,861.1260313096975
2.273,861.254077336482
2.274,861.4357921478045
2.275,861.6338328734373
2.2760000000000002,861.8147697286255
2.277,861.9530100314419
2.278,862.0336892380506
2.279,862.0542084189966
2.2800000000000002,862.024252599336
2.281,861.9642975052285
2.282,861.9027842141968
2.283,861.8722928503556
2.2840000000000003,861.9051609120891
2.285,862.029056306375
2.286,862.2630224678577
2.287,862.6144621771475
2.2880000000000003,863.0774234159616
2.289,863.6324061888209
2.29,864.2477396572568
2.291,864.8824029402659
2.2920000000000003,865.4900000418467
2.293,866.0234676659502
2.294,866.4400088498697
2.295,866.7057150290073
2.2960000000000003,866.7993678714091
2.297,866.7149970176963
2.298,866.4629015763265
2.299,866.0690075205017
2.3000000000000003,865.5726120705369
2.301,865.0227401496387
2.302,864.4734880169924
2.303,863.9788387715114
2.3040000000000003,863.5874915698248
2.305,863.3382448483744
2.306,863.2564137545892
2.307,863.3516499672465
2.308,863.6173804051874
2.309,864.0319066109638
2.31,864.5610279867462
2.311,865.1618890939229
2.312,865.7876217007102
2.313,866.3922702683275
2.314,866.935463951611
2.315,867.3863315827213
2.316,867.726244634606
2.317,867.9501068851582
2.318,868.0660735197878
2.319,868.0937585002463
2.32,868.0611576699652
2.321,868.0006575946434
2.322,867.9446008006285
2.323,867.9209257758951
2.324,867.9493896197289
2.325,868.0388137997674
2.326,868.1856766441624
2.327,868.3742229848247
2.328,868.5780888336744
2.329,868.7632663255866
2.33,868.8920806319309
2.331,868.9277332669061
2.332,868.8388983057953
2.333,868.6038471864229
2.334,868.2136253419618
2.335,867.6739048201708
2.336,867.0052802789196
2.337,866.2419456097053
2.338,865.4288662586717
2.339,864.6177285039417
2.34,863.8620831700874
2.341,863.2121924448984
2.342,862.7101244721673
2.343,862.3856171418911
2.344,862.2531524086144
2.345,862.3105542074618
2.346,862.5392605687044
2.347,862.9062415800222
2.348,863.3673589490123
2.349,863.8718092806423
2.35,864.3671785634666
2.351,864.8045722255181
2.352,865.1432802901774
2.353,865.3544910453132
2.354,865.4236732026802
2.355,865.3513939603575
2.356,865.1525124088548
2.357,864.8538653860691
2.358,864.4907266467737
2.359,864.1024520958326
2.36,863.7278094148367
2.361,863.4005203970946
2.362,863.1455155571209
2.363,862.9763164529885
2.364,862.893831125586
2.365,862.8866866563168
2.366,862.9330480682489
2.367,863.0037041037947
2.368,863.0660565754638
2.369,863.0885470121037
2.37,863.0450036842047
2.371,862.9183994577462
2.372,862.7035755344809
2.373,862.4086008759472
2.374,862.0545893017796
2.375,861.6739690563529
2.376,861.307373900741
2.3770000000000002,860.9994811669759
2.378,860.7942433119986
2.379,860.7300318023831
2.38,860.8352274881373
2.3810000000000002,861.1247480985908
2.382,861.5979057180858
2.383,862.2378456641543
2.384,863.0126485129274
2.3850000000000002,863.8779976451045
2.386,864.7811452628489
2.387,865.665768926622
2.388,866.4772137410838
2.3890000000000002,867.1675730251227
2.39,867.7000772893
2.391,868.05233576984
2.392,868.2180984883411
2.3930000000000002,868.207366274424
2.394,868.0448539459512
2.395,867.7669884383246
2.396,867.417779809083
2.3970000000000002,867.0440216859023
2.398,866.6903459871199
2.399,866.3946672931803
2.4,866.1845041128804
2.4010000000000002,866.0745629572511
2.402,866.0658279416683
2.403,866.1462295109262
2.404,866.2927895812302
2.4050000000000002,866.4749764345255
2.406,866.6588692050736
2.407,866.8116434901348
2.408,866.9058562003422
2.4090000000000003,866.9230328558737
2.41,866.8561412614355
2.411,866.7106628206274
2.412,866.5041324785213
2.4130000000000003,866.2641926176648
2.414,866.0253757603234
2.415,865.8249767554723
2.416,865.6984809738824
2.4170000000000003,865.6750690360252
2.418,865.7737146240648
2.419,866.0003302630231
2.42,866.3463032672622
2.4210000000000003,866.7886126634498
2.422,867.2915444477221
2.423,867.8098461098804
2.424,868.2930014225534
2.4250000000000003,868.6901807278399
2.426,868.9553443041974
2.427,869.0519555346406
2.428,868.9567989618325
2.4290000000000003,868.6624918368833
2.43,868.1784163124262
2.431,867.5299679095687
2.432,866.7561959193423
2.433,865.9060833236975
2.434,865.0338588661216
2.435,864.1938362445175
2.436,863.4353239046976
2.437,862.7981383587504
2.438,862.3091855986264
2.439,861.9804566223272
2.44,861.8086274390763
2.441,861.7762783263969
2.442,861.8545708945517
2.443,862.0070640247807
2.444,862.1942282421702
2.445,862.3781458202852
2.446,862.5268686976259
2.447,862.6179496114212
2.448,862.6407587507307
2.449,862.5973378142949
2.45,862.5017100398246
2.451,862.3777399820162
2.452,862.2558010631241
2.453,862.1686439398547
2.454,862.1469495111171
2.455,862.2150868301743
2.456,862.3875742066288
2.457,862.6666637917415
2.458,863.0413445524487
2.459,863.4878996360802
2.46,863.9719793208506
2.461,864.451979433634
2.462,864.8833663354047
2.463,865.2234799022181
2.464,865.4362876453239
2.465,865.4965628400911
2.466,865.3930174976771
2.467,865.1300310171016
2.468,864.7277654503941
2.469,864.2206321133758
2.47,863.6542527561544
2.471,863.0812221034676
2.472,862.5561093285186
2.473,862.1302195653443
2.474,861.8466636948584
2.475,861.7362523439347
2.476,861.8146418183027
2.477,862.0810251851921
2.478,862.518495640989
2.479,863.0960298089473
2.48,863.7718653360374
2.481,864.4978990194581
2.482,865.2246248341679
2.483,865.9060772403698
2.484,866.5042497859934
2.485,866.9925215911652
2.486,867.3577377451763
2.487,867.6007413102179
2.488,867.7353276721448
2.489,867.7857672426873
2.49,867.7832006262099
2.491,867.7613338721104
2.492,867.7519367488474
2.493,867.780665855717
2.494,867.8636948497024
2.495,868.0055405957397
2.496,868.1983371117368
2.497,868.4226440510577
2.498,868.64970154483
2.499,868.8448780018626
2.5,868.9719203544191
2.501,868.9975225562316
2.5020000000000002,868.8956883957162
2.503,868.6513834257423
2.504,868.2630461009704
2.505,867.7436518583721
2.5060000000000002,867.1201823142047
2.507,866.4315275471207
2.508,865.7250232068558
2.509,865.0519767325058
2.5100000000000002,864.4626513904507
2.511,864.0012404270731
2.512,863.7013692305453
2.513,863.5826102342346
2.5140000000000002,863.6483890577863
2.515,863.885512596876
2.516,864.265376540625
2.517,864.7467300250003
2.5180000000000002,865.279708457498
2.519,865.8107101784979
2.52,866.2876033307243
2.521,866.664715806783
2.5220000000000002,866.9070870288731
2.523,866.9935426614906
2.524,866.918283052858
2.525,866.6908389444666
2.5260000000000002,866.3344258728632
2.527,865.8829021713548
2.528,865.376685537286
2.529,864.8580933509126
2.5300000000000002,864.3666303200974
2.531,863.9347473213098
2.532,863.5845376708119
2.533,863.3257280442198
2.5340000000000003,863.1551730866223
2.535,863.0578919486111
2.536,863.0095105565867
2.537,862.9798147678259
2.5380000000000003,862.9369942962054
2.539,862.8520793342751
2.54,862.7030498019141
2.541,862.4781335735308
2.5420000000000003,862.1779008477838
2.543,861.8158969642407
2.544,861.4177204548762
2.545,861.0186286912445
2.5460000000000003,860.6599206459201
2.547,860.3844864296065
2.548,860.2320107553046
2.549,860.2343613730354
2.5500000000000003,860.4116787743955
2.551,860.7696115163626
2.552,861.2980201071198
2.553,861.9713147520272
2.5540000000000003,862.7504156122055
2.555,863.5861479406922
2.556,864.423727882491
2.557,865.2078750662994
2.5580000000000003,865.8880185529268
2.559,866.4230509260632
2.56,866.7851326664547
2.561,866.9621503047988
2.562,866.9585761420996
2.563,866.7946487909247
2.564,866.5039736848147
2.565,866.1298113706814
2.566,865.7204604332541
2.567,865.3242361657278
2.568,864.9845853948435
2.569,864.735858041935
2.57,864.600179407764
2.571,864.5857424000129
2.572,864.6866798554485
2.573,864.8845013722722
2.574,865.1509060942158
2.575,865.4516317676661
2.576,865.7508877707784
2.577,866.0158580515321
2.578,866.2207557292942
2.579,866.3499648499118
2.58,866.3999103618958
2.581,866.3794429863451
2.582,866.3086950414802
2.583,866.2165375777461
2.584,866.1369289618152
2.585,866.1045725030748
2.586,866.1503816065986
2.587,866.2972761774382
2.588,866.5568006684014
2.589,866.9269658213098
2.59,867.3915824630392
2.591,867.9211913812799
2.592,868.4755164363539
2.593,869.0071981988428
2.594,869.4664213361212
2.595,869.8059466903128
2.596,869.9860099036446
2.597,869.9785581219099
2.598,869.7703638499481
2.599,869.3646731842564
2.6,868.7812015731679
2.601,868.054466955652
2.602,867.2306283099495
2.603,866.3631578314552
2.604,865.5077996496578
2.605,864.7173435712507
2.606,864.0367605729747
2.607,863.4992057266306
2.608,863.1232984855457
2.609,862.9119503592976
2.61,862.8528413467654
2.611,862.9204676171886
2.612,863.0795134499601
2.613,863.2891589249589
2.614,863.507836746475
2.615,863.6979075283211
2.616,863.8297375340439
2.617,863.8847344398807
2.618,863.8570170788872
2.619,863.7535508653075
2.62,863.592754336478
2.621,863.4017546678731
2.622,863.2126219684591
2.623,863.0580267882816
2.624,862.9668298579197
2.625,862.9601204737343
2.626,863.0481693316905
2.6270000000000002,863.2286586176092
2.628,863.4864082170606
2.629,863.7946479965283
2.63,864.1177109940371
2.6310000000000002,864.4148605153372
2.632,864.6448335890017
2.633,864.7705985789128
2.634,864.7637955189247
2.6350000000000002,864.6083573420048
2.636,864.3028955475238
2.637,863.8615657437447
2.638,863.3132925248681
2.6390000000000002,862.6994113308527
2.64,862.0699577386564
2.641,861.4789830510692
2.642,860.9793827427776
2.6430000000000002,860.6177794058814
2.644,860.4299981878039
2.645,860.4376106546961
2.646,860.6459092741624
2.6470000000000002,861.0435216948513
2.648,861.6036984180594
2.649,862.2871284900493
2.65,863.045975037366
2.6510000000000002,863.8286935784392
2.652,864.5851150923421
2.653,865.2712515513866
2.654,865.8533165347395
2.6550000000000002,866.310543636317
2.656,866.6365206032362
2.657,866.8389224866349
2.658,866.9377042623017
2.6590000000000003,866.9619828233575
2.66,866.9459812896482
2.661,866.9245094951516
2.662,866.9285022624673
2.6630000000000003,866.9811265045007
2.664,867.0949006187619
2.665,867.27015267952
2.666,867.494990670608
2.6670000000000003,867.7467855339421
2.668,867.9949953542014
2.669,868.2050057720847
2.67,868.3425447999756
2.6710000000000003,868.3781626665411
2.672,868.2912567352903
2.673,868.0731692109682
2.674,867.7289860957986
2.6750000000000003,867.2778086254998
2.676,866.7514374727801
2.677,866.1915866875074
2.678,865.6459091049662
2.6790000000000003,865.1632495339873
2.68,864.7886314704632
2.681,864.5585173563809
2.682,864.496857569389
2.6830000000000003,864.6123619358236
2.684,864.8972983921873
2.685,865.3279605241611
2.686,865.866766860463
2.6870000000000003,866.4657795344328
2.688,867.0712774142559
2.689,867.6289057224585
2.69,868.0888628754177
2.691,868.4105824532153
2.692,868.5664241249385
2.693,868.5439958290407
2.694,868.346878607425
2.695,867.9936988358667
2.696,867.5156711623342
2.697,866.9528996928506
2.698,866.3498568932122
2.699,865.7505449283434
2.7,865.1938735253946
2.701,864.7097588797419
2.702,864.3163630829168
2.703,864.0187626084422
2.704,863.8091721657863
2.705,863.6686747758254
2.706,863.5702397199047
2.707,863.482665836613
2.708,863.3749844611253
2.709,863.220805540061
2.71,863.0020977113393
2.711,862.7119575793337
2.712,862.3560378644032
2.713,861.9524558380272
2.714,861.5301756042862
2.715,861.1260312126249
2.716,860.7807129827918
2.717,860.5341594626257
2.718,860.4208686872736
2.719,860.465656810001
2.72,860.6803479515185
2.721,861.0617809672165
2.722,861.5913774269645
2.723,862.2363459029357
2.724,862.9524192249545
2.725,863.6878532996368
2.726,864.3882769002463
2.727,865.0018868721946
2.728,865.4844429770233
2.729,865.8035356262349
2.73,865.9416760444759
2.731,865.897883672238
2.732,865.6876062165655
2.733,865.3409861517564
2.734,864.8996641780919
2.735,864.4124658744221
2.736,863.9304355515162
2.737,863.5017483272172
2.738,863.1670404845003
2.739,862.9556483956262
2.74,862.8831433166625
2.741,862.9504046306917
2.742,863.144303669472
2.743,863.4398928975334
2.744,863.8038305489797
2.745,864.1986368830728
2.746,864.587289759191
2.747,864.9376338686301
2.748,865.2261032385414
2.749,865.4403375900894
2.75,865.5804006775262
2.751,865.6584685980298
2.7520000000000002,865.697030415766
2.753,865.7258128638622
2.754,865.7777865041114
2.755,865.884716306379
2.7560000000000002,866.0727733645506
2.757,866.3587203426166
2.758,866.7471216062746
2.759,867.2289165825389
2.7600000000000002,867.7815440783701
2.761,868.3706327269562
2.762,868.9530974998492
2.763,869.4813237362193
2.7640000000000002,869.9079959936425
2.765,870.1910530548234
2.766,870.2982311775388
2.767,870.2106974577281
2.7680000000000002,869.9253697951078
2.769,869.4556591696797
2.77,868.830538596749
2.771,868.0920228112674
2.7720000000000002,867.2913137908237
2.773,866.484010940589
2.774,865.7248854013923
2.775,865.0627644914533
2.7760000000000002,864.536059671281
2.777,864.1694010374279
2.778,863.9717209451492
2.779,863.9359721541894
2.7800000000000002,864.0404891318472
2.781,864.2518242048177
2.782,864.5287324910948
2.783,864.8268581935141
2.7840000000000003,865.103603094251
2.785,865.3226436716365
2.786,865.4576075595679
2.787,865.4945180070534
2.7880000000000003,865.4327555882804
2.789,865.284453992545
2.79,865.0724226660186
2.791,864.8268538670727
2.7920000000000003,864.5812070791013
2.793,864.3677547230789
2.794,864.2133096812602
2.795,864.1356332778897
2.7960000000000003,864.1409445372042
2.797,864.2228264332642
2.798,864.362666384692
2.799,864.5315940591454
2.8000000000000003,864.6937090212557
2.801,864.8102428788753
2.802,864.844191860704
2.803,864.7648983813016
2.8040000000000003,864.5520606365092
2.805,864.1987077488934
2.806,863.7127881605539
2.807,863.1171688350339
2.8080000000000003,862.4480159609703
2.809,861.7517052287462
2.81,861.0805718553181
2.811,860.4879394870605
2.8120000000000003,860.022948660534
2.813,859.7257305835958
2.814,859.623437745651
2.815,859.72755292176
2.816,860.032762263207
2.817,860.5175111750341
2.818,861.1461817955419
2.819,861.8726577555612
2.82,862.6448944037927
2.821,863.4100069145891
2.822,864.1193361341799
2.823,864.7329583098742
2.824,865.2231691583207
2.825,865.5765878681763
2.826,865.7946798317773
2.827,865.8926712300138
2.828,865.897004831337
2.829,865.8416451127766
2.83,865.7636646351637
2.831,865.6986189578197
2.832,865.676236085667
2.833,865.7169066013389
2.834,865.8293668192981
2.835,866.0098300461959
2.836,866.2426556759312
2.837,866.5024708215877
2.838,866.7574939807325
2.839,866.9736732390865
2.84,867.1191580018162
2.841,867.1685836427475
2.842,867.106667244175
2.843,866.9306877560934
2.844,866.6515471729838
2.845,866.2932671051936
2.846,865.89094996456
2.847,865.4874065275142
2.848,865.1288027422412
2.849,864.8597915045814
2.85,864.7186571298766
2.851,864.7330043754314
2.852,864.9164694726968
2.853,865.2668235112309
2.854,865.7656902961448
2.855,866.3799276373823
2.856,867.0645418493704
2.857,867.7668396548868
2.858,868.4313878361708
2.859,869.0052635292774
2.86,869.4430466007514
2.861,869.7110335263825
2.862,869.7902365393956
2.863,869.6778632790767
2.864,869.3871363380446
2.865,868.9454909894982
2.866,868.391363391665
2.867,867.769931691438
2.868,867.1282823104175
2.869,866.5105313724921
2.87,865.9534305598154
2.871,865.4829279320835
2.872,865.1120440763
2.873,864.840274688342
2.874,864.65455893097
2.875,864.5316777257395
2.876,864.4417869257492
2.8770000000000002,864.3526646929756
2.878,864.2341742383137
2.879,864.0624209738581
2.88,863.8231194565486
2.8810000000000002,863.5137761722209
2.882,863.1444290975642
2.883,862.7368490594075
2.884,862.3222829198396
2.8850000000000002,861.9379850649123
2.886,861.6229230119262
2.887,861.4131396110396
2.888,861.3372974477251
2.8890000000000002,861.4129157146923
2.89,861.643737542281
2.891,862.0185443850278
2.892,862.5115768335096
2.8930000000000002,863.0845454134385
2.894,863.6900398908616
2.895,864.2759906179701
2.896,864.7907176477796
2.8970000000000002,865.1880357728882
2.898,865.4318738523585
2.899,865.4999159881182
2.9,865.3858750250845
2.9010000000000002,865.1001543010505
2.902,864.6688257099569
2.903,864.1310321772474
2.904,863.5350909206123
2.9050000000000002,862.9337120169697
2.906,862.3788397607398
2.907,861.9166619876254
2.908,861.5833109324226
2.9090000000000003,861.4017007795276
2.91,861.3798205735886
2.911,861.5106405753316
2.912,861.773613187362
2.9130000000000003,862.1375757195344
2.914,862.5647106181266
2.915,863.0151059697804
2.916,863.4513974199283
2.9170000000000003,863.8429687609126
2.918,864.16924259921
2.919,864.4216985418093
2.92,864.6044023583984
2.9210000000000003,864.7329992781986
2.922,864.8322990622229
2.923,864.9327403337927
2.924,865.0661490667372
2.9250000000000003,865.2612869372343
2.926,865.5397104270406
2.927,865.9124282759542
2.928,866.3777567568417
2.9290000000000003,866.9206390087626
2.93,867.5135310458436
2.931,868.1187811806568
2.932,868.6922609648009
2.9330000000000003,869.1878630903708
2.934,869.5623809075112
2.935,869.7802365898546
2.936,869.8175359650362
2.9370000000000003,869.6649966075681
2.938,869.3294145991493
2.939,868.8334914828765
2.94,868.2140193291167
2.9410000000000003,867.5185991925094
2.942,866.8012271393571
2.943,866.1172050361187
2.944,865.5179069108091
2.945,865.0459478389297
2.946,864.731259175825
2.947,864.5884762697789
2.948,864.6159032384402
2.949,864.7961494743718
2.95,865.098352862747
2.951,865.4817348981559
2.952,865.9000915227883
2.953,866.3067259726155
2.954,866.6592867708648
2.955,866.9239898123051
2.956,867.0787763082935
2.957,867.1150800085559
2.958,867.0380340159812
2.959,866.865122238448
2.96,866.6234537148213
2.961,866.3459905519366
2.962,866.0671751750182
2.963,865.8184673612869
2.964,865.624309003565
2.965,865.498983998456
2.966,865.4447377643882
2.967,865.4513771602641
2.968,865.4974030145182
2.969,865.5525528606208
2.97,865.5814702598647
2.971,865.5480872529637
2.972,865.4202225322682
2.973,865.1738693090451
2.974,864.7966768892114
2.975,864.2902154989439
2.976,863.6707456045252
2.977,862.9683764106171
2.978,862.2246754252537
2.979,861.4889624213904
2.98,860.8136678755762
2.981,860.2492417830065
2.982,859.8391518735077
2.983,859.615504704015
2.984,859.5957593428988
2.985,859.780888251509
2.986,860.1551860172765
2.987,860.6877505838187
2.988,861.335482770059
2.989,862.0472877038561
2.99,862.7690340182952
2.991,863.4487471977429
2.992,864.0414909376717
2.993,864.5134271674932
2.994,864.8446373407903
2.995,865.0304245343516
2.996,865.080982703957
2.997,865.0194977511762
2.998,864.8789152594786
2.999,864.6977531848502
3.0,864.5154387445851
3.001,864.3676962562188
3.0020000000000002,864.2825016704116
3.003,864.2770514188408
3.004,864.3560756696621
3.005,864.511672307807
3.0060000000000002,864.7246650861191
3.007,864.9673166708053
3.008,865.2070739407276
3.009,865.4109059455427
3.0100000000000002,865.5497273893129
3.011,865.6023899081848
3.012,865.5587709625095
3.013,865.4215906251161
3.0140000000000002,865.2067288062659
3.015,864.9419837547811
3.016,864.6643883515919
3.017,864.4163642607284
3.0180000000000002,864.2411272302585
3.019,864.177844872788
3.02,864.257081203031
3.021,864.4970362383158
3.0220000000000002,864.9010067441409
3.023,865.4563646089073
3.024,866.1351864755304
3.025,866.8964899458927
3.0260000000000002,867.6898574395661
3.027,868.4600777432363
3.028,869.1523240197743
3.029,869.717327792571
3.0300000000000002,870.116007718505
3.031,870.3230699280904
3.032,870.3292070254154
3.033,870.1416734443081
3.0340000000000003,869.7831892773955
3.035,869.2893038555806
3.036,868.7045146772323
3.037,868.0775688383426
3.0380000000000003,867.4564585862712
3.039,866.8836508910356
3.04,866.3920600701899
3.041,866.0021860937527
3.0420000000000003,865.72070891806
3.043,865.5406657684063
3.044,865.4431618317925
3.045,865.4003948583559
3.0460000000000003,865.3796294762064
3.047,865.3476535490134
3.048,865.2751980159949
3.049,865.1408088828261
3.0500000000000003,864.9337244704809
3.051,864.655425430489
3.052,864.3196766193046
3.053,863.9510517926892
3.0540000000000003,863.5821050859867
3.055,863.2495081105121
3.056,862.9895909453147
3.057,862.8337959772546
3.0580000000000003,862.8045674751472
3.059,862.9121552891052
3.06,863.1527129277554
3.061,863.507929214218
3.0620000000000003,863.9462642537861
3.063,864.425683118963
3.064,864.8976140415895
3.065,865.3117204229177
3.0660000000000003,865.6209828776065
3.067,865.7865492003253
3.068,865.7818309551427
3.069,865.5954032097067
3.0700000000000003,865.2323903693784
3.071,864.7141823611815
3.072,864.0765039828522
3.073,863.3660365697068
3.074,862.6359459784187
3.075,861.9407873329478
3.076,861.3313223272279
3.077,860.8497920432867
3.078,860.5261365192
3.079,860.3755474457587
3.08,860.3975939643233
3.081,860.5769897070379
3.082,860.8858908582102
3.083,861.2874497021572
3.084,861.7402139680042
3.085,862.2028739324545
3.086,862.6388262708201
3.087,863.0200495048059
3.088,863.3298675356253
3.089,863.5643059715369
3.09,863.7319064255862
3.091,863.8520387927842
3.092,863.951921269656
3.093,864.0627036898987
3.094,864.2150754232403
3.095,864.4349128844439
3.096,864.7394776454737
3.097,865.1346146726082
3.098,865.6132881274484
3.099,866.1556418995085
3.1,866.7306002470201
3.101,867.2988496840491
3.102,867.8168859342766
3.103,868.2416868977552
3.104,868.53549788561
3.105,868.6701973023987
3.106,868.6307516875492
3.107,868.4173642658519
3.108,868.0460605788982
3.109,867.5476231599506
3.11,866.964966140634
3.111,866.3492105149556
3.112,865.7548628803212
3.113,865.2345991966472
3.114,864.8341995704368
3.115,864.5881653446494
3.116,864.5164774135824
3.117,864.6228325641395
3.118,864.8945361076677
3.119,865.3040514383002
3.12,865.8120298483367
3.121,866.3714863133048
3.122,866.9326662152994
3.123,867.4480772224626
3.124,867.8771473975648
3.125,868.190016342238
3.126,868.3700655941075
3.1270000000000002,868.4149364855232
3.128,868.3359524818385
3.129,868.1560399568048
3.13,867.9064068839227
3.1310000000000002,867.6223747728816
3.132,867.338850415739
3.133,867.08596064012
3.134,866.8853513629888
3.1350000000000002,866.7475743496934
3.136,866.6708599589689
3.137,866.641415773445
3.138,866.6352170353862
3.1390000000000002,866.6210846135737
3.14,866.5646987856663
3.141,866.4330888803814
3.142,866.1990818971133
3.1430000000000002,865.8451940394525
3.144,865.3665077016898
3.145,864.7721864690847
3.146,864.0854300645764
3.1470000000000002,863.3418434521913
3.148,862.5863704832874
3.149,861.8691030720513
3.15,861.2404041202724
3.1510000000000002,860.7458621348077
3.152,860.4216187621441
3.153,860.2905745720793
3.154,860.3598871339193
3.1550000000000002,860.6200386186663
3.156,861.0455827198755
3.157,861.597500884741
3.158,862.2269253280137
3.1590000000000003,862.8798399192498
3.16,863.5022657820083
3.161,864.0453876955111
3.162,864.4700856484974
3.1630000000000003,864.750402191584
3.164,864.875593233633
3.165,864.85056473992
3.166,864.6946733918106
3.1670000000000003,864.4390463775848
3.168,864.1227346857115
3.169,863.7881381516473
3.17,863.4762155715443
3.1710000000000003,863.2220113462337
3.172,863.0509895486476
3.173,862.9765716892629
3.174,862.999136416636
3.1750000000000003,863.1065733415918
3.176,863.2763075949931
3.177,863.4785461300133
3.178,863.6803595423114
3.1790000000000003,863.8501195282355
3.18,863.9617724137073
3.181,863.9984478585783
3.182,863.9549767936845
3.1830000000000003,863.8390155583108
3.184,863.6706304287786
3.185,863.480370803647
3.186,863.3060308914963
3.1870000000000003,863.1884497407555
3.188,863.1668111297505
3.189,863.2739656875405
3.19,863.532300733366
3.1910000000000003,863.9506281675333
3.192,864.5224532196358
3.193,865.2258386547891
3.194,866.0249063578045
3.1950000000000003,866.8728399891048
3.196,867.7160882083105
3.197,868.4993358531376
3.198,869.170725001341
3.1990000000000003,869.6867784829086
3.2,870.0165084485509
3.201,870.1442788216477
3.202,870.0711234815204
3.203,869.8143873282763
3.204,869.405736906193
3.205,868.8877614024506
3.206,868.3095345820467
3.207,867.7216172510279
3.208,867.1710363263994
3.209,866.6967744827641
3.21,866.3262440372206
3.211,866.0731070143544
3.212,865.9366526324172
3.213,865.9027704667791
3.214,865.9463813966006
3.215,866.0350285571011
3.216,866.1332045036997
3.217,866.2069124759682
3.218,866.2279375652804
3.219,866.1773400453006
3.22,866.0477739427295
3.221,865.8443689154805
3.222,865.5840775899535
3.223,865.293565395692
3.224,865.0058861402118
3.225,864.7563255689181
3.226,864.5778914477029
3.227,864.4969715114106
3.228,864.5296650858611
3.229,864.6792219240539
3.23,864.9349006977174
3.231,865.2724029736
3.232,865.6558636531361
3.233,866.041205085739
3.234,866.3805086173638
3.235,866.6269412362997
3.236,866.7397091666907
3.237,866.688502154604
3.238,866.4569428640269
3.239,866.0446598536212
3.24,865.4677487610505
3.241,864.7575586577211
3.242,863.9579202354282
3.243,863.1210999041518
3.244,862.3029007075897
3.245,861.5574222386449
3.246,860.9320274931288
3.247,860.4630409581273
3.248,860.1726218283466
3.249,860.0671279390709
3.25,860.1371239041035
3.251,860.3590088494127
3.2520000000000002,860.6980645682769
3.253,861.1125730037052
3.254,861.5585392799759
3.255,861.9944953034303
3.2560000000000002,862.3858557900313
3.257,862.7083536047054
3.258,862.95018825066
3.259,863.1126682433262
3.2600000000000002,863.2092985710672
3.261,863.2634395326443
3.262,863.3048235159243
3.263,863.3653439740335
3.2640000000000002,863.4746118221558
3.265,863.6557997674543
3.266,863.9222619205007
3.267,864.2753281263124
3.2680000000000002,864.7035395761695
3.269,865.183429188191
3.27,865.6817751034379
3.271,866.159087916945
3.2720000000000002,866.5739506306832
3.273,866.8877305917616
3.274,867.069136059911
3.275,867.0981018693501
3.2760000000000002,866.9685577926722
3.277,866.6897522214492
3.278,866.2859596716212
3.279,865.7945763279274
3.2800000000000002,865.2627840708279
3.281,864.7431207996909
3.282,864.2884160392026
3.283,863.9466224089554
3.2840000000000003,863.7560875976524
3.285,863.7417663727493
3.286,863.9127727276664
3.287,864.2615293396146
3.2880000000000003,864.7646006749025
3.289,865.3851159905265
3.29,866.0765188070386
3.291,866.7872386830263
3.2920000000000003,867.4657846347803
3.293,868.0657177744638
3.294,868.5499781278719
3.295,868.8941150789141
3.2960000000000003,869.0880941434116
3.297,869.1365111241826
3.298,869.0572206316111
3.299,868.8785600552383
3.3000000000000003,868.635503167362
3.301,868.3651928067098
3.302,868.1023669122494
3.303,867.8751995311422
3.3040000000000003,867.7020276518009
3.305,867.5893315853796
3.306,867.5311926979979
3.307,867.510283649968
3.3080000000000003,867.5002717239897
3.309,867.4693547668948
3.31,867.384519671498
3.311,867.2160296411995
3.3120000000000003,866.9416180773342
3.313,866.5498970497129
3.314,866.0425737094886
3.315,865.4351993040232
3.3160000000000003,864.7563381805846
3.317,864.0452203415847
3.318,863.3481112418889
3.319,862.7137777354466
3.3200000000000003,862.1885332384306
3.321,861.8113966363408
3.322,861.6098923721362
3.323,861.5969541040396
3.3240000000000003,861.7692782923572
3.325,862.1073196637743
3.326,862.5769445476692
3.327,863.1325798095852
3.3280000000000003,863.7215340241956
3.329,864.2890412652893
3.33,864.7835002643491
3.331,865.161361191844
3.332,865.3911511711464
3.333,865.4562235596226
3.334,865.3559547039405
3.335,865.1052800763297
3.336,864.732640981178
3.337,864.2765837495607
3.338,863.7813968435621
3.339,863.2922719244037
3.34,862.8505217911227
3.341,862.4893761997097
3.342,862.2308074345692
3.343,862.083718938446
3.344,862.0436755642471
3.345,862.0941803126073
3.346,862.2093290479544
3.347,862.3575208622218
3.348,862.5057845090297
3.349,862.6242136222106
3.35,862.6899927210645
3.351,862.6905434283328
3.352,862.6254205766913
3.353,862.5067297885321
3.354,862.3580058920255
3.355,862.2116665174526
3.356,862.1053179227706
3.357,862.0773223897677
3.358,862.1621236244343
3.359,862.3858586866287
3.36,862.7627583384433
3.361,863.2927551035143
3.362,863.9605887292958
3.363,864.7365363096421
3.364,865.5787168762821
3.365,866.4367473151117
3.366,867.2563770570273
3.367,867.9846196236032
3.368,868.5748418865696
3.369,868.9912732216055
3.37,869.2124565715123
3.371,869.2332753261829
3.372,869.0653417031975
3.373,868.7357074180347
3.374,868.284036749196
3.375,867.7585460529032
3.376,867.2111444780649
3.3770000000000002,866.6922938461076
3.378,866.246132383676
3.379,865.9063744286833
3.38,865.6934100831841
3.3810000000000002,865.6128948696694
3.382,865.6559545837694
3.383,865.8009529257579
3.384,866.0165987044727
3.3850000000000002,866.2660242205618
3.386,866.5113627737858
3.387,866.7183024133137
3.388,866.8601005182803
3.3890000000000002,866.9206085654066
3.39,866.8959711827731
3.391,866.7948154548004
3.392,866.6369184870518
3.3930000000000002,866.4505142934587
3.394,866.2685558651928
3.395,866.124367582595
3.396,866.0471936397154
3.3970000000000002,866.0581619746143
3.398,866.1671387304814
3.399,866.3708503691067
3.4,866.6525100051362
3.4010000000000002,866.9830168530524
3.402,867.3236214324619
3.403,867.6297838934204
3.404,867.8558168561287
3.4050000000000002,867.9598126552845
3.406,867.908318102859
3.407,867.6802420774824
3.408,867.2695601621914
3.4090000000000003,866.6865076795311
3.41,865.9571139859011
3.411,865.1211091534151
3.412,864.2284096894107
3.4130000000000003,863.3345435018466
3.414,862.4954890876661
3.415,861.7624673206461
3.416,861.1772292953392
3.4170000000000003,860.7683298896272
3.418,860.548769941572
3.419,860.5152419043741
3.42,860.649040771745
3.4210000000000003,860.9185229117386
3.422,861.2828298125438
3.423,861.6964597203294
3.424,862.1141823282649
3.4250000000000003,862.4957595459668
3.426,862.8099622860068
3.427,863.0374559905289
3.428,863.172256978452
3.4290000000000003,863.2216231973847
3.43,863.2044186687889
3.431,863.1481613378718
3.432,863.0851103143353
3.4330000000000003,863.0478544482866
3.434,863.0649181420713
3.435,863.156896340077
3.436,863.3335692736237
3.4370000000000003,863.5923356399196
3.438,863.9181529378427
3.439,864.2850023659922
3.44,864.6587220817863
3.4410000000000003,865.0008960613765
3.442,865.2733637519611
3.443,865.4428418271171
3.444,865.4851319788328
3.4450000000000003,865.3884298982798
3.446,865.1553460198836
3.447,864.8033878354742
3.448,864.3638213712043
3.4490000000000003,863.8790073209956
3.45,863.3984757567572
3.451,862.9741437058789
3.452,862.6551766765687
3.4530000000000003,862.4830376686753
3.454,862.4872505387767
3.455,862.6823304927491
3.456,863.0662109656752
3.457,863.6203366587599
3.458,864.3114144328209
3.459,865.0946365488977
3.46,865.9180337464059
3.461,866.7274959857489
3.462,867.4719293805508
3.463,868.1080063967656
3.464,868.6040139398466
3.465,868.9424051496391
3.466,869.1208043550727
3.467,869.1513848425561
3.468,869.0587171053934
3.469,868.8763514835622
3.47,868.642535323781
3.471,868.3955560815176
3.472,868.1692382248712
3.473,867.9890995327071
3.474,867.8695940451152
3.475,867.8127433562082
3.476,867.8082991836297
3.477,867.8354059091594
3.478,867.8655614617971
3.479,867.8665274618311
3.48,867.8067313705855
3.481,867.6596465457861
3.482,867.4076369446242
3.483,867.0448117072059
3.484,866.5785445596904
3.485,866.0294617814305
3.486,865.4298739179962
3.487,864.8208014960105
3.488,864.2479042778587
3.489,863.7567493708447
3.49,863.3879317357444
3.491,863.1725825111508
3.492,863.128763475588
3.493,863.2591538025076
3.494,863.5502979950103
3.495,863.9735164733708
3.496,864.4874010267623
3.497,865.0416458580979
3.498,865.5818200446747
3.499,866.054584805211
3.5,866.4128102542627
3.501,866.6200566978406
3.5020000000000002,866.6539538602075
3.503,866.5081302556192
3.504,866.192501220324
3.505,865.7319007868932
3.5060000000000002,865.1632202825994
3.507,864.5313758407709
3.508,863.8845505469236
3.509,863.2692312718796
3.5100000000000002,862.725577371897
3.511,862.2836166642533
3.512,861.960668202863
3.513,861.7602521190441
3.5140000000000002,861.6725796541018
3.515,861.676540035624
3.516,861.742934578202
3.517,861.8385707012106
3.5180000000000002,861.9307346419763
3.519,861.9915218284266
3.52,862.001522485327
3.521,861.9524349299552
3.5220000000000002,861.8483017781606
3.523,861.7052212356281
3.524,861.5495593066992
3.525,861.4148597731127
3.5260000000000002,861.3377981198228
3.527,861.3536365491262
3.528,861.4916973990239
3.529,861.7713748527443
3.5300000000000002,862.1991493511915
3.531,862.7669615826219
3.532,863.4521550788767
3.533,864.219024528066
3.5340000000000003,865.021829843232
3.535,865.8089733335089
3.536,866.527906988022
3.537,867.1302533495083
3.5380000000000003,867.5765960419903
3.539,867.8404278822774
3.54,867.9108322932516
3.541,867.7936079440541
3.5420000000000003,867.5107125582452
3.543,867.0980815437979
3.544,866.602050885266
3.545,866.074762621735
3.5460000000000003,865.569038969708
3.547,865.1332660113555
3.548,864.8068239348024
3.549,864.6165386178426
3.5500000000000003,864.5745158151245
3.551,864.6775668928193
3.552,864.9082607460443
3.553,865.2374594137658
3.5540000000000003,865.6280344294889
3.555,866.0393347017695
3.556,866.431898490604
3.557,866.7718802990992
3.5580000000000003,867.0347004523525
3.559,867.207516519666
3.56,867.2902512764019
3.561,867.2950764543139
3.5620000000000003,867.2444267593186
3.563,867.1677850461081
3.564,867.0976186261636
3.565,867.0649429856471
3.5660000000000003,867.0950319877188
3.567,867.2037781498209
3.568,867.3951345037253
3.569,867.659948826838
3.5700000000000003,867.9763450398405
3.571,868.3116325855749
3.572,868.6255519399649
3.573,868.8745122431807
3.5740000000000003,869.0163623255221
3.575,869.0151719718855
3.576,868.8454934207921
3.577,868.4956247817967
3.5780000000000003,867.9695017732156
3.579,867.2869905669761
3.58,866.4825266041495
3.581,865.6022231831931
3.5820000000000003,864.6997398090695
3.583,863.8313354864064
3.584,863.0506214883725
3.585,862.4035617996792
3.586,861.9242436857074
3.587,861.6318584650612
3.588,861.5292025556478
3.589,861.6028454423588
3.59,861.8249322533784
3.591,862.1564136996444
3.592,862.551344335239
3.593,862.9617779815397
3.594,863.3427288916438
3.595,863.6566652666456
3.596,863.8770581054105
3.597,863.9906166918371
3.598,863.9979902087238
3.599,863.9128865573106
3.6,863.7597354489968
3.601,863.5701837629821
3.602,863.3788392703171
3.603,863.2187600071555
3.604,863.117211944977
3.605,863.0921844500181
3.606,863.1500651294
3.607,863.28474287201
3.608,863.4782450247554
3.609,863.7028398483026
3.61,863.9243681438425
3.611,864.1064268765665
3.612,864.2149284920682
3.613,864.2225135416722
3.614,864.1123064460542
3.615,863.880573525084
3.616,863.5379612731488
3.617,863.109148233437
3.618,862.6309186290869
3.619,862.1488408714679
3.62,861.7128898598635
3.621,861.3724713643217
3.622,861.1713764791779
3.623,861.1432063326041
3.624,861.3077604371475
3.625,861.6687812537524
3.626,862.2133036461427
3.6270000000000002,862.9126865965977
3.628,863.7252245333832
3.629,864.600066547041
3.63,865.4820321155704
3.6310000000000002,866.3168169604058
3.632,867.0560426583833
3.633,867.6616229456117
3.634,868.1089960652538
3.6350000000000002,868.388897568417
3.636,868.5075078834727
3.637,868.4849861255396
3.638,868.3525765588088
3.6390000000000002,868.1486276614348
3.64,867.9139790772185
3.641,867.6872363094081
3.642,867.5004598764043
3.6430000000000002,867.3757442407948
3.644,867.3230580087422
3.645,867.339572322187
3.646,867.410535165329
3.6470000000000002,867.5115743151632
3.648,867.612150337848
3.649,867.6797512904227
3.65,867.6843370396161
3.6510000000000002,867.6025126589982
3.652,867.4209403812702
3.653,867.1385847480017
3.654,866.7675164798652
3.6550000000000002,866.3321626748149
3.656,865.8670662444355
3.657,865.4133865482391
3.658,865.0145171762543
3.6590000000000003,864.7112997015554
3.66,864.5373624391566
3.661,864.5151050706623
3.662,864.6527841313725
3.6630000000000003,864.9430378846532
3.664,865.3630347001665
3.665,865.8762535856371
3.666,866.4357282224886
3.6670000000000003,866.9884261828702
3.668,867.4803105081082
3.669,867.8615552119684
3.67,868.0913678877006
3.6710000000000003,868.141913521725
3.672,868.000929418814
3.673,867.6727613732997
3.674,867.1777205557347
3.6750000000000003,866.5498405152206
3.676,865.8332845634714
3.677,865.0777969572378
3.678,864.3336911413713
3.6790000000000003,863.6469140388502
3.68,863.054712119216
3.681,862.5823543741001
3.682,862.2412473117028
3.6830000000000003,862.0286210076316
3.684,861.9287904192645
3.685,861.9158219208152
3.686,861.9572805824173
3.6870000000000003,862.0186161123339
3.688,862.0676775225128
3.689,862.078835859163
3.69,862.0362418239953
3.6910000000000003,861.9358454143595
3.692,861.7859466007965
3.693,861.6062137049083
3.694,861.4252808553737
3.6950000000000003,861.2771982191127
3.696,861.1971405327198
3.697,861.2168660744285
3.698,861.3604499004166
3.6990000000000003,861.6407882835064
3.7,862.0572886866511
3.701,862.5950303042274
3.702,863.2255184215986
3.7030000000000003,863.9089794069563
3.704,864.5979715413758
3.705,865.2419390990163
3.706,865.7922295027973
3.7070000000000003,866.2070379913745
3.708,866.4557473002168
3.709,866.5221912167505
3.71,866.4064839370305
3.7110000000000003,866.1252096552345
3.712,865.7099421359169
3.713,865.2042430097823
3.714,864.659450637367
3.715,864.1297007761834
3.716,863.6667018346994
3.717,863.3148123179317
3.718,863.1069335052515
3.719,863.0616403062508
3.72,863.181837557909
3.721,863.4550626894872
3.722,863.8553769691001
3.723,864.3466160678252
3.724,864.8866252156676
3.725,865.4320006661862
3.726,865.9428087790393
3.727,866.3867621424
3.728,866.7423976990243
3.729,867.000917385346
3.73,867.1665044085156
3.731,867.2551009625269
3.732,867.2918067187995
3.733,867.3072125460799
3.734,867.3331034065754
3.735,867.398034989232
3.736,867.5233025522065
3.737,867.7197761203562
3.738,867.985978544688
3.739,868.307642819096
3.74,868.6588180222151
3.741,869.004417863478
3.742,869.3039415639441
3.743,869.5159619861199
3.744,869.6028856019633
3.745,869.5354532132108
3.746,869.2964734443477
3.747,868.8833605571235
3.748,868.309175491308
3.749,867.6020303296248
3.75,866.8028939575182
3.751,865.9620110574328
3.7520000000000002,865.1342985793764
3.753,864.3741967324912
3.754,863.7305128892797
3.755,863.2417997774035
3.7560000000000002,862.9327535474525
3.757,862.8120087916809
3.758,862.8715581776258
3.759,863.0878503676123
3.7600000000000002,863.4244403289417
3.761,863.8359006114649
3.762,864.2725687370217
3.763,864.6856190286865
3.7640000000000002,865.0319163940015
3.765,865.2781379911423
3.766,865.4037330648783
3.767,865.4024221113445
3.7680000000000002,865.282099388805
3.769,865.0631796137529
3.77,864.7756009417831
3.771,864.4548431548405
3.7720000000000002,864.1374262163284
3.773,863.8564083792397
3.774,863.6373989964654
3.775,863.4955396743277
3.7760000000000002,863.4337953789545
3.777,863.4427470883321
3.778,863.5019063187369
3.779,863.5823984281775
3.7800000000000002,863.6507053325532
3.781,863.673036581661
3.782,863.6198242217309
3.783,863.4698197745652
3.7840000000000003,863.2133129966733
3.785,862.8540873759981
3.786,862.4098661245725
3.787,861.9111694440737
3.7880000000000003,861.3986806402438
3.789,860.9193856891715
3.79,860.5218896044664
3.791,860.2514079980696
3.7920000000000003,860.1449729400938
3.793,860.2273739457546
3.794,860.5082794807997
3.795,860.9808599055426
3.7960000000000003,861.6220728011446
3.797,862.3945935891821
3.798,863.2501977177719
3.799,864.1342447586279
3.8000000000000003,864.9907965923964
3.801,865.7678343705
3.802,866.422029489379
3.803,866.922573390312
3.8040000000000003,867.2536741242003
3.805,867.4154729461236
3.806,867.4233057616774
3.807,867.3054132094724
3.8080000000000003,867.0993699191979
3.809,866.8476397924186
3.81,866.5927551529239
3.811,866.3726534560807
3.8120000000000003,866.216682175016
3.813,866.1427032376236
3.814,866.1556019042961
3.815,866.2473453822129
3.8160000000000003,866.398561531737
3.817,866.581437166704
3.818,866.763587636671
3.819,866.9124409858405
3.8200000000000003,866.9996230081998
3.821,867.0048302520629
3.822,866.9187363590967
3.823,866.7445865545703
3.8240000000000003,866.4982834694387
3.825,866.2069382798045
3.826,865.9060354036307
3.827,865.6355173060722
3.8280000000000003,865.4352206853516
3.829,865.3401724896376
3.83,865.3762751432462
3.831,865.5568725387647
3.8320000000000003,865.880595773359
3.833,866.3307503233899
3.834,866.8763393671229
3.835,867.4746395910402
3.8360000000000003,868.0750756502747
3.837,868.6239962271984
3.838,869.0698541391889
3.839,869.3682463058268
3.84,869.4862818124477
3.841,869.4058165349028
3.842,869.125213208212
3.843,868.6594433076658
3.844,868.0385244741356
3.845,867.3044650860991
3.846,866.5070465398286
3.847,865.6988965122453
3.848,864.930379604249
3.849,864.2448474070908
3.85,863.6747466310446
3.851,863.2389864013657
3.852,862.9418250185527
3.853,862.7733679944763
3.854,862.7115916260633
3.855,862.7256393298483
3.856,862.7799998138795
3.857,862.8390820668236
3.858,862.8716623657483
3.859,862.8546972928632
3.86,862.7760718734204
3.861,862.6359749370106
3.862,862.4467509064723
3.863,862.2312509090298
3.864,862.0198770316263
3.865,861.846662668299
3.866,861.7448426126377
3.867,861.7424264717384
3.868,861.8582913850264
3.869,862.0992545609995
3.87,862.4584788532065
3.871,862.9154172905954
3.872,863.4373314134448
3.873,863.9822423577601
3.874,864.5030123605723
3.875,864.9521256259183
3.876,865.2866556358094
3.8770000000000002,865.472880204761
3.878,865.490038886587
3.879,865.33281626789
3.88,865.0122696142819
3.8810000000000002,864.5550855867897
3.882,864.001230167514
3.883,863.4002289074145
3.884,862.8064622065173
3.8850000000000002,862.2739664009017
3.886,861.8512843541286
3.887,861.5769032521329
3.888,861.4757530610985
3.8890000000000002,861.5571236945847
3.89,861.8142050239854
3.891,862.2252783413677
3.892,862.7564099843664
3.8930000000000002,863.3653370321712
3.894,864.0061088450803
3.895,864.6339704736953
3.896,865.2099529872296
3.8970000000000002,865.7046736792678
3.898,866.1009415289549
3.899,866.3948998501181
3.9,866.5956035238495
3.9010000000000002,866.7231041897032
3.902,866.8052837428795
3.903,866.8738159506071
3.904,866.9597325296793
3.9050000000000002,867.0891129596658
3.906,867.2794019313343
3.907,867.536786402417
3.908,867.8549437789621
3.9090000000000003,868.215317168585
3.91,868.5889002697819
3.911,868.9393425623485
3.912,869.2270341927214
3.9130000000000003,869.4137161834639
3.914,869.4670980823511
3.915,869.3649591009709
3.916,869.0982610255855
3.9170000000000003,868.6729061169825
3.918,868.1099194182641
3.919,867.4440063474557
3.92,866.7206143352487
3.9210000000000003,865.9917920033737
3.922,865.3112728057516
3.923,864.7292974284735
3.924,864.2877208648496
3.9250000000000003,864.0159223624274
3.926,863.9279523085419
3.927,864.0212187036875
3.928,864.2768514867578
3.9290000000000003,864.6617035635524
3.93,865.1317725401806
3.931,865.6366759623322
3.932,866.1247017939318
3.9330000000000003,866.5478970051671
3.934,866.8666568125103
3.935,867.0533352231483
3.936,867.0945075685271
3.9370000000000003,866.9916654584067
3.938,866.760297495154
3.939,866.4274860875661
3.94,866.0283123093379
3.9410000000000003,865.6014892075821
3.942,865.1847252182147
3.943,864.8103445600544
3.944,864.5016580353241
3.9450000000000003,864.27048942666
3.946,864.1161295714159
3.947,864.0258270899589
3.948,863.976749830317
3.9490000000000003,863.9391838468382
3.95,863.8805957757801
3.951,863.7700855069687
3.952,863.5827101227167
3.9530000000000003,863.3031723489836
3.954,862.9284359532143
3.955,862.4689490296303
3.956,861.9483108616452
3.9570000000000003,861.4013919344565
3.958,860.8710904353972
3.959,860.4040629524609
3.96,860.0458848997005
3.9610000000000003,859.8361643064886
3.962,859.8041433145243
3.963,859.9652736588997
3.964,860.3191506711167
3.9650000000000003,860.8490459566848
3.966,861.523107603547
3.967,862.2971172883848
3.968,863.1185256084872
3.969,863.9313487833894
3.97,864.6814166865826
3.971,865.3214241981456
3.972,865.8152592754275
3.973,866.1411595709133
3.974,866.293376281404
3.975,866.2821852824055
3.976,866.1322638034092
3.977,865.8796264224875
3.978,865.5674678097778
3.979,865.2413746658573
3.98,864.9444331914555
3.981,864.7127643408211
3.982,864.5719665949326
3.983,864.5348410200025
3.984,864.6006276979379
3.985,864.7558124428922
3.986,864.9763869405842
3.987,865.2312835404982
3.988,865.4865758074005
3.989,865.7099519683161
3.99,865.8749398180904
3.991,865.9643915688081
3.992,865.9728221582587
3.993,865.9073251738297
3.994,865.7869522468342
3.995,865.6406165271306
3.996,865.5037492015688
3.997,865.4140812109548
3.998,865.4070243594672
3.999,865.5111754504812
4.0,865.7444582877381
4.001,866.1113521540832
4.002,866.6015388815149
4.003,867.1901465877431
4.0040000000000004,867.8395934793556
4.005,868.502859024084
4.006,869.1278516817616
4.007,869.6624197160392
4.008,870.0594779743899
4.009,870.2817071362847
4.01,870.3053247199815
4.011,870.1225245383264
4.0120000000000005,869.7423227332043
4.013,869.1897185850958
4.014,868.5032584284552
4.015,867.7312615369842
4.016,866.9271091608518
4.017,866.1440964863925
4.018,865.4303914383178
4.019,864.8246292260837
4.0200000000000005,864.3525991175818
4.021,864.0253581708264
4.022,863.8389490396958
4.023,863.7757228833754
4.024,863.8070932417033
4.025,863.8973917437824
4.026,864.0083786902635
4.027,864.1038937568345
4.0280000000000005,864.154121630076
4.029,864.138995283635
4.03,864.0503603616119
4.031,863.8926664486605
4.032,863.6821189803634
4.033,863.4444004666551
4.034,863.2112320957981
4.035,863.0161785870737
4.0360000000000005,862.89018569579
4.037,862.857371394362
4.038,862.9315648972064
4.039,863.1140052883567
4.04,863.3924826357692
4.041,863.7420433831686
4.042,864.1272063355201
4.043,864.5054651535132
4.0440000000000005,864.8317068713208
4.045,865.0630698539289
4.046,865.1637106935586
4.047,865.1089539455793
4.048,864.8883610343318
4.049,864.507368429851
4.05,863.9872979499287
4.051,863.3637171076338
4.0520000000000005,862.68330565123
4.053,861.9995463064128
4.054,861.3676854799872
4.055,860.8394892984493
4.056,860.4583430863009
4.057,860.2552057258968
4.058,860.2458382852658
4.059,860.429588928801
4.0600000000000005,860.7898484790129
4.061,861.2961114270767
4.062,861.9074053379948
4.063,862.5767062355804
4.064,863.255854522218
4.065,863.9004364535671
4.066,864.4741054159665
4.067,864.9518840385928
4.0680000000000005,865.3221049749807
4.069,865.5868019753221
4.07,865.7605365551531
4.071,865.8678198969202
4.072,865.9394453101247
4.073,866.0081664267121
4.074,866.1042271138847
4.075,866.2512630846485
4.0760000000000005,866.4630509151849
4.077,866.7414826337581
4.078,867.0760041277985
4.079,867.444588919818
4.08,867.8161439553166
4.081,868.154080409812
4.082,868.4206484019626
4.083,868.5815448820385
4.0840000000000005,868.610268919187
4.085,868.4917221722227
4.086,868.2246320471321
4.087,867.822502250106
4.088,867.3129561995294
4.089,866.7355153917074
4.09,866.1380278637695
4.091,865.5721122621309
4.0920000000000005,865.088094070392
4.093,864.7299699428486
4.094,864.5309371603422
4.095,864.5099677101085
4.096,864.6697965656558
4.097,864.996543345343
4.098,865.4610120514373
4.099,866.021534079695
4.1,1040.4040229550064
4.101,1043.2374183365978
4.102,1046.0367028434994
4.103,1048.7568769059067
4.104,1051.3637533163158
4.105,1053.836928458744
4.106,1056.1712571261519
4.107,1058.3766978419953
4.108,1060.4765735970448
4.109,1062.5044649771464
4.11,1064.500099907882
4.111,1066.504710562571
4.112,1068.556381794885
4.113,1070.6859110031362
4.114,1072.9136372879807
4.115,1075.247585166891
4.116,1077.6831175730117
4.117,1080.2041211875967
4.118,1082.7855734487753
4.119,1085.3971841661248
4.12,1088.0076829401278
4.121,1090.5892500751834
4.122,1093.1215715710418
4.123,1095.5950400110803
4.124,1098.0127181975436
4.125,1100.3908207044474
4.126,1102.7576348088417
4.127,1105.150978083543
4.128,1107.6144557700513
4.1290000000000004,1110.1929184562646
4.13,1112.9276142315928
4.131,1115.8515688654147
4.132,1118.9857081148707
4.133,1122.3361599614022
4.134,1125.8930496258454
4.135,1129.6309402208785
4.136,1133.5108943511434
4.1370000000000005,1137.4839563106743
4.138,1141.4957000203435
4.139,1145.4913714601528
4.14,1149.4210888796833
4.141,1153.2445567331515
4.142,1156.934800926578
4.143,1160.480537958987
4.144,1163.8869374104122
4.1450000000000005,1167.1747099121787
4.146,1170.3776323425118
4.147,1173.538788891636
4.148,1176.7059426188462
4.149,1179.9265423799866
4.15,1183.2429047797643
4.151,1186.6880864542152
4.152,1190.2828813752417
4.1530000000000005,1194.0342500384943
4.154,1197.9353265769628
4.155,1201.9669738725167
4.156,1206.1006850916706
4.157,1210.3024817126357
4.158,1214.5373493955535
4.159,1218.7736959262722
4.16,1222.9873161592293
4.1610000000000005,1227.1644072122563
4.162,1231.303286555548
4.163,1235.4146138631327
4.164,1239.5200880314069
4.165,1243.6497646163205
4.166,1247.8382967280368
4.167,1252.1205265524814
4.168,1256.5269312648156
4.1690000000000005,1261.0794475403468
4.17,1265.7881607469096
4.171,1270.6492522966785
4.172,1275.6444616618473
4.173,1280.7421532613928
4.174,1285.8999011181743
4.175,1291.0683354324365
4.176,1296.1958536761606
4.1770000000000005,1301.2337001746603
4.178,1306.140873399205
4.179,1310.8883344229675
4.18,1315.46206178827
4.181,1319.8646196602158
4.182,1324.1150643795836
4.183,1328.2471921236947
4.184,1332.3063079462268
4.1850000000000005,1336.3448545998085
4.186,1340.417360979413
4.187,1344.5752415162044
4.188,1348.8619916385696
4.189,1353.3092790701014
4.19,1357.934331310936
4.191,1362.738877135453
4.192,1367.7097300362834
4.1930000000000005,1372.8209229376916
4.194,1378.0371358016077
4.195,1383.3180193330522
4.196,1388.622923978477
4.197,1393.9155040011196
4.198,1399.1676857732286
4.199,1404.362565217934
4.2,1409.495923006241
4.2010000000000005,1414.5762038344114
4.202,1419.6229802959951
4.203,1424.6640931431061
4.204,1429.7318090694398
4.205,1434.858447956254
4.206,1440.0719914955557
4.207,1445.3921875779492
4.208,1450.8276095177634
4.2090000000000005,1456.3740222084045
4.21,1462.0142605128954
4.211,1467.7196548787283
4.212,1473.452864229257
4.213,1479.1718160685532
4.214,1484.834326271693
4.215,1490.4028904626493
4.216,1495.8491142874173
4.2170000000000005,1501.1572841811615
4.218,1506.326669816009
4.219,1511.372284601341
4.22,1516.3239966462525
4.221,1521.2240613129638
4.222,1526.1233182918058
4.223,1531.076442146417
4.224,1536.1367394524098
4.225,1541.3510365039324
4.226,1546.7551934537244
4.227,1552.370714512891
4.228,1558.202806674935
4.229,1564.2400841368221
4.23,1570.4559391411235
4.231,1576.8114216429424
4.232,1583.2593094905124
4.233,1589.7489252273601
4.234,1596.2311788291547
4.235,1602.6632959567892
4.236,1609.0127306369368
4.237,1615.2598551732829
4.238,1621.3991580555207
4.239,1627.4388473464371
4.24,1633.398934029111
4.241,1639.3080375270667
4.242,1645.1992955694438
4.243,1651.1058573590226
4.244,1657.0564820100271
4.245,1663.0717488135738
4.246,1669.1613138938621
4.247,1675.3225273349453
4.248,1681.540569350051
4.249,1687.7900908737033
4.25,1694.0381723786677
4.251,1700.2482638736687
4.252,1706.3846557507954
4.253,1712.4169670926617
4.2540000000000004,1718.324132330477
4.255,1724.0974195274064
4.256,1729.7421183713902
4.257,1735.2776817080842
4.258,1740.7362750873558
4.259,1746.1598655121875
4.26,1751.5961438387058
4.261,1757.0937069988083
4.2620000000000005,1762.6970117681572
4.263,1768.4416416101844
4.264,1774.3503987426689
4.265,1780.4306480589603
4.266,1786.6732071304837
4.267,1793.0529116252283
4.268,1799.5308060886878
4.269,1806.0577357440434
4.2700000000000005,1812.578964826203
4.271,1819.0393373753113
4.272,1825.3884393383432
4.273,1831.585222461149
4.274,1837.6016105549552
4.275,1843.4247206349482
4.276,1849.0574828228252
4.277,1854.517617128832
4.2780000000000005,1859.835103149574
4.279,1865.0484408269122
4.28,1870.2001289734435
4.281,1875.3318692681532
4.282,1880.4800281110256
4.283,1885.6718545681183
4.284,1890.92286360447
4.285,1896.2356599048726
4.2860000000000005,1901.600313775606
4.287,1906.9962251396908
4.288,1912.3952439855989
4.289,1917.765674416866
4.29,1923.0766903426943
4.291,1928.3026448340934
4.292,1933.4267673431452
4.293,1938.4438119854533
4.2940000000000005,1943.3613382562812
4.295,1948.1994597702374
4.296,1952.9890697561646
4.297,1957.7687248630955
4.298,1962.5805221121022
4.299,1967.465420473382
4.3,1972.4585255003426
4.301,1977.5848651302879
4.3020000000000005,1982.856135903536
4.303,1988.26879666368
4.304,1993.80374238338
4.305,1999.427619895219
4.306,2005.095668722117
4.307,2010.7558035053917
4.308,2016.35351805442
4.309,2021.837099825006
4.3100000000000005,2027.1626077562448
4.311,2032.298089872356
4.312,2037.2265973889985
4.313,2041.9476805166405
4.314,2046.4772137094624
4.315,2050.8455770098
4.316,2055.0943958421954
4.317,2059.272194934535
4.3180000000000005,2063.4294362752344
4.319,2067.613473749668
4.32,2071.86396159859
4.321,2076.209199773924
4.322,2080.6637927364773
4.323,2085.2278511062286
4.324,2089.88779414651
4.325,2094.6186342890833
4.3260000000000005,2099.387462292656
4.327,2104.1577210785254
4.328,2108.8937721372395
4.329,2113.5652298326518
4.33,2118.150568967412
4.331,2122.6395961500984
4.332,2127.0345062519214
4.333,2131.3494069516164
4.3340000000000005,2135.608369010619
4.335,2139.8422280389605
4.336,2144.0845063726683
4.337,2148.366925351598
4.338,2152.7150273895686
4.339,2157.144418214343
4.34,2161.658073410907
4.341,2166.245037157964
4.3420000000000005,2170.880687585554
4.343,2175.528569422984
4.344,2180.143619747456
4.345,2184.6764560390484
4.346,2189.078274770921
4.347,2193.305836888414
4.348,2197.3260018419805
4.349,2201.119316132464
4.3500000000000005,2204.6822609089522
4.351,2208.02790535413
4.352,2211.184882914381
4.353,2214.1947872883125
4.354,2217.108254818926
4.355,2219.980140979207
4.356,2222.8642955758464
4.357,2225.8084835324617
4.358,2228.8499810634767
4.359,2232.0123026267374
4.36,2235.303390451276
4.361,2238.715439267432
4.362,2242.2263515983536
4.363,2245.8026430473515
4.364,2249.4034617001507
4.365,2252.9852680227746
4.366,2256.506654280478
4.367,2259.9327727676314
4.368,2263.2388908988596
4.369,2266.4126928951146
4.37,2269.4550910019625
4.371,2272.3794779348455
4.372,2275.2095277930553
4.373,2277.975815533117
4.374,2280.7116571868664
4.375,2283.448659718495
4.376,2286.2125011479266
4.377,2289.0194348353725
4.378,2291.8739296174026
4.3790000000000004,2294.7677289554567
4.38,2297.680451691125
4.381,2300.581682247637
4.382,2303.434328611248
4.383,2306.198881045287
4.384,2308.8380994597746
4.385,2311.321604461942
4.386,2313.6298523764294
4.3870000000000005,2315.757037554299
4.388,2317.7125793066666
4.389,2319.521003376238
4.39,2321.2202022940596
4.391,2322.8582361132962
4.392,2324.488995387715
4.393,2326.1671742043363
4.394,2327.9430786820335
4.3950000000000005,2329.8578170006845
4.396,2331.939378364762
4.397,2334.200014476599
4.398,2336.6351983007435
4.399,2339.2242662809995
4.4,2341.9326701376713
4.401,2344.7155925851953
4.402,2347.522536517043
4.4030000000000005,2350.3023951799273
4.404,2353.0084626703892
4.405,2355.6028548806194
4.406,2358.059879461246
4.407,2360.368011791117
4.408,2362.5302892009395
4.409,2364.563110615225
4.41,2366.4936040485704
4.4110000000000005,2368.3558807097043
4.412,2370.186614647889
4.413,2372.0204577583922
4.414,2373.885813852194
4.415,2375.801451007324
4.416,2377.77433363187
4.417,2379.7989155527544
4.418,2381.8579686473677
4.4190000000000005,2383.9248466499607
4.42,2385.9669202715468
4.421,2387.9497858831837
4.422,2389.841760658237
4.423,2391.618142244626
4.424,2393.2647346963995
4.425,2394.7802220068224
4.426,2396.1770974178576
4.4270000000000005,2397.4810167551127
4.428,2398.728619671638
4.429,2399.9640344449917
4.43,2401.2344308202482
4.431,2402.5850947839886
4.432,2404.0545568731764
4.433,2405.670305129286
4.434,2407.4455549680706
4.4350000000000005,2409.377437342185
4.436,2411.4468156601124
4.437,2413.619767442311
4.438,2415.8505877079424
4.439,2418.0860071720394
4.44,2420.2701874340464
4.441,2422.349971783322
4.442,2424.279843175076
4.4430000000000005,2426.026073287613
4.444,2427.569634786953
4.445,2428.90758330286
4.446,2430.052781410423
4.447,2431.032015931968
4.448,2431.8827325138673
4.449,2432.6487588095024
4.45,2433.3754936362534
4.4510000000000005,2434.1050926670173
4.452,2434.872175895971
4.453,2435.7005190679097
4.454,2436.6010776243115
4.455,2437.5715402063856
4.456,2438.5974362326456
4.457,2439.654647694958
4.458,2440.7130184259154
4.4590000000000005,2441.7406320540667
4.46,2442.7082561747775
4.461,2443.5934330471105
4.462,2444.383738240674
4.463,2445.0788234919028
4.464,2445.690998020408
4.465,2446.2442683483305
4.466,2446.7719318140043
4.4670000000000005,2447.3129839805265
4.468,2447.9077366203246
4.469,2448.5931356596134
4.47,2449.3983069717597
4.471,2450.340837781397
4.472,2451.424224727348
4.473,2452.6367946393734
4.474,2453.9522444686154
4.4750000000000005,2455.331770080303
4.476,2456.727579197105
4.477,2458.0874308803595
4.478,2459.3597294261003
4.479,2460.498637107552
4.48,2461.4686648927695
4.481,2462.2482538029585
4.482,2462.8319661897135
4.483,2463.231054304355
4.484,2463.4723469585606
4.485,2463.595574899099
4.486,2463.6494221064263
4.487,2463.686725400292
4.488,2463.7593337739613
4.489,2463.913172133237
4.49,2464.184028068969
4.491,2464.5944979374203
4.492,2465.1523990358955
4.493,2465.850792379581
4.494,2466.669583428416
4.495,2467.578495602465
4.496,2468.5410625344884
4.497,2469.519176073426
4.498,2470.477669968523
4.499,2471.388420081307
4.5,2472.2335006228286
4.501,2473.0070456441226
4.502,2473.715613522709
4.503,2474.3770229103748
4.5040000000000004,2475.01780251475
4.505,2475.669554815728
4.506,2476.3646578045796
4.507,2477.1318052593383
4.508,2477.99190638808
4.509,2478.954827554583
4.51,2480.0173664003864
4.511,2481.1627121679358
4.5120000000000005,2482.361480487354
4.513,2483.57423462848
4.514,2484.755237770314
4.515,2485.8570407913867
4.516,2486.8354130311272
4.517,2487.654080287934
4.518,2488.288749953279
4.519,2488.729976103698
4.5200000000000005,2488.9845397395047
4.521,2489.0751778683257
4.522,2489.0386724838536
4.523,2488.922487290751
4.524,2488.7802969181193
4.525,2488.666873156736
4.526,2488.6328623190448
4.527,2488.7199995299634
4.5280000000000005,2488.957258329451
4.529,2489.3583326077196
4.53,2489.9207037167052
4.531,2490.626374410873
4.532,2491.4441718194375
4.533,2492.3333535786905
4.534,2493.2481129198677
4.535,2494.1424849830646
4.5360000000000005,2494.9751180294575
4.537,2495.7133936123023
4.538,2496.33645670158
4.539,2496.836841573898
4.54,2497.2205380521646
4.541,2497.5055177615995
4.542,2497.718912043222
4.543,2497.893182991579
4.5440000000000005,2498.061740196684
4.545,2498.254515913362
4.546,2498.4940139550217
4.547,2498.792292398254
4.548,2499.1492333807146
4.549,2499.552306788086
4.55,2499.9778647686767
4.551,2500.3938296955794
4.5520000000000005,2500.7634788310206
4.553,2501.049902308099
4.554,2501.2206312949047
4.555,2501.2519093306146
4.556,2501.132114632427
4.557,2500.863930984702
4.558,2500.4649998647255
4.559,2499.9669519428726
4.5600000000000005,2499.4128938379336
4.561,2498.8535964428006
4.562,2498.3427754627446
4.563,2497.93195707173
4.564,2497.665470439158
4.565,2497.5760988157776
4.566,2497.6818528669364
4.567,2497.9842113430236
4.5680000000000005,2498.468017881236
4.569,2499.1030457853535
4.57,2499.847064348192
4.571,2500.650080130376
4.572,2501.4593020627717
4.573,2502.2243038597862
4.574,2502.901839176489
4.575,2503.459806077226
4.5760000000000005,2503.879953072929
4.577,2504.159058611351
4.578,2504.308484041967
4.579,2504.352178190629
4.58,2504.323380170117
4.581,2504.2604074191754
4.582,2504.202012836378
4.583,2504.182837712648
4.5840000000000005,2504.2294714069094
4.585,2504.35755627247
4.586,2504.570255408833
4.587,2504.8582449191576
4.588,2505.201218885662
4.589,2505.57072355106
4.59,2505.933986323132
4.591,2506.2582919900397
4.5920000000000005,2506.5153955564415
4.593,2506.6854554224697
4.594,2506.760022914475
4.595,2506.7437286937184
4.596,2506.654451775384
4.597,2506.5219267201433
4.598,2506.384920198683
4.599,2506.287270088607
4.6000000000000005,2506.2732105364894
4.601,2506.3824904712105
4.602,2506.6458214342792
4.603,2507.0811599746125
4.604,2507.691243418217
4.605,2508.46266490562
4.606,2509.3666086663
4.607,2510.3611875903634
4.6080000000000005,2511.3951518487693
4.609,2512.412588599729
4.61,2513.3581250144066
4.611,2514.182091796931
4.612,2514.8451081178655
4.613,2515.3216110346434
4.614,2515.6019662394774
4.615,2515.6929498989707
4.616,2515.6165666873144
4.617,2515.4073476780363
4.618,2515.108434025634
4.619,2514.766880628449
4.62,2514.4286942682093
4.621,2514.134144411053
4.622,2513.9138495104507
4.623,2513.7860513543214
4.624,2513.755354870178
4.625,2513.81304588745
4.626,2513.9389229564285
4.627,2514.10441097417
4.628,2514.2765826822497
4.6290000000000004,2514.422614715391
4.63,2514.5141587278267
4.631,2514.531120233144
4.632,2514.4644067316676
4.633,2514.317324737727
4.634,2514.105459286979
4.635,2513.855042247865
4.636,2513.5999880423024
4.6370000000000005,2513.3779280029585
4.638,2513.2256905286986
4.639,2513.1747404685743
4.64,2513.2471002800658
4.641,2513.4522263029335
4.642,2513.7852112554315
4.643,2514.2265399615826
4.644,2514.7434551729298
4.6450000000000005,2515.292812879643
4.646,2515.8251412824516
4.647,2516.289482873005
4.648,2516.6385097725206
4.649,2516.833368556858
4.65,2516.847736122778
4.651,2516.6706500886035
4.652,2516.3078069122475
4.6530000000000005,2515.781184237634
4.654,2515.1270231309327
4.655,2514.3923812800986
4.656,2513.6306207497646
4.657,2512.896306864997
4.658,2512.2400559391294
4.659,2511.703872252262
4.66,2511.3174587344083
4.6610000000000005,2511.095877451281
4.662,2511.038787215787
4.663,2511.131312859855
4.664,2511.346422916169
4.665,2511.6485292105963
4.666,2511.9978910503883
4.667,2512.3553226017134
4.668,2512.6866737964165
4.6690000000000005,2512.9665856290226
4.67,2513.1811064434096
4.671,2513.3288871110444
4.672,2513.4208351921766
4.673,2513.478283172095
4.674,2513.529894202191
4.675,2513.607671731107
4.676,2513.7425410905503
4.6770000000000005,2513.9600201916505
4.678,2514.2764875125954
4.679,2514.696489477705
4.68,2515.21141343803
4.681,2515.7996995894687
4.682,2516.428592245645
4.683,2517.0572571014463
4.684,2517.640935784781
4.6850000000000005,2518.1356893937773
4.686,2518.5032122256703
4.687,2518.715183488908
4.688,2518.756670128404
4.689,2518.6281931807202
4.69,2518.3462125478704
4.691,2517.9419551940714
4.692,2517.4586909177815
4.6930000000000005,2516.947728397755
4.694,2516.463543660994
4.695,2516.058548151837
4.696,2515.778043736889
4.697,2515.6558928172553
4.698,2515.71135530037
4.699,2515.9474188511836
4.7,2516.350788302305
4.7010000000000005,2516.8935219153996
4.702,2517.536125836497
4.703,2518.2317628407754
4.704,2518.9311142453935
4.705,2519.587367411699
4.706,2520.1607926955
4.707,2520.622423796117
4.708,2520.956458509158
4.7090000000000005,2521.161141393445
4.71,2521.2480597640283
4.711,2521.2399608961423
4.712,2521.1673618544964
4.713,2521.064355897269
4.714,2520.9641063485356
4.715,2520.8945506547157
4.716,2520.8748106212615
4.7170000000000005,2520.912722633983
4.718,2521.0037732182404
4.719,2521.131564915302
4.72,2521.269763031382
4.721,2521.385304772839
4.722,2521.442507461341
4.723,2521.407608090385
4.724,2521.2532141390657
4.7250000000000005,2520.9621512382682
4.726,2520.5302565040356
4.727,2519.967780254252
4.728,2519.299210928206
4.729,2518.5615116061913
4.73,2517.8009324455925
4.731,2517.0687221831995
4.732,2516.416186021696
4.7330000000000005,2515.8896129314403
4.734,2515.5256141803675
4.735,2515.3473745314186
4.736,2515.362222297688
4.737,2515.560784637328
4.738,2515.917825325778
4.739,2516.394682218878
4.74,2516.943050378911
4.741,2517.50971308211
4.742,2518.04172235331
4.743,2518.491484235254
4.744,2518.821216709636
4.745,2519.006318566222
4.746,2519.0373077628324
4.747,2518.920144666662
4.748,2518.6749317509475
4.749,2518.3331574777876
4.75,2517.9338089018843
4.751,2517.518797818863
4.752,2517.1282159457096
4.753,2516.795948042507
4.7540000000000004,2516.546126773313
4.755,2516.3908146314316
4.756,2516.3291574773057
4.757,2516.348086871619
4.758,2516.424473066804
4.759,2516.5284667397
4.76,2516.6276335019447
4.761,2516.6913957992315
4.7620000000000005,2516.695261938521
4.763,2516.62434554411
4.764,2516.4757581387266
4.765,2516.259583979796
4.766,2515.9983057359555
4.767,2515.7247243727325
4.768,2515.4785873171386
4.769,2515.302286603095
4.7700000000000005,2515.2360968025473
4.771,2515.3134790073113
4.772,2515.556975520056
4.773,2515.975160220064
4.774,2516.560998185065
4.775,2517.291817184015
4.776,2518.1309196025095
4.777,2519.03068528951
4.7780000000000005,2519.936853261758
4.779,2520.793541033063
4.78,2521.548478765898
4.781,2522.1579104763805
4.782,2522.5906489584468
4.783,2522.830861210591
4.784,2522.8792971219755
4.785,2522.752841148077
4.7860000000000005,2522.4824464281555
4.787,2522.109683628303
4.788,2521.682283866734
4.789,2521.249160370024
4.79,2520.8554456035986
4.791,2520.5380739585516
4.792,2520.322375565845
4.793,2520.220031713042
4.7940000000000005,2520.2285894749884
4.795,2520.332559489954
4.796,2520.5059455299306
4.797,2520.7158969821776
4.798,2520.927052938188
4.799,2521.10607272712
4.8,2521.2258304941492
4.801,2521.268792594644
4.8020000000000005,2521.229191468169
4.803,2521.1137476400527
4.804,2520.9408571717904
4.805,2520.7383367796747
4.806,2520.539983477598
4.807,2520.3813416237053
4.808,2520.295162475507
4.809,2520.307079445297
4.8100000000000005,2520.4320018506037
4.811,2520.6716532039636
4.812,2521.0135553594687
4.813,2521.431600833018
4.814,2521.888179857634
4.815,2522.3376556279786
4.816,2522.7308298767557
4.817,2523.019928187936
4.8180000000000005,2523.1635728423807
4.819,2523.1312074536295
4.82,2522.9064927453546
4.821,2522.4893006572406
4.822,2521.8960828453173
4.823,2521.1585633445948
4.824,2520.3208847229616
4.825,2519.4355028551654
4.8260000000000005,2518.558259364131
4.827,2517.7431481865488
4.828,2517.0373240946683
4.829,2516.476872968216
4.83,2516.083779298683
4.831,2515.8643951319646
4.832,2515.8095508660654
4.833,2515.8962700198144
4.8340000000000005,2516.090876844375
4.835,2516.3531364416845
4.836,2516.640958185993
4.837,2516.9151365496373
4.838,2517.1436049770623
4.839,2517.304737865372
4.84,2517.3893462455567
4.841,2517.401162033244
4.8420000000000005,2517.3557770886277
4.843,2517.2781777307887
4.844,2517.199173419812
4.845,2517.1511425093095
4.846,2517.1635945094527
4.847,2517.2590687039883
4.848,2517.4498509790155
4.849,2517.7358985676874
4.8500000000000005,2518.1042263241993
4.851,2518.529843222084
4.852,2518.978152344574
4.853,2519.4085612014883
4.854,2519.7789102985707
4.855,2520.050232010305
4.856,2520.1913097361453
4.857,2520.182523889437
4.8580000000000005,2520.0185448409966
4.859,2519.70955557865
4.86,2519.2808451824635
4.861,2518.7707909237884
4.862,2518.227422489799
4.863,2517.703917208418
4.864,2517.2534931009736
4.865,2516.924234112018
4.866,2516.754391472333
4.867,2516.7686557095003
4.868,2516.9757906768978
4.869,2517.3678753663326
4.87,2517.921227100343
4.871,2518.598899776365
4.872,2519.3544828083714
4.873,2520.13678861572
4.874,2520.894923944306
4.875,2521.5832029915105
4.876,2522.1653821844657
4.877,2522.6177749639
4.878,2522.9309312669116
4.8790000000000004,2523.1097265495855
4.88,2523.171881417505
4.881,2523.1451057745767
4.882,2523.0632118038734
4.883,2522.961651515402
4.884,2522.8729948257587
4.885,2522.822866642679
4.886,2522.8268060765563
4.8870000000000005,2522.8884039589857
4.888,2522.9989282904608
4.889,2523.138477421649
4.89,2523.278526621063
4.891,2523.3855745986734
4.892,2523.425470271405
4.893,2523.367920671592
4.894,2523.1906573187193
4.8950000000000005,2522.88277332302
4.896,2522.4468332056504
4.897,2521.899492069543
4.898,2521.270525511019
4.899,2520.6003483413965
4.9,2519.9362692552795
4.901,2519.327871307877
4.902,2518.8220085910216
4.9030000000000005,2518.4579565960685
4.904,2518.2632420608443
4.905,2518.250608723374
4.906,2518.416455804321
4.907,2518.7409292055167
4.908,2519.189668445705
4.909,2519.7170345885916
4.91,2520.270485289196
4.9110000000000005,2520.795639995422
4.912,2521.2415047486284
4.913,2521.5653099581687
4.914,2521.736457699122
4.915,2521.739172721205
4.916,2521.5735927116093
4.917,2521.2552028918603
4.918,2520.812699141229
4.9190000000000005,2520.284532894557
4.92,2519.714531564155
4.921,2519.147084858309
4.922,2518.6224296422656
4.923,2518.172549444279
4.924,2517.81813137143
4.925,2517.566901348803
4.926,2517.413501852113
4.9270000000000005,2517.3409021193897
4.928,2517.323158554004
4.929,2517.329191782321
4.93,2517.32713336734
4.931,2517.288732065308
4.932,2517.1933037170456
4.933,2517.0307610028294
4.934,2516.803363547425
4.9350000000000005,2516.525973646584
4.936,2516.224772104411
4.937,2515.9345635080626
4.938,2515.694961267412
4.939,2515.5458719687495
4.94,2515.522781586074
4.941,2515.6523735102937
4.942,2515.948976979941
4.9430000000000005,2516.4122576068266
4.944,2517.026428707256
4.945,2517.761097601929
4.946,2518.5736829731572
4.947,2519.4131673287475
4.948,2520.2248015492405
4.949,2520.955272604154
4.95,2521.5577925230086
4.9510000000000005,2521.996572510817
4.952,2522.2502101657537
4.953,2522.3136331536452
4.954,2522.198396848896
4.955,2521.931309539129
4.956,2521.5515375807204
4.957,2521.1065048633513
4.958,2520.647028427675
4.9590000000000005,2520.2222112119553
4.96,2519.8746351314808
4.961,2519.636360725543
4.962,2519.5261476512856
4.963,2519.5481736073752
4.964,2519.6923629797666
4.965,2519.9362589919574
4.966,2520.248203988736
4.9670000000000005,2520.5914503028935
4.968,2520.9287245560677
4.969,2521.226722106093
4.97,2521.4600206275636
4.971,2521.6139709866634
4.972,2521.686241838492
4.973,2521.68684850117
4.974,2521.6366694509143
4.9750000000000005,2521.564625983814
4.976,2521.5038530230836
4.977,2521.4873047296805
4.978,2521.5433045872123
4.979,2521.691558570078
4.98,2521.940100782399
4.981,2522.2835389375546
4.982,2522.702823455741
4.9830000000000005,2523.166594633188
4.984,2523.6339859993545
4.985,2524.0585981536724
4.986,2524.393224239906
4.987,2524.5948205960335
4.988,2524.629183837141
4.989,2524.4748224293085
4.99,2524.125593930764
4.9910000000000005,2523.59180954386
4.992,2522.899671244676
4.993,2522.089085678285
4.994,2521.2100736664925
4.995,2520.3181454595074
4.996,2519.4691232136993
4.997,2518.7139514073774
4.998,2518.0940365431748
4.999,2517.63759948245
5.0,2517.357413497868
5.001,2517.2501507254465
5.002,2517.297385649957
5.003,2517.4681256466233
5.0040000000000004,2517.722574981921
5.005,2518.016707925553
5.006,2518.3071429807783
5.007,2518.5557827321645
5.008,2518.7337152745135
5.009,2518.8239599593335
5.01,2518.8227725212046
5.011,2518.7393877633417
5.0120000000000005,2518.594253753613
5.013,2518.4159804046303
5.014,2518.237368666468
5.015,2518.090988484306
5.016,2518.004822907454
5.017,2517.998486870266
5.018,2518.080463232369
5.019,2518.246683026573
5.0200000000000005,2518.480624391574
5.021,2518.7549323261487
5.022,2519.034388367881
5.023,2519.2799048409265
5.024,2519.453099663158
5.025,2519.5209381365385
5.026,2519.459915531206
5.027,2519.259300187047
5.0280000000000005,2518.92305639822
5.029,2518.4702086804427
5.03,2517.9335785649237
5.031,2517.3570032009743
5.032,2516.791312183241
5.033,2516.289476728256
5.034,2515.9014383957583
5.035,2515.669162657406
5.0360000000000005,2515.6224414610956
5.037,2515.775890730465
5.038,2516.1274619496667
5.039,2516.658625423332
5.04,2517.3362041009736
5.041,2518.1156605257547
5.042,2518.945484758726
5.043,2519.772214910921
5.0440000000000005,2520.545556824152
5.045,2521.223062493475
5.046,2521.773878648116
5.047,2522.1811816782892
5.048,2522.4430611810103
5.049,2522.5717856456804
5.05,2522.5915613185266
5.051,2522.5350595275613
5.0520000000000005,2522.4391206703303
5.053,2522.3401301064614
5.054,2522.2695928871317
5.055,2522.2504072546817
5.056,2522.2942543109207
5.057,2522.4003924739113
5.058,2522.5559847193426
5.059,2522.737912045481
5.0600000000000005,2522.915857551971
5.061,2523.0563008036993
5.062,2523.1269578804986
5.063,2523.1011503249233
5.064,2522.9615919539374
5.065,2522.703145633096
5.066,2522.3342156972967
5.067,2521.8765932130914
5.0680000000000005,2521.3637439673253
5.069,2520.8377038178405
5.07,2520.3449034763303
5.071,2519.9313674139503
5.072,2519.637805704631
5.073,2519.495134896404
5.074,2519.5209223313423
5.075,2519.7171521184746
5.0760000000000005,2520.0695706162023
5.077,2520.5487000907497
5.078,2521.11242966944
5.079,2521.709922448952
5.08,2522.286435297095
5.081,2522.7885490989083
5.082,2523.1692627732596
5.083,2523.392419194057
5.0840000000000005,2523.436003564483
5.085,2523.293976870518
5.086,2522.97646539653
5.087,2522.5083045672645
5.088,2521.926112174854
5.089,2521.2742230216454
5.09,2520.5999370287523
5.091,2519.9486028825695
5.0920000000000005,2519.3590717921606
5.093,2518.86000972643
5.094,2518.467456874099
5.095,2518.1838811808257
5.096,2517.9988044653383
5.097,2517.890903491528
5.098,2517.831323993723
5.099,2517.787811206442
5.1000000000000005,2517.7291707890213
5.101,2517.6295390349533
5.102,2517.471964726281
5.103,2517.250884262492
5.104,2516.9731979030726
5.105,2516.6578140506813
5.106,2516.333702756455
5.107,2516.0366696493134
5.1080000000000005,2515.805208332696
5.109,2515.6758965625913
5.11,2515.6788571949055
5.111,2515.8338026428637
5.112,2516.1471214951625
5.113,2516.6103544928887
5.114,2517.2002564195686
5.115,2517.880467149081
5.1160000000000005,2518.6046381797623
5.117,2519.3206999530107
5.118,2519.9758278889344
5.119,2520.521585471644
5.12,2520.918699750489
5.121,2521.140960944164
5.122,2521.1778295838435
5.123,2521.0354718601116
5.124,2520.7361115972876
5.125,2520.3157672614147
5.126,2519.820614962723
5.127,2519.3023647031882
5.128,2518.8131411939175
5.1290000000000004,2518.400411113253
5.13,2518.1024902627596
5.131,2517.9450977474385
5.132,2517.9393074566956
5.133,2518.081092688832
5.134,2518.3524847876524
5.135,2518.7241904172038
5.136,2519.159353965652
5.1370000000000005,2519.6180288869828
5.138,2520.061847964388
5.139,2520.4583655020133
5.14,2520.784586022205
5.141,2521.0292893915775
5.142,2521.1939007099377
5.143,2521.291819309532
5.144,2521.346296327043
5.1450000000000005,2521.387115034554
5.146,2521.4464641195714
5.147,2521.554486250646
5.148,2521.7350222820946
5.149,2522.0020510687373
5.15,2522.3572482851687
5.151,2522.788963313455
5.152,2523.272754921202
5.1530000000000005,2523.7734516283103
5.154,2524.248530736014
5.155,2524.6524600568277
5.156,2524.9415351299294
5.157,2525.078684578389
5.158,2525.0377140831984
5.159,2524.8065156515772
5.16,2524.3888774424827
5.1610000000000005,2523.804678596206
5.162,2523.088427022613
5.163,2522.286276957484
5.164,2521.451827707753
5.165,2520.6411373248466
5.166,2519.907470450175
5.167,2519.296328874494
5.168,2518.8412832123427
5.1690000000000005,2518.561037801045
5.17,2518.458027935355
5.171,2518.5186834063616
5.172,2518.7153131049936
5.173,2519.009391781553
5.174,2519.355880898167
5.175,2519.708107129611
5.176,2520.022666215375
5.1770000000000005,2520.263822505394
5.178,2520.406935193402
5.179,2520.4405540314865
5.18,2520.366977782259
5.181,2520.201241068045
5.182,2519.9686705064005
5.183,2519.7013096870032
5.184,2519.43363711753
5.1850000000000005,2519.198078013468
5.186,2519.0208313077255
5.187,2518.918495327428
5.188,2518.895883520632
5.189,2518.9452857070028
5.19,2519.047265724975
5.191,2519.1729113871725
5.192,2519.2872868236627
5.1930000000000005,2519.3536990752727
5.194,2519.3382956355135
5.195,2519.214468211859
5.196,2518.9665550261216
5.197,2518.592407770004
5.198,2518.1045118618517
5.199,2517.5295064947554
5.2,2516.906126777004
5.2010000000000005,2516.281764678205
5.202,2515.707999260483
5.203,2515.235562786972
5.204,2514.909274869965
5.205,2514.763484501799
5.206,2514.8185086123026
5.207,2515.0784511979073
5.208,2515.5306404217827
5.2090000000000005,2516.146748370482
5.21,2516.8854782206367
5.211,2517.6965360678964
5.212,2518.5254678872925
5.213,2519.3188509454103
5.214,2520.0292933752253
5.215,2520.619719361367
5.216,2521.0664977600227
5.2170000000000005,2521.361100074861
5.218,2521.510135382665
5.219,2521.5337872381483
5.22,2521.4628512730137
5.221,2521.3347230736163
5.222,2521.188797456287
5.223,2521.0618003060513
5.224,2520.9835762500616
5.2250000000000005,2520.973799554567
5.226,2521.039968121478
5.227,2521.176893372336
5.228,2521.3677285590147
5.229,2521.586403590629
5.23,2521.8011752199404
5.231,2521.978875095499
5.232,2522.0893588062077
5.2330000000000005,2522.1096354606493
5.234,2522.0271922041366
5.235,2521.84211754973
5.236,2521.5677615933514
5.237,2521.2298352376174
5.238,2520.864026277031
5.239,2520.512378093635
5.24,2520.2188181096376
5.2410000000000005,2520.024322275634
5.242,2519.962247620051
5.243,2520.0543520064693
5.244,2520.307949963531
5.245,2520.7145333261556
5.246,2521.250028524403
5.247,2521.8766858193717
5.248,2522.5464189447625
5.249,2523.205255861123
5.25,2523.7984399873762
5.251,2524.2756496806596
5.252,2524.595789780582
5.253,2524.7308542874666
5.2540000000000004,2524.6684587817526
5.255,2524.4127841358395
5.256,2523.9838437854996
5.257,2523.4151666434445
5.258,2522.7501569970004
5.259,2522.037532957687
5.26,2521.3263409545816
5.261,2520.661085003958
5.2620000000000005,2520.0774916875225
5.263,2519.599357071762
5.264,2519.236798598689
5.265,2518.9860769953716
5.266,2518.8309780142126
5.267,2518.7455707261365
5.268,2518.6980072705373
5.269,2518.654915162422
5.2700000000000005,2518.585869982866
5.271,2518.467430439784
5.272,2518.286269921203
5.273,2518.0410428886507
5.274,2517.74276912063
5.275,2517.4136877833926
5.276,2517.084707752905
5.277,2516.791741101977
5.2780000000000005,2516.5713353037418
5.279,2516.4561021109866
5.28,2516.470467986538
5.281,2516.6272392592855
5.282,2516.925388229712
5.283,2517.3493337373934
5.284,2517.8698258002937
5.285,2518.446366887003
5.2860000000000005,2519.0309317199353
5.287,2519.57260209407
5.288,2520.022629146383
5.289,2520.3393844107277
5.29,2520.4926686156546
5.291,2520.466912849971
5.292,2520.2629233709504
5.293,2519.897976290437
5.2940000000000005,2519.4042447520883
5.295,2518.825719752524
5.296,2518.2139469570493
5.297,2517.6230281113853
5.298,2517.1044131820354
5.299,2516.7020297440395
5.3,2516.448257221925
5.301,2516.3611597298213
5.3020000000000005,2516.443252825761
5.303,2516.681911747844
5.304,2517.0513500875495
5.305,2517.5159279929753
5.306,2518.0344065002982
5.307,2518.56466503731
5.308,2519.068353342029
5.309,2519.514961860287
5.3100000000000005,2519.884864521242
5.311,2520.171006739447
5.312,2520.3790662431743
5.313,2520.526087629146
5.314,2520.637764111925
5.315,2520.744692592998
5.316,2520.878043963923
5.317,2521.065156620907
5.3180000000000005,2521.3255701641947
5.319,2521.667967174045
5.32,2522.088389226954
5.321,2522.569950214746
5.322,2523.0841014259277
5.323,2523.59332745764
5.324,2524.054989337885
5.325,2524.425899362611
5.3260000000000005,2524.6671258198057
5.327,2524.748494699058
5.328,2524.6522832948685
5.329,2524.3756844322047
5.33,2523.931750812536
5.331,2523.348692441999
5.332,2522.667578376371
5.333,2521.9386675548217
5.3340000000000005,2521.216743241364
5.335,2520.555935083703
5.336,2520.0045699715233
5.337,2519.600591400691
5.338,2519.3680270291566
5.339,2519.314872069973
5.34,2519.4326043385245
5.341,2519.6973717484016
5.3420000000000005,2520.0727139637506
5.343,2520.5135163289797
5.344,2520.970763955012
5.345,2521.39658111114
5.346,2521.749014784663
5.347,2521.996054145189
5.348,2522.1184658989187
5.349,2522.1111592687503
5.3500000000000005,2521.982958727944
5.351,2521.7548394401097
5.352,2521.456850072478
5.353,2521.124091529339
5.354,2520.7922223606665
5.355,2520.4930109314187
5.356,2520.2504455486924
5.357,2520.077847746638
5.3580000000000005,2519.976318256089
5.359,2519.9346927692827
5.36,2519.9310124481017
5.361,2519.935341400308
5.362,2519.913609308197
5.363,2519.8320392172623
5.364,2519.6616513899116
5.365,2519.382321881122
5.3660000000000005,2518.985920584336
5.367,2518.478152949063
5.368,2517.878871490649
5.369,2517.2207919830466
5.37,2516.546726234572
5.371,2515.9056090367794
5.372,2515.3477329027082
5.373,2514.9196954664712
5.3740000000000006,2514.6596007032817
5.375,2514.593032286763
5.376,2514.730237770169
5.377,2515.0648344509677
5.378,2515.574185654359
5.3790000000000004,2516.2214174337482
5.38,2516.958869857652
5.381,2517.732623348609
5.382,2518.4876257560777
5.383,2519.172882510794
5.384,2519.746167206989
5.385,2520.177763776049
5.386,2520.452858083912
5.3870000000000005,2520.5723445464755
5.388,2520.5519859585434
5.389,2520.4200432143057
5.39,2520.2136563866347
5.391,2519.97439169308
5.392,2519.7434556957433
5.393,2519.557109265569
5.394,2519.442786142131
5.3950000000000005,2519.4163375898106
5.396,2519.4806950763314
5.397,2519.626081557345
5.398,2519.831726807298
5.399,2520.0688727593147
5.4,2520.3047098215693
5.401,2520.5067807101195
5.402,2520.647336056361
5.4030000000000005,2520.7071317019922
5.404,2520.678220550416
5.405,2520.5654051094707
5.406,2520.3861678620437
5.407,2520.1690685703943
5.408,2519.9507714488063
5.409,2519.7720214912442
5.41,2519.6730106900977
5.4110000000000005,2519.688647841297
5.412,2519.844261856244
5.413,2520.152226007862
5.414,2520.609893827773
5.415,2521.1990969404333
5.416,2521.887286308103
5.417,2522.6302196646566
5.418,2523.3759289546065
5.4190000000000005,2524.069560945206
5.42,2524.658587336698
5.421,2525.0978383568563
5.422,2525.3538307145786
5.423,2525.407935129406
5.424,2525.2580523703364
5.425,2524.9186263312713
5.426,2524.419000709809
5.4270000000000005,2523.8003028910857
5.428,2523.1111953395052
5.429,2522.402954084509
5.43,2521.724402790958
5.431,2521.1172420142525
5.432,2520.61226549645
5.433,2520.2268541710732
5.434,2519.9639951868458
5.4350000000000005,2519.812903628276
5.436,2519.7511474613934
5.437,2519.7480111159557
5.438,2519.7686982172945
5.439,2519.7788841191173
5.44,2519.7490938797646
5.441,2519.6584049052326
5.442,2519.4970529013044
5.4430000000000005,2519.267646103948
5.444,2518.984851872658
5.445,2518.673593892032
5.446,2518.365968027748
5.447,2518.0972314051915
5.448,2517.90132618237
5.449,2517.806454820585
5.45,2517.8312211752213
5.4510000000000005,2517.9817915977083
5.452,2518.250419011265
5.453,2518.6155228208854
5.454,2519.043345089072
5.455,2519.4910276993933
5.456,2519.9107956834464
5.457,2520.2548061980915
5.458,2520.4801447992004
5.4590000000000005,2520.5534294050044
5.46,2520.454520194965
5.461,2520.17892666302
5.462,2519.7386410800373
5.463,2519.161295692869
5.464,2518.487720751709
5.465,2517.7681522661906
5.466,2517.0574834551385
5.4670000000000005,2516.4100563113343
5.468,2515.8745383570736
5.469,2515.489419225659
5.47,2515.2795933568545
5.471,2515.254376379148
5.472,2515.4071467248064
5.473,2515.7166278210934
5.474,2516.149649150727
5.4750000000000005,2516.665065968733
5.476,2517.218394823818
5.477,2517.766648607507
5.478,2518.272838550683
5.479,2518.7096530055865
5.48,2519.0619191168994
5.481,2519.327592792208
5.482,2519.517189190656
5.4830000000000005,2519.651741706896
5.484,2519.759542621484
5.485,2519.8720548997553
5.486,2520.019476948619
5.487,2520.226480270873
5.488,2520.5086196895
5.489,2520.869839427056
5.49,2521.3013743189676
5.4910000000000005,2521.7821875998325
5.492,2522.2809125740655
5.493,2522.759094432099
5.494,2523.175379545304
5.495,2523.4901893835395
5.496,2523.6703570984882
5.497,2523.693203517626
5.498,2523.549586128519
5.4990000000000006,2523.245563505961
5.5,2522.8024666900837
5.501,2522.2553419491915
5.502,2521.6499071808785
5.503,2521.03832736965
5.5040000000000004,2520.474245059752
5.505,2520.007585310281
5.506,2519.6796818186317
5.507,2519.5192387435836
5.508,2519.5395546628065
5.509,2519.7373006347357
5.51,2520.092978165948
5.511,2520.5730031558055
5.5120000000000005,2521.1331882283976
5.513,2521.7232472224987
5.514,2522.2918381911954
5.515,2522.79160672541
5.516,2523.1836956049706
5.517,2523.4412490873556
5.518,2523.551553575671
5.519,2523.5166083641993
5.5200000000000005,2523.352093828217
5.521,2523.084880632222
5.522,2522.7493828620013
5.523,2522.383182922883
5.524,2522.022432898658
5.525,2521.6975574768385
5.526,2521.4297454117373
5.527,2521.228624191587
5.5280000000000005,2521.0913764645447
5.529,2521.0033920664628
5.53,2520.9403745440864
5.531,2520.8716553687523
5.532,2520.7643310455073
5.533,2520.587743425193
5.534,2520.3177823323167
5.535,2519.940506788377
5.5360000000000005,2519.454654830053
5.537,2518.872734113663
5.538,2518.2205426990195
5.539,2517.5351442566607
5.54,2516.86149509947
5.541,2516.248072712845
5.542,2515.7419699289767
5.543,2515.3839827856336
5.5440000000000005,2515.2042262093883
5.545,2515.218759107953
5.546,2515.4275948465047
5.547,2515.8143258680198
5.548,2516.3474184406323
5.549,2516.983054049503
5.55,2517.6692274256798
5.551,2518.350675845654
5.5520000000000005,2518.974124959483
5.553,2519.49330279037
5.554,2519.873199357725
5.555,2520.0931317551776
5.556,2520.148304408958
5.557,2520.0497173901895
5.558,2519.8224541628297
5.559,2519.5025544590967
5.5600000000000005,2519.1328290166766
5.561,2518.7580842036386
5.562,2518.420284012559
5.563,2518.1541781641545
5.564,2517.983868180843
5.565,2517.9206747362327
5.566,2517.9625215076267
5.567,2518.0948796456837
5.5680000000000005,2518.2931418343956
5.569,2518.526135167005
5.57,2518.760355400023
5.571,2518.9644255750773
5.572,2519.113258293599
5.573,2519.1914356709513
5.574,2519.195410282102
5.575,2519.1342642892782
5.5760000000000005,2519.028927515167
5.577,2518.9099302951454
5.578,2518.81393402382
5.579,2518.7794227876284
5.58,2518.8420376569347
5.581,2519.030080073333
5.582,2519.3606971736463
5.583,2519.8371911649124
5.5840000000000005,2520.4477746487946
5.585,2521.1659372168187
5.586,2521.952412867002
5.587,2522.75856214519
5.588,2523.530826730431
5.589,2524.2157946925413
5.59,2524.7653450715306
5.591,2525.1413285128738
5.5920000000000005,2525.319287863106
5.593,2525.29082382273
5.594,2525.0643549696542
5.595,2524.664192981753
5.596,2524.128033978181
5.597,2523.503135902101
5.598,2522.8415913400586
5.599,2522.1951999215044
5.6000000000000005,2521.6104841895785
5.601,2521.124373349953
5.602,2520.761002863192
5.603,2520.5299529738027
5.604,2520.426089799303
5.605,2520.430996148413
5.606,2520.515805248241
5.607,2520.645098177265
5.6080000000000005,2520.781411747499
5.609,2520.88984031988
5.61,2520.942209406155
5.611,2520.9203513644693
5.612,2520.818118067126
5.613,2520.641910381812
5.614,2520.4096734770696
5.615,2520.1484814872383
5.6160000000000005,2519.89099551845
5.617,2519.671207480979
5.618,2519.5199644742993
5.619,2519.4607952384213
5.62,2519.5065284742273
5.621,2519.6571060678507
5.622,2519.898861979193
5.623,2520.205374377332
5.6240000000000006,2520.53982257532
5.625,2520.8586109347934
5.626,2521.1158779763045
5.627,2521.268406464426
5.628,2521.2804007063583
5.6290000000000004,2521.1276063561013
5.63,2520.8003148493603
5.631,2520.3049120340766
5.632,2519.6637858499444
5.633,2518.9135841047873
5.634,2518.1019912312445
5.635,2517.283352915004
5.636,2516.5136021357043
5.6370000000000005,2515.845015791118
5.638,2515.3213493933426
5.639,2514.97385632605
5.64,2514.8186023324674
5.641,2514.8553457730736
5.642,2515.068085110838
5.643,2515.427195573436
5.644,2515.892906652724
5.6450000000000005,2516.419729640631
5.646,2516.9613452917747
5.647,2517.4754166811044
5.648,2517.9278061571617
5.649,2518.2957462599024
5.65,2518.5696345682286
5.651,2518.7532782584
5.652,2518.8625883660725
5.6530000000000005,2518.9228970275035
5.654,2518.9652241396248
5.655,2519.021935988269
5.656,2519.1223046358546
5.657,2519.2884859578994
5.658,2519.5323852332344
5.659,2519.853777626279
5.66,2520.2399080810524
5.6610000000000005,2520.6666269804223
5.662,2521.1009431312023
5.663,2521.50471368161
5.664,2521.839059519829
5.665,2522.0690091917986
5.666,2522.167844034631
5.667,2522.1206455740785
5.668,2521.926630313134
5.6690000000000005,2521.599987706973
5.67,2521.16910007259
5.671,2520.67420052189
5.672,2520.1636972149868
5.673,2519.6895403155722
5.674,2519.302115625895
5.675,2519.0452040482774
5.676,2518.9515425753125
5.6770000000000005,2519.0394606987725
5.678,2519.3109526069684
5.679,2519.7513926543124
5.68,2520.3309260057913
5.681,2521.0073872501926
5.682,2521.7304366955536
5.683,2522.4464748044034
5.684,2523.1038138741305
5.6850000000000005,2523.657561435177
5.686,2524.0737045127403
5.687,2524.331973951227
5.688,2524.4272034357773
5.689,2524.3690636931624
5.69,2524.180230329426
5.691,2523.8932142771896
5.692,2523.546228152595
5.6930000000000005,2523.178564152451
5.694,2522.8260083082914
5.695,2522.5168066930796
5.696,2522.2686327450438
5.697,2522.0868887501465
5.698,2521.9645217141688
5.699,2521.8833614061386
5.7,2521.816815473356
5.7010000000000005,2521.73360245399
5.702,2521.602085390548
5.703,2521.394699730144
5.704,2521.091956992718
5.705,2520.6855517045897
5.706,2520.180198283182
5.707,2519.593965969936
5.708,2518.957047899831
5.7090000000000005,2518.309076358728
5.71,2517.695260694093
5.711,2517.1617589363655
5.712,2516.7507839487835
5.713,2516.495979771437
5.714,2516.418579724114
5.715,2516.5247772423922
5.716,2516.804612035262
5.7170000000000005,2517.232511943459
5.718,2517.7694525649135
5.719,2518.36652181398
5.72,2518.9695242617317
5.721,2519.524147073488
5.722,2519.9811480261687
5.723,2520.3010231959724
5.724,2520.457667791743
5.7250000000000005,2520.440652160832
5.726,2520.2558843278784
5.727,2519.924604192127
5.728,2519.480833687828
5.729,2518.9675722122447
5.73,2518.4321594342427
5.731,2517.9213137608726
5.732,2517.4763849547608
5.7330000000000005,2517.1293305229337
5.734,2516.899840905662
5.735,2516.7939076778066
5.736,2516.8039665061706
5.737,2516.910570518896
5.738,2517.0853795415724
5.739,2517.295105160504
5.74,2517.5059468460877
5.7410000000000005,2517.688001935645
5.742,2517.8191378588526
5.743,2517.887877881489
5.744,2517.894964784725
5.745,2517.853417659574
5.746,2517.7870685811936
5.747,2517.7277392253445
5.748,2517.711373191817
5.7490000000000006,2517.773560537669
5.75,2517.9449632881942
5.751,2518.2471663347055
5.752,2518.6894352567138
5.753,2519.2667658101836
5.7540000000000004,2519.9594696664262
5.755,2520.7343728457627
5.756,2521.5475256650407
5.757000000000001,2522.348155489896
5.758,2523.083454655897
5.759,2523.7037009835612
5.76,2524.1671679291676
5.761,2524.4443001683594
5.7620000000000005,2524.520706388179
5.763,2524.39864606067
5.764,2524.0968473906078
5.765,2523.6486719760287
5.766,2523.0988185213523
5.767,2522.4989138919736
5.768,2521.9024578763106
5.769,2521.3596553643415
5.7700000000000005,2520.9126789696115
5.771,2520.5918554934747
5.772,2520.4131666034946
5.773,2520.377309073203
5.774,2520.470388904185
5.775,2520.6661454505306
5.776,2520.9294358729558
5.777,2521.2205750465487
5.7780000000000005,2521.5000362103456
5.779,2521.732982928894
5.78,2521.8931269874665
5.781,2521.9654868210564
5.782,2521.947747965482
5.783,2521.850086626376
5.784,2521.693491996769
5.785,2521.5067929917864
5.7860000000000005,2521.322741700974
5.787,2521.173612782529
5.788,2521.0868333459125
5.789,2521.081155420692
5.79,2521.163823127515
5.791,2521.3290757713858
5.792,2521.5581785387576
5.793,2521.821000866411
5.7940000000000005,2522.078987896556
5.795,2522.289212138166
5.796,2522.409068138021
5.797,2522.4010965163698
5.798,2522.2374037645122
5.799,2521.9031831334687
5.8,2521.398935666597
5.801,2520.7411287962677
5.8020000000000005,2519.9611978487555
5.803,2519.1029749154573
5.804,2518.218800225266
5.805,2517.3647146655458
5.806,2516.5952326826514
5.807,2515.9582413810576
5.808,2515.4905590845897
5.809,2515.214616261807
5.8100000000000005,2515.1366012286207
5.811,2515.246255598992
5.812,2515.518327281099
5.813,2515.915511286207
5.814,2516.3925501273475
5.815,2516.901043420479
5.816,2517.3944437371765
5.817,2517.8327006024265
5.8180000000000005,2518.186058269168
5.819,2518.437610538799
5.82,2518.5843565172254
5.821,2518.636669168857
5.822,2518.6162652405246
5.823,2518.5529310281468
5.824,2518.4803952343023
5.825,2518.431832746368
5.8260000000000005,2518.435521394726
5.827,2518.5111534994103
5.828,2518.667227633141
5.829,2518.8998220882227
5.83,2519.1928938709184
5.831,2519.5200732318744
5.832,2519.8477531385142
5.833,2520.139124717466
5.8340000000000005,2520.3587000999178
5.835,2520.47680556063
5.836,2520.4735269753974
5.837,2520.3416466719887
5.838,2520.088219541046
5.839,2519.7345848933296
5.84,2519.31478265821
5.841,2518.8725191488525
5.8420000000000005,2518.456989269987
5.843,2518.1179908283916
5.844,2517.900848228848
5.845,2517.8416881742346
5.846,2517.9635760936753
5.847,2518.2739324642052
5.848,2518.7635126596315
5.849,2519.4070672069593
5.8500000000000005,2520.165619548671
5.851,2520.990125232861
5.852,2521.8261288000613
5.853,2522.6189286259287
5.854,2523.318707163869
5.855,2523.8850901239234
5.856,2524.290662372362
5.857,2524.5230836099
5.8580000000000005,2524.585600464247
5.859,2524.495926605917
5.86,2524.283639632417
5.861,2523.9864033274876
5.862,2523.64544898687
5.863,2523.3008261689847
5.864,2522.9869531969734
5.865,2522.728958994314
5.8660000000000005,2522.54021484892
5.867,2522.42131792294
5.868,2522.360623033387
5.869,2522.336243830683
5.87,2522.3192785022393
5.871,2522.2778769698043
5.872,2522.181671576279
5.873,2522.0060520186234
5.8740000000000006,2521.7357823653683
5.875,2521.367531518757
5.876,2520.9110103000585
5.877,2520.388564947456
5.878,2519.833250844539
5.8790000000000004,2519.285582418469
5.88,2518.7893062206963
5.881,2518.386657391713
5.882000000000001,2518.113622341495
5.883,2517.995735445133
5.884,2518.0448841139896
5.885,2518.257490460418
5.886,2518.614290458274
5.8870000000000005,2519.08175910241
5.888,2519.6150514696415
5.889,2520.1621643765397
5.89,2520.668889667183
5.891,2521.0840427546973
5.892,2521.3644185276307
5.893,2521.478954631866
5.894,2521.411666449343
5.8950000000000005,2521.163049626409
5.896,2520.749810388067
5.897,2520.202963141721
5.898,2519.5645094341785
5.899,2518.8830631190262
5.9,2518.2088971849944
5.901,2517.5889460887784
5.902,2517.0622973760155
5.9030000000000005,2516.6566480415745
5.904,2516.386091060821
5.905,2516.2504480772704
5.906,2516.236191937073
5.907,2516.318826681199
5.908,2516.46643218786
5.909,2516.6439535820937
5.91,2516.81773576485
5.9110000000000005,2516.9597796755106
5.912,2517.051231694441
5.913,2517.084706937068
5.914,2517.0651810701324
5.915,2517.00934874709
5.916,2516.9435215919093
5.917,2516.9003053795773
5.918,2516.914436085489
5.9190000000000005,2517.018252175804
5.92,2517.2373249415095
5.921,2517.5867547912244
5.922,2518.068570621182
5.923,2518.670549391849
5.924,2519.366617035118
5.925,2520.118816978095
5.926,2520.8806581969966
5.9270000000000005,2521.6015000904217
5.928,2522.2315137246433
5.929,2522.7266912572463
5.93,2523.053365206307
5.931,2523.1917479863787
5.932,2523.1381045871576
5.933,2522.9053163211624
5.934,2522.521765413714
5.9350000000000005,2522.0286500941465
5.936,2521.47600811661
5.937,2520.9178649018077
5.938,2520.407015643941
5.939,2519.989988613984
5.94,2519.7027154186185
5.941,2519.5673555628773
5.942,2519.5905959763913
5.9430000000000005,2519.7635851478904
5.944,2520.0634838699452
5.945,2520.4564398251387
5.946,2520.901640497621
5.947,2521.3559848666805
5.948,2521.778851436183
5.949,2522.136435126488
5.95,2522.4051787629023
5.9510000000000005,2522.573930271463
5.952,2522.644602424626
5.953,2522.6312818128135
5.954,2522.557908758937
5.955,2522.4548106972106
5.956,2522.3545002583187
5.957,2522.2872316644007
5.958,2522.276835911021
5.9590000000000005,2522.3373236269545
5.96,2522.4706579680133
5.961,2522.665968025645
5.962,2522.9003106563123
5.963,2523.140913421004
5.964,2523.348662943091
5.965,2523.4824601910855
5.966,2523.5039629080975
5.9670000000000005,2523.3821870083934
5.968,2523.097448778898
5.969,2522.644197246479
5.97,2522.0324038329327
5.971,2521.28733159183
5.972,2520.4476819280435
5.973,2519.562293482236
5.974,2518.6857263972083
5.9750000000000005,2517.873188026109
5.976,2517.175329749017
5.977,2516.633460782613
5.978,2516.275681839328
5.979,2516.1143438601307
5.98,2516.1450954440857
5.981,2516.347612487162
5.982,2516.687923506344
5.9830000000000005,2517.122073828047
5.984,2517.6007298464756
5.985,2518.0742263684133
5.986,2518.4975162949445
5.987,2518.834497197875
5.988,2519.0612618841374
5.989,2519.16794167389
5.99,2519.158968330737
5.9910000000000005,2519.051755968523
5.992,2518.873978442336
5.993,2518.6597715054118
5.994,2518.4453054592723
5.995,2518.2642403747054
5.996,2518.143585006315
5.997,2518.100431402344
5.998,2518.139935502397
5.9990000000000006,2518.2547711146676
6.0,2518.4261165227776
6.001,2518.626058330934
6.002,2518.821135471177
6.003,2518.9766155873604
6.0040000000000004,2519.0610108658766
6.005,2519.0503103460082
6.006,2518.931434252785
6.007000000000001,2518.704499904761
6.008,2518.3836190562533
6.009,2517.99610879447
6.01,2517.580174422139
6.011,2517.181293625091
6.0120000000000005,2516.8476777266824
6.013,2516.6252916967765
6.014,2516.552967995712
6.015000000000001,2516.658144238257
6.016,2516.953691438922
6.017,2517.436185027691
6.018,2518.085817342149
6.019,2518.867974639658
6.0200000000000005,2519.736323018439
6.021,2520.6370855214354
6.022,2521.5140648514844
6.023,2522.3138865276064
6.024,2522.990914647236
6.025,2523.5113291302496
6.026,2523.8559453378275
6.027,2524.0214941499553
6.0280000000000005,2524.020247871683
6.029,2523.87805635731
6.03,2523.6310288683253
6.031,2523.3212416878514
6.032,2522.9919536323155
6.033,2522.6828602522946
6.034,2522.4259075278856
6.035,2522.2421185387475
6.0360000000000005,2522.1397695445135
6.037,2522.1140982399384
6.038,2522.1485537662165
6.039,2522.2174246099776
6.04,2522.289526051196
6.041,2522.3325104525866
6.042,2522.3172945219553
6.043,2522.222085368221
6.0440000000000005,2522.03553304766
6.045,2521.7586362423635
6.046,2521.405168724108
6.047,2521.0005616598673
6.048,2520.579351998858
6.049,2520.181470654499
6.05,2519.847777743269
6.051,2519.615340842445
6.0520000000000005,2519.512986100489
6.053,2519.5576271488735
6.054,2519.7517956853535
6.055,2520.0826691038433
6.056,2520.5227286655363
6.057,2521.0320041801615
6.058,2521.561687493438
6.059,2522.058746364691
6.0600000000000005,2522.471059179659
6.061,2522.7525316622978
6.062,2522.86765592741
6.063,2522.7950300409316
6.064,2522.5294664770095
6.065,2522.082468477948
6.066,2521.4810278976674
6.067,2520.764877576854
6.0680000000000005,2519.9824960620176
6.069,2519.1862945675166
6.07,2518.4275011137065
6.071,2517.7512855567893
6.072,2517.192638743107
6.073,2516.773432770652
6.074,2516.500956943072
6.075,2516.3680601326323
6.0760000000000005,2516.35485304036
6.077,2516.431752802435
6.078,2516.563506371068
6.079,2516.7137241301434
6.08,2516.8494027646684
6.081,2516.944922139837
6.082,2516.985064070542
6.083,2516.96671423686
6.0840000000000005,2516.899059431754
6.085,2516.802263971592
6.086,2516.704782331166
6.087,2516.639620587891
6.088,2516.6399797459876
6.089,2516.7347860159025
6.09,2516.944628573621
6.091,2517.2785824126777
6.0920000000000005,2517.732297291519
6.093,2518.2875940913464
6.094,2518.913642542977
6.095,2519.569617751954
6.096,2520.2085667925867
6.097,2520.7820792858424
6.098,2521.245262607794
6.099,2521.561483641204
6.1000000000000005,2521.7063592336694
6.101,2521.67055471977
6.102,2521.4610756856755
6.103,2521.10089892259
6.104,2520.6269666882035
6.105,2520.0867444967107
6.106,2519.5336974199954
6.107,2519.022156364479
6.1080000000000005,2518.6021112409553
6.109,2518.314475213357
6.11,2518.1873125230186
6.111,2518.233417428824
6.112,2518.4494851103927
6.113,2518.8169430485073
6.114,2519.3043323176244
6.115,2519.8709620084837
6.1160000000000005,2520.4714248116857
6.117,2521.0604723631463
6.118,2521.59771494939
6.119,2522.0516351471633
6.12,2522.402485978176
6.121,2522.643772075757
6.122,2522.7821729082016
6.123,2522.8359424281575
6.1240000000000006,2522.831990160434
6.125,2522.801995791113
6.126,2522.778016503629
6.127,2522.78810178067
6.128,2522.852428051541
6.1290000000000004,2522.9804057230176
6.13,2523.169100473193
6.131,2523.4031615344193
6.132000000000001,2523.6562786374498
6.133,2523.8940153668264
6.134,2524.0777092524445
6.135,2524.1690055502463
6.136,2524.1345161499667
6.1370000000000005,2523.9500759125735
6.138,2523.604108279029
6.139,2523.099706012555
6.140000000000001,2522.4551712150724
6.141,2521.702926162802
6.142,2520.8868846605174
6.143,2520.0585429228922
6.144,2519.2721907981104
6.1450000000000005,2518.5797427932775
6.146,2518.025732906743
6.147,2517.643002715296
6.148,2517.449539987317
6.149,2517.4468031074193
6.15,2517.6197080866186
6.151,2517.9382771897926
6.152,2518.360770646355
6.1530000000000005,2518.8379649058406
6.154,2519.3181196899313
6.155,2519.7521048620997
6.156,2520.0981445769517
6.157,2520.325681637614
6.158,2520.4179643541247
6.159,2520.3731004192605
6.16,2520.203491669622
6.1610000000000005,2519.933741392408
6.162,2519.597292491731
6.163,2519.232192026091
6.164,2518.876470336728
6.165,2518.563661107623
6.166,2518.318968180738
6.167,2518.156508230769
6.168,2518.077934131289
6.1690000000000005,2518.072585920041
6.17,2518.1191423091777
6.171,2518.188575063336
6.172,2518.248060281043
6.173,2518.265391177526
6.174,2518.2133785855503
6.175,2518.0737246116046
6.176,2517.8399118687394
6.1770000000000005,2517.5187592099287
6.178,2517.1304429440447
6.179,2516.706953768323
6.18,2516.289135140935
6.181,2515.9226090889074
6.182,2515.6530226926097
6.183,2515.521128518139
6.184,2515.5582360805274
6.1850000000000005,2515.7825361975165
6.186,2516.196709523492
6.187,2516.7870944274387
6.188,2517.5245225199064
6.189,2518.3667507671134
6.19,2519.262246879599
6.191,2520.1549383925985
6.192,2520.9894315940574
6.1930000000000005,2521.716155632859
6.194,2522.2958953252637
6.195,2522.7032424715953
6.196,2522.928612626042
6.197,2522.978629386661
6.198,2522.874854389749
6.199,2522.651019015764
6.2,2522.3490738921537
6.2010000000000005,2522.0144971366576
6.202,2521.6913783444793
6.203,2521.4178143931586
6.204,2521.2221133132707
6.205,2521.120208331663
6.206,2521.114546293329
6.207,2521.194548370103
6.208,2521.338564737036
6.2090000000000005,2521.517078273495
6.21,2521.6967737656596
6.211,2521.8449938617846
6.212,2521.9340616545765
6.213,2521.9449667544654
6.214,2521.869985119731
6.215,2521.7139245170447
6.216,2521.4938437471083
6.2170000000000005,2521.23726728775
6.218,2520.979088463184
6.219,2520.7575045414146
6.22,2520.609439519393
6.221,2520.565972190903
6.222,2520.64829139958
6.223,2520.8646465130405
6.224,2521.2086549051137
6.2250000000000005,2521.6591811964972
6.226,2522.1818313037284
6.227,2522.7319268603133
6.228,2523.2586618543014
6.229,2523.710011444453
6.23,2524.0378774682
6.231,2524.202925648545
6.232,2524.1785993152657
6.2330000000000005,2523.953880435811
6.234,2523.534501588142
6.235,2522.942477735502
6.236,2522.214006253928
6.237,2521.3959580087153
6.238,2520.541332342933
6.239,2519.704158263555
6.24,2518.934380989122
6.2410000000000005,2518.2732712297734
6.242,2517.749834421893
6.243,2517.3785853557306
6.244,2517.1589025954945
6.245,2517.0760034707573
6.246,2517.1034033425003
6.247,2517.2065617883773
6.248,2517.3472909810293
6.2490000000000006,2517.4884217754243
6.25,2517.598199523427
6.251,2517.653916817051
6.252,2517.644380159866
6.253,2517.570941880026
6.2540000000000004,2517.446992417885
6.255,2517.295983185973
6.256,2517.1482170200825
6.257000000000001,2517.036783254905
6.258,2516.993112082934
6.259,2517.042667211439
6.26,2517.201281945839
6.261,2517.472573183979
6.2620000000000005,2517.846748185341
6.263,2518.3009636013994
6.264,2518.8012223165606
6.265000000000001,2519.3056204323307
6.266,2519.768603460539
6.267,2520.145774530095
6.268,2520.3987311511005
6.269,2520.499398315566
6.2700000000000005,2520.4333756079614
6.271,2520.201919246117
6.272,2519.82232537849
6.273,2519.326652670927
6.274,2518.758901449007
6.275,2518.1709337909297
6.276,2517.617555667043
6.277,2517.15127349482
6.2780000000000005,2516.8172732966977
6.279,2516.6491470660394
6.28,2516.66581053142
6.281,2516.869928061221
6.282,2517.24799803339
6.283,2517.772073389728
6.284,2518.4029168411575
6.285,2519.0942374415727
6.2860000000000005,2519.797541659115
6.287,2520.4670699754715
6.288,2521.0642860875587
6.289,2521.5614402178876
6.29,2521.943834680128
6.291,2522.210566776525
6.292,2522.3736949873387
6.293,2522.455950300371
6.2940000000000005,2522.4872759533464
6.295,2522.500607986293
6.296,2522.5273915871185
6.297,2522.5933551922067
6.298,2522.715032774265
6.299,2522.8974382958854
6.3,2523.133164600195
6.301,2523.403016735054
6.3020000000000005,2523.678114940118
6.303,2523.9232347325437
6.304,2524.1010094095773
6.305,2524.1765197147583
6.306,2524.1217476690263
6.307,2523.919382088561
6.308,2523.5655310914153
6.309,2523.0710145877065
6.3100000000000005,2522.461064471826
6.311,2521.773434990182
6.312,2521.055101300363
6.313,2520.357881199254
6.314,2519.733436023311
6.315,2519.228178387031
6.316,2518.8786287102585
6.317,2518.7077176760545
6.3180000000000005,2518.722432636441
6.319,2518.913063294152
6.32,2519.2541312783273
6.321,2519.7069081301725
6.322,2520.2232563881503
6.323,2520.7503874542244
6.324,2521.236033112962
6.325,2521.6334854909655
6.3260000000000005,2521.905977403083
6.327,2522.0299494495657
6.328,2521.996873639022
6.329,2521.813462083249
6.33,2521.5002659459788
6.331,2521.0888448989535
6.332,2520.617841623053
6.333,2520.1284124911913
6.3340000000000005,2519.659531768777
6.335,2519.2436953328743
6.336,2518.9035002708943
6.337,2518.6494744423735
6.338,2518.4793866503064
6.339,2518.3790994851097
6.34,2518.3248519510007
6.341,2518.286697124133
6.3420000000000005,2518.2326893206337
6.343,2518.133330111175
6.344,2517.965752483653
6.345,2517.7171508917613
6.346,2517.387048714883
6.347,2516.9881245324905
6.348,2516.54548020391
6.349,2516.0944091300194
6.3500000000000005,2515.6768927930243
6.351,2515.337198857407
6.352,2515.117058587309
6.353,2515.0509533851096
6.354,2515.1620339471747
6.355,2515.4591313636947
6.356,2515.9352043435947
6.357,2516.5674131392666
6.3580000000000005,2517.3188354549407
6.359,2518.141661837019
6.36,2518.981547258125
6.361,2519.7826694695414
6.362,2520.492967073435
6.363,2521.069009706943
6.364,2521.4799915288368
6.365,2521.710433139328
6.3660000000000005,2521.761315880649
6.367,2521.6495409773443
6.368,2521.4057857488174
6.369,2521.071000509508
6.37,2520.6919340509407
6.371,2520.316177058977
6.372,2519.9872604668076
6.373,2519.740334516722
6.3740000000000006,2519.5988856191666
6.375,2519.5728296924435
6.376,2519.658165735964
6.377,2519.8381991293936
6.378,2520.0861698535437
6.3790000000000004,2520.368965759516
6.38,2520.651482276513
6.381,2520.901120608023
6.382000000000001,2521.0919040999715
6.383,2521.2077383353244
6.384,2521.2444394274935
6.385,2521.21029588441
6.386,2521.125096581197
6.3870000000000005,2521.0177321864676
6.388,2520.922640360199
6.389,2520.8754980096
6.390000000000001,2520.90865199877
6.391,2521.046813064192
6.392,2521.303512454957
6.393,2521.678739644236
6.394,2522.158051195892
6.3950000000000005,2522.713279592389
6.396,2523.3047942894827
6.397,2523.885094931157
6.398000000000001,2524.40336757956
6.399,2524.81052550426
6.4,2525.064198695265
6.401,2525.133137278759
6.402,2525.0005534717866
6.4030000000000005,2524.6660382337354
6.404,2524.1458402508524
6.405,2523.4714698166968
6.406,2522.6867694511725
6.407,2521.843757150307
6.408,2520.997679060642
6.409,2520.201791843383
6.41,2519.502421957198
6.4110000000000005,2518.9348166692166
6.412,2518.5202134413817
6.413,2518.26442018577
6.414,2518.1580335249228
6.415,2518.1782438237024
6.416,2518.292003969675
6.417,2518.460192503765
6.418,2518.64229674485
6.4190000000000005,2518.801089422953
6.42,2518.906778603525
6.421,2518.940174465932
6.422,2518.89453056109
6.423,2518.7758687413466
6.424,2518.6017691278166
6.425,2518.3987800970426
6.426,2518.1987590326626
6.4270000000000005,2518.034575196669
6.428,2517.935678134609
6.429,2517.9240505337602
6.43,2518.01102167007
6.431,2518.1953212409035
6.432,2518.462614161338
6.433,2518.7865902406584
6.434,2519.1315070495107
6.4350000000000005,2519.455919247823
6.436,2519.7171915371077
6.437,2519.8763004222405
6.438,2519.902392454892
6.439,2519.7765879181616
6.44,2519.4945968463117
6.441,2519.067840444176
6.442,2518.5229316312134
6.4430000000000005,2517.8995460126525
6.444,2517.246889609172
6.445,2516.619122941257
6.446,2516.0702157147366
6.447,2515.6487697622315
6.448,2515.3933530482477
6.449,2515.328833818483
6.45,2515.4640972013212
6.4510000000000005,2515.7913784052926
6.452,2516.287273292107
6.453,2516.9153074902333
6.454,2517.6297789716446
6.455,2518.3804542831526
6.456,2519.11761006482
6.457,2519.7968786744946
6.458,2520.38338310606
6.4590000000000005,2520.8547288664663
6.46,2521.202549825032
6.461,2521.4324668888794
6.462,2521.5624947601295
6.463,2521.620103492175
6.464,2521.6382891636463
6.465,2521.6511154775703
6.466,2521.68924367744
6.4670000000000005,2521.7759658171813
6.468,2521.924196514358
6.469,2522.1347676146247
6.47,2522.3962210822465
6.471,2522.6861245392424
6.472,2522.973760247298
6.473,2523.2238813081667
6.474,2523.4011059586646
6.4750000000000005,2523.474445789486
6.476,2523.4214449611654
6.477,2523.231447231652
6.478,2522.9076015742917
6.479,2522.467355066083
6.48,2521.941348396743
6.481,2521.370806412733
6.482,2520.803684007563
6.4830000000000005,2520.289967815993
6.484,2519.8766310083956
6.485,2519.6027812017496
6.486,2519.495525238367
6.487,2519.567000950406
6.488,2519.8129029588645
6.489,2520.212670426069
6.49,2520.731326843685
6.4910000000000005,2521.3227848162223
6.492,2521.934271749986
6.493,2522.5114125416862
6.494,2523.00343586059
6.495,2523.3679589943595
6.496,2523.5748536931083
6.497,2523.6087967289786
6.498,2523.470252821555
6.4990000000000006,2523.1748083271914
6.5,2522.7509528957144
6.501,2522.236573547725
6.502,2521.67456301025
6.503,2521.1080366761266
6.5040000000000004,2520.5756901976038
6.505,2520.107808526639
6.506,2519.7233597085337
6.507000000000001,2519.4284816658665
6.508,2519.2165115582497
6.509,2519.0695327415488
6.51,2518.9612432836457
6.511,2518.8608014171227
6.5120000000000005,2518.737193706642
6.513,2518.5636132326727
6.514,2518.3213342216736
6.515000000000001,2518.002626374347
6.516,2517.6123603472474
6.517,2517.168103416476
6.518,2516.698674908725
6.519,2516.2413055748516
6.5200000000000005,2515.8377042864972
6.521,2515.5294615176995
6.522,2515.353297933345
6.523000000000001,2515.336689149896
6.524,2515.4943616570627
6.525,2515.826063783866
6.526,2516.315879334607
6.527,2516.933184986454
6.5280000000000005,2517.635173972821
6.529,2518.370697575433
6.53,2519.0850313126502
6.531,2519.7250703698883
6.532,2520.2444100703915
6.533,2520.6077774569344
6.534,2520.7943482991714
6.535,2520.799602646977
6.5360000000000005,2520.635528458759
6.537,2520.3291597622283
6.538,2519.919613924279
6.539,2519.4539524664347
6.54,2518.9823140300978
6.541,2518.5528430723252
6.542,2518.206955573671
6.543,2517.975441681135
6.5440000000000005,2517.8758094986642
6.545,2517.9111348494134
6.546,2518.0705142282095
6.547,2518.3310408768357
6.548,2518.6610565180126
6.549,2519.0242922176226
6.55,2519.384416389895
6.551,2519.709466553908
6.5520000000000005,2519.9756585371565
6.553,2520.1701403704787
6.554,2520.2923798471948
6.555,2520.3540310174403
6.556,2520.377298323945
6.557,2520.3919883330777
6.558,2520.4315889953805
6.559,2520.528828360119
6.5600000000000005,2520.71122615263
6.561,2520.997155678719
6.562,2521.3928795856073
6.563,2521.890916950217
6.564,2522.4699526321674
6.565,2523.096328970351
6.566,2523.726983587507
6.567,2524.3135348034716
6.5680000000000005,2524.8070859356876
6.569,2525.1632360728822
6.57,2525.346757126652
6.571,2525.335428333092
6.572,2525.1226066208974
6.573,2524.718244958054
6.574,2524.1482363891446
6.575,2523.4521409086565
6.5760000000000005,2522.679525973641
6.577,2521.885300351857
6.578,2521.124528846313
6.579,2520.44727044964
6.58,2519.8939786716037
6.581,2519.4919406122403
6.582,2519.2531176830726
6.583,2519.1735982140563
6.5840000000000005,2519.23469729359
6.585,2519.4055612601965
6.586,2519.646972789734
6.587,2519.915925153732
6.588,2520.1704548337943
6.589,2520.374198830211
6.59,2520.5001790231
6.591,2520.5334066620057
6.5920000000000005,2520.472035279845
6.593,2520.3269549591837
6.594,2520.1198966086026
6.595,2519.8802822205853
6.596,2519.641197423896
6.597,2519.4349604641393
6.598,2519.2888062225215
6.599,2519.221190110885
6.6000000000000005,2519.239146217392
6.601,2519.3370147662354
6.602,2519.496699060398
6.603,2519.689438816535
6.604,2519.8789144428433
6.605,2520.0253445412645
6.606,2520.0901237186117
6.607,2520.0404825687656
6.6080000000000005,2519.853643829366
6.609,2519.5199992767316
6.61,2519.0449355006167
6.611,2518.4490820270075
6.612,2517.766926433774
6.613,2517.0439193511493
6.614,2516.3323579636326
6.615,2515.686471584641
6.6160000000000005,2515.1572221689603
6.617,2514.7873663691553
6.618,2514.6073001304553
6.619,2514.6321245675094
6.62,2514.8602419072913
6.621,2515.2736267845457
6.622,2515.8397389897814
6.623,2516.5148684637134
6.6240000000000006,2517.248551042133
6.625,2517.9885807810515
6.626,2518.686083872691
6.627,2519.3001167341977
6.628,2519.8013069299745
6.6290000000000004,2520.1741638662443
6.63,2520.4178346380013
6.631,2520.5452525832925
6.632000000000001,2520.5808029959753
6.633,2520.556792569929
6.634,2520.509138665199
6.635,2520.472777200148
6.636,2520.477314877282
6.6370000000000005,2520.543419720674
6.638,2520.6803572054932
6.639,2520.8849473397813
6.640000000000001,2521.1420556580424
6.641,2521.426556313416
6.642,2521.706537779677
6.643,2521.9473797729665
6.644,2522.1162296942452
6.6450000000000005,2522.1863593860726
6.646,2522.140893650212
6.647,2521.97546969898
6.648000000000001,2521.6995040977076
6.649,2521.335897869937
6.65,2520.9191842651867
6.651,2520.492298005229
6.652,2520.1023003145556
6.6530000000000005,2519.795513435208
6.654,2519.6125883100904
6.655,2519.5840418047565
6.656000000000001,2519.7267536408954
6.657,2520.0418130353137
6.658,2520.5139617269892
6.659,2521.1127092433817
6.66,2521.79501656344
6.6610000000000005,2522.5092754309303
6.662,2523.2001709432225
6.663,2523.8139199721686
6.664,2524.3033378673636
6.665,2524.6322051236084
6.666,2524.7784821314103
6.667,2524.7360453678334
6.668,2524.51477867451
6.6690000000000005,2524.1390310279303
6.67,2523.6446279561205
6.671,2523.0747782648746
6.672,2522.4753341387514
6.673,2521.8899283272376
6.674,2521.3555199712846
6.675,2520.8988300021706
6.676,2520.5340437286027
6.6770000000000005,2520.26201379364
6.678,2520.0710272213255
6.679,2519.9390246111243
6.68,2519.8369971587776
6.681,2519.7331560699004
6.682,2519.5973835894592
6.683,2519.4054447132503
6.684,2519.1424669713197
6.6850000000000005,2518.8052792869307
6.686,2518.4033304964782
6.687,2517.9580692443233
6.688,2517.5008417162335
6.689,2517.0695325979787
6.69,2516.704318922697
6.691,2516.4430099934834
6.692,2516.3164977222896
6.6930000000000005,2516.3448346802365
6.694,2516.534392507347
6.695,2516.8764380525745
6.696,2517.3473112874635
6.697,2517.9102144641165
6.698,2518.518445351643
6.699,2519.1197481293184
6.7,2519.661331203425
6.7010000000000005,2520.0950255952803
6.702,2520.382039032552
6.703,2520.4968016122452
6.704,2520.4294945336715
6.705,2520.1869935359905
6.706,2519.7921280407118
6.707,2519.281337107185
6.708,2518.7009744924817
6.7090000000000005,2518.1026586834682
6.71,2517.5381640927053
6.711,2517.0543957915406
6.712,2516.6889772546892
6.713,2516.4669101622467
6.714,2516.3986452135896
6.715,2516.4797464626863
6.716,2516.6921561693143
6.7170000000000005,2517.0068919251225
6.718,2517.3878521396946
6.719,2517.796286949683
6.72,2518.195422259093
6.721,2518.5547124404457
6.722,2518.8532434048966
6.723,2519.0819070108196
6.724,2519.24410898515
6.7250000000000005,2519.3549399096446
6.726,2519.438913720083
6.727,2519.526541104897
6.728,2519.6501380291606
6.729,2519.8393575493064
6.73,2520.116966300525
6.731,2520.4953617754813
6.732,2520.974245496098
6.7330000000000005,2521.539739320794
6.734,2522.1650715418123
6.735,2522.812783870796
6.736,2523.438239331068
6.737,2523.9940634554014
6.738,2524.435043452217
6.739,2524.722954199231
6.74,2524.830782389035
6.7410000000000005,2524.745880808152
6.742,2524.4716970878676
6.743,2524.027873125254
6.744,2523.44868617348
6.745,2522.7799812327216
6.746,2522.074907283327
6.747,2521.3888992444836
6.748,2520.774429138609
6.7490000000000006,2520.2760748493374
6.75,2519.9264203502275
6.751,2519.7432111394382
6.752,2519.728052728741
6.753,2519.866773300384
6.7540000000000004,2520.1313923303765
6.755,2520.4834647100033
6.756,2520.878423507996
6.757000000000001,2521.2704399630506
6.758,2521.6172679161937
6.759,2521.8845471537156
6.76,2522.0491050398464
6.761,2522.1009110330597
6.7620000000000005,2522.0434913288664
6.763,2521.8927839779954
6.764,2521.6745891861165
6.765000000000001,2521.420925798192
6.766,2521.1657259217222
6.767,2520.9403718979643
6.768,2520.769595445143
6.769,2520.6682161117624
6.7700000000000005,2520.639099993942
6.771,2520.6725807213056
6.772,2520.7474184770936
6.773000000000001,2520.833197795921
6.774,2520.8939005668194
6.775,2520.8922553772636
6.776,2520.7943731839064
6.777,2520.574142532434
6.7780000000000005,2520.216879407028
6.779,2519.7218050208244
6.78,2519.1030509731386
6.781000000000001,2518.389051398158
6.782,2517.620358423005
6.783,2516.846090996078
6.784,2516.1193787836523
6.785,2515.492275609319
6.7860000000000005,2515.010678322569
6.787,2514.709790156446
6.788,2514.6106120896866
6.789,2514.7178374361306
6.79,2515.0193756110607
6.791,2515.4875570435934
6.792,2516.0818915070213
6.793,2516.753086345765
6.7940000000000005,2517.447897281945
6.795,2518.1142972643183
6.796,2518.706417637714
6.797,2519.1887440672945
6.798,2519.5391339389635
6.799,2519.75035300757
6.8,2519.8299923889745
6.801,2519.7988045785214
6.8020000000000005,2519.687669478923
6.803,2519.5335495050895
6.804,2519.3749004758365
6.805,2519.2470604657037
6.806,2519.178136116551
6.807,2519.185845570991
6.808,2519.275666033256
6.809,2519.4404844436626
6.8100000000000005,2519.661778556626
6.811,2519.912181908436
6.812,2520.1591290926212
6.813,2520.3691549047803
6.814,2520.5123459537513
6.815,2520.5664246287533
6.816,2520.519984991807
6.817,2520.3744938853724
6.8180000000000005,2520.144807964313
6.819,2519.8581232805677
6.82,2519.551450091834
6.821,2519.267872206742
6.822,2519.0519889015177
6.823,2518.945032785345
6.824,2518.980198258149
6.825,2519.178697651807
6.8260000000000005,2519.5469875123604
6.827,2520.07548380179
6.828,2520.7389255263897
6.829,2521.4983688278658
6.83,2522.304617324661
6.831,2523.102738777419
6.832,2523.8372000531235
6.833,2524.4570848415597
6.8340000000000005,2524.9208490579927
6.835,2525.2001184099267
6.836,2525.282135798646
6.837,2525.1706117712547
6.838,2524.8849032002545
6.839,2524.4576249239885
6.84,2523.930966596389
6.841,2523.352124177175
6.8420000000000005,2522.7683474087535
6.843,2522.2221413344623
6.844,2521.747137561145
6.845,2521.36507220757
6.846,2521.0841811643168
6.847,2520.899163498376
6.848,2520.7926883095993
6.849,2520.7382485330936
6.8500000000000005,2520.704016084524
6.851,2520.6572428256445
6.852,2520.568693189025
6.853,2520.416593356204
6.854,2520.189638647391
6.855,2519.888708872997
6.856,2519.527088749419
6.857,2519.129160673754
6.8580000000000005,2518.7277112296065
6.859,2518.3601513659237
6.86,2518.0640755673357
6.861,2517.8726634970685
6.862,2517.81044973904
6.863,2517.889950786299
6.864,2518.109547198622
6.865,2518.4528828285893
6.8660000000000005,2518.889877110855
6.867,2519.3792688718236
6.868,2519.872440514236
6.869,2520.3181284923676
6.87,2520.6675255434743
6.871,2520.879233352169
6.872,2520.923536481916
6.873,2520.7855383220544
6.8740000000000006,2520.46681993158
6.875,2519.9854399505516
6.876,2519.374271045479
6.877,2518.677846300702
6.878,2517.9480481309893
6.8790000000000004,2517.2390952984197
6.88,2516.6023570652937
6.881,2516.0815394425376
6.882000000000001,2515.708745253123
6.883,2515.5018121685544
6.884,2515.463191795571
6.885,2515.5804638547233
6.886,2515.828401113614
6.8870000000000005,2516.172332621257
6.888,2516.5724133768676
6.889,2516.9883131016986
6.890000000000001,2517.3837956392954
6.891,2517.730678049801
6.892,2518.011732563993
6.893,2518.2222168537364
6.894,2518.3698748734173
6.8950000000000005,2518.4734243481926
6.896,2518.5597184817825
6.897,2518.6599195564663
6.898000000000001,2518.805134112875
6.899,2519.0220208685787
6.9,2519.3288866107114
6.901,2519.732731492877
6.902,2520.227599414115
6.9030000000000005,2520.794443157406
6.904,2521.40254389087
6.905,2522.0123493480114
6.906000000000001,2522.579433969998
6.907,2523.059155431386
6.908,2523.4114996704257
6.909,2523.605580073421
6.91,2523.623288936209
6.9110000000000005,2523.4616873597815
6.912,2523.133853811885
6.913,2522.6680770907547
6.914,2522.1054582636266
6.915,2521.496158727955
6.916,2520.894678924891
6.917,2520.3546582347344
6.918,2519.9237395435416
6.9190000000000005,2519.639036041972
6.92,2519.5236736130682
6.921,2519.584766688169
6.922,2519.8130313248676
6.923,2520.184063347112
6.924,2520.6611309235004
6.925,2521.19916944713
6.926,2521.7495396392537
6.9270000000000005,2522.2650312318437
6.928,2522.7045728601292
6.929,2523.037146124027
6.93,2523.244493868276
6.931,2523.322349277757
6.932,2523.280078202968
6.933,2523.138803839439
6.934,2522.928250935205
6.9350000000000005,2522.682687534568
6.936,2522.4364403646196
6.937,2522.219504563519
6.938,2522.053754701805
6.939,2521.950193591639
6.94,2521.9075561270997
6.941,2521.9124306691915
6.942,2521.9408875294293
6.9430000000000005,2521.961432184337
6.944,2521.938949128125
6.945,2521.839187670097
6.946,2521.6332763309765
6.947,2521.3017450878474
6.948,2520.8375855246186
6.949,2520.2479824808634
6.95,2519.5544957271754
6.9510000000000005,2518.7916406003683
6.952,2518.003993632273
6.953,2517.2421134518145
6.954,2516.557700463023
6.955,2515.9985062202495
6.956,2515.603535275212
6.957,2515.3990548982833
6.958,2515.3958443283877
6.9590000000000005,2515.587984132898
6.96,2515.9533221214724
6.961,2516.4555729600106
6.962,2517.0478337527934
6.963,2517.677146505834
6.964,2518.2896270784117
6.965,2518.83562110503
6.966,2519.2743468315543
6.9670000000000005,2519.5775428327356
6.968,2519.731748715728
6.969,2519.7389970061904
6.97,2519.61586793166
6.971,2519.3910366846467
6.972,2519.1016054433267
6.973,2518.78864213255
6.974,2518.492430468585
6.9750000000000005,2518.2479623143745
6.976,2518.0811710443227
6.977,2518.006317239707
6.978,2518.0248054414415
6.979,2518.1255476915744
6.98,2518.286814354993
6.981,2518.479344717035
6.982,2518.6703477672977
6.9830000000000005,2518.8279231848937
6.984,2518.925384985773
6.985,2518.9449808658064
6.986,2518.8805678143945
6.987,2518.738921603125
6.988,2518.5395112997107
6.989,2518.3127429855767
6.99,2518.096850154223
6.9910000000000005,2517.933762569426
6.992,2517.8644034753197
6.993,2517.923933759101
6.994,2518.1374731975634
6.995,2518.516781802008
6.996,2519.058283517723
6.997,2519.7426710682194
6.998,2520.5361602238945
6.9990000000000006,2521.393282890093
7.0,2522.26094077376
7.001,2523.083303416389
7.002,2523.8070412530406
7.003,2524.38634634333
7.0040000000000004,2524.787214749065
7.005,2524.9905429246182
7.006,2524.9937173992976
7.007000000000001,2524.810538603654
7.008,2524.469498263529
7.009,2524.010605840767
7.01,2523.4811138126734
7.011,2522.93060733218
7.0120000000000005,2522.4059884285984
7.013,2521.9468914578106
7.014,2521.582014443964
7.015000000000001,2521.3267461699443
7.016,2521.1823230573536
7.017,2521.136579210056
7.018,2521.16617636736
7.019,2521.240037434176
7.0200000000000005,2521.3235757055304
7.021,2521.3832263474296
7.022,2521.3907564935134
7.023000000000001,2521.3268586883014
7.024,2521.1836160860285
7.025,2520.9655574084763
7.026,2520.6891807033303
7.027,2520.3809994741805
7.0280000000000005,2520.0743333290607
7.029,2519.805209129203
7.03,2519.607841663474
7.031000000000001,2519.510213590178
7.032,2519.530267031945
7.033,2519.6731544673003
7.034,2519.9298814796357
7.035,2520.2775211317808
7.0360000000000005,2520.6810060579132
7.037,2521.0963289701467
7.038,2521.4748245562423
7.039000000000001,2521.768083174968
7.04,2521.9329729690553
7.041,2521.93623029275
7.042,2521.75812070156
7.043,2521.394769688037
7.0440000000000005,2520.8589033722465
7.045,2520.178909113677
7.046,2519.3963059757707
7.047,2518.5618854829695
7.048,2517.730925527782
7.049,2516.957979052988
7.05,2516.291783479287
7.051,2515.7708219703554
7.0520000000000005,2515.419995221039
7.053,2515.2487405244965
7.054,2515.2507768494215
7.055,2515.4054779125017
7.056,2515.6806991678004
7.057,2516.0367285510065
7.058,2516.430911779202
7.059,2516.8224339748886
7.0600000000000005,2517.176727784535
7.061,2517.4690250810995
7.062,2517.6866694044434
7.063,2517.8299482737993
7.064,2517.911372560805
7.065,2517.953505539903
7.066,2517.985607544471
7.067,2518.039495225218
7.0680000000000005,2518.1451024727467
7.069,2518.3262633669997
7.07,2518.597212367118
7.071,2518.960216153304
7.072,2519.404624048901
7.073,2519.907463939112
7.074,2520.4355358341054
7.075,2520.94878512369
7.0760000000000005,2521.4045910697323
7.077,2521.762499524892
7.078,2521.988874199362
7.079,2522.0609442475106
7.08,2521.9697873256137
7.081,2521.721899991642
7.082,2521.339159109927
7.083,2520.8571521860613
7.0840000000000005,2520.3220321828467
7.085,2519.7862138453124
7.086,2519.3033561266247
7.087,2518.9231548955536
7.088,2518.6864929125236
7.089,2518.6214575044037
7.09,2518.740644380439
7.091,2519.040028629031
7.0920000000000005,2519.4995161160714
7.093,2520.085108603475
7.094,2520.7524435730547
7.095,2521.4513237853685
7.096,2522.130747925342
7.097,2522.7439035295365
7.098,2523.25259210738
7.099,2523.630622839993
7.1000000000000005,2523.8658280000104
7.101,2523.960507301857
7.102,2523.9302827003703
7.103,2523.8015204459175
7.104,2523.6076341436
7.105,2523.3847038810873
7.106,2523.1669188761057
7.107,2522.9823666721995
7.1080000000000005,2522.8496490959124
7.109,2522.775708860617
7.11,2522.755111663121
7.111,2522.7708623936364
7.112,2522.796659197161
7.113,2522.800325068417
7.114,2522.7480217156753
7.115,2522.6087596492544
7.1160000000000005,2522.358682005651
7.117,2521.9846216576616
7.118,2521.486509354507
7.119,2520.87833642734
7.12,2520.18753514315
7.121,2519.452815492994
7.122,2518.7206696393373
7.123,2518.0409053276653
7.1240000000000006,2517.4616806282934
7.125,2517.024572029043
7.126,2516.7602094071385
7.127,2516.6849544228535
7.128,2516.798989490597
7.1290000000000004,2517.0860345615647
7.13,2517.5147348340197
7.131,2518.041583207697
7.132000000000001,2518.615076419272
7.133,2519.1806713681694
7.134,2519.6860226453364
7.135,2520.08595304589
7.136,2520.3466390421827
7.1370000000000005,2520.4485794612738
7.138,2520.388048447443
7.139,2520.1768985941685
7.140000000000001,2519.840758807989
7.141,2519.4158444279283
7.142,2518.9447454358224
7.143,2518.4716660638296
7.144,2518.03764406553
7.1450000000000005,2517.676274498552
7.146,2517.4104016440074
7.147,2517.250130607993
7.148000000000001,2517.1923597590317
7.149,2517.221863207941
7.15,2517.3137781440296
7.151,2517.4371943572496
7.152,2517.5594201577314
7.1530000000000005,2517.6504237852505
7.154,2517.6869305853807
7.155,2517.65569577359
7.156000000000001,2517.5555660983446
7.157,2517.3980807504818
7.158,2517.206527216136
7.159,2517.013543051855
7.16,2516.857520273652
7.1610000000000005,2516.7782067357916
7.162,2516.8119931509127
7.163,2516.9874146756038
7.164000000000001,2517.3213776193425
7.165,2517.81654667193
7.166,2518.4602042081056
7.167,2519.2247342314085
7.168,2520.0697067816627
7.1690000000000005,2520.945363558669
7.17,2521.7971513673006
7.171,2522.5708337527813
7.172,2523.21764571248
7.173,2523.6989489232938
7.174,2523.9898964265194
7.175,2524.0817206093793
7.176,2523.982405196055
7.1770000000000005,2523.715674785083
7.178,2523.318415371417
7.179,2522.8368066255653
7.18,2522.321583212227
7.181,2521.822933254356
7.182,2521.385577350221
7.183,2521.044547600523
7.184,2520.8221056810658
7.1850000000000005,2520.726111084071
7.186,2520.7499894336975
7.187,2520.8742740823996
7.188,2521.0695215088413
7.189,2521.3002513804795
7.19,2521.5294519542786
7.191,2521.723132820965
7.192,2521.8544061931434
7.1930000000000005,2521.906634929982
7.194,2521.875293821082
7.195,2521.768338183738
7.196,2521.6050440942886
7.197,2521.4134586008026
7.198,2521.226756667478
7.199,2521.078926733154
7.2,2521.000284667713
7.2010000000000005,2521.0133378547507
7.202,2521.129484590703
7.203,2521.3469429264655
7.204,2521.6501674927435
7.205,2522.010847697084
7.206,2522.3904042083595
7.207,2522.743732386971
7.208,2523.0237999365927
7.2090000000000005,2523.186607271906
7.21,2523.1959739688336
7.211,2523.027628343786
7.212,2522.6721483782717
7.213,2522.1364232130254
7.214,2521.443462132931
7.215,2520.6305551482646
7.216,2519.745966584168
7.2170000000000005,2518.844501120254
7.218,2517.9824031781
7.219,2517.2121221419247
7.22,2516.577489789376
7.221,2516.1098110046155
7.222,2515.825269336222
7.223,2515.723906180477
7.224,2515.790261986328
7.2250000000000005,2515.995588573178
7.226,2516.301373063333
7.227,2516.6637744884447
7.228,2517.0384790317466
7.229,2517.3854394110926
7.23,2517.6729823557716
7.231,2517.880843252356
7.232,2518.0018103587095
7.2330000000000005,2518.0418187370606
7.234,2518.018508686911
7.235,2517.958435581471
7.236,2517.893268549025
7.237,2517.855427729476
7.238,2517.8736714664324
7.239,2517.969148980883
7.24,2518.152380399316
7.2410000000000005,2518.421520478734
7.242,2518.7621167358047
7.243,2519.148403150831
7.244,2519.5459960416874
7.245,2519.915698523795
7.246,2520.2179920481713
7.247,2520.417712146269
7.248,2520.4883798757123
7.2490000000000006,2520.4156935677643
7.25,2520.199773843862
7.251,2519.855888897253
7.252,2519.413552066281
7.253,2518.9140616477857
7.2540000000000004,2518.406724145997
7.255,2517.9441478577437
7.256,2517.5770977725506
7.257000000000001,2517.3494536843646
7.258,2517.2938054670085
7.259,2517.4281534149186
7.26,2517.754064532296
7.261,2518.256480404398
7.2620000000000005,2518.9051957412194
7.263,2519.6578481218157
7.264,2520.4640983820113
7.265000000000001,2521.2705550506007
7.266,2522.025918966212
7.267,2522.6858040540974
7.268,2523.2167292881645
7.269,2523.598870686097
7.2700000000000005,2523.8273003527665
7.271,2523.911606811706
7.272,2523.8739686903027
7.273000000000001,2523.7459226635183
7.274,2523.5642078521955
7.275,2523.3661671265627
7.276,2523.1852302713746
7.277,2523.046989968558
7.2780000000000005,2522.9663107619494
7.279,2522.9457915810035
7.28,2522.9757474006637
7.281000000000001,2523.0357024947716
7.282,2523.097215785803
7.283,2523.1277071496443
7.284,2523.0948390879107
7.285,2522.970943693625
7.2860000000000005,2522.736977532142
7.287,2522.3855378228523
7.288,2521.9225765840383
7.289000000000001,2521.3675938111787
7.29,2520.7522603427433
7.291,2520.117597059734
7.292,2519.5099999581544
7.293,2518.9765323340503
7.2940000000000005,2518.5599911501304
7.295,2518.294284970993
7.296,2518.2006321285908
7.297,2518.2850029823035
7.298,2518.5370984236733
7.299,2518.9309924794984
7.3,2519.4273879294624
7.301,2519.9772598503605
7.3020000000000005,2520.5265119830074
7.303,2521.0211612284884
7.304,2521.412508430175
7.305,2521.661755151625
7.306,2521.743586245411
7.307,2521.648350032753
7.308,2521.3826195948127
7.309,2520.968093389036
7.3100000000000005,2520.4389720132535
7.311,2519.8381109060774
7.312,2519.2123782992894
7.313,2518.607729731673
7.314,2518.064536048389
7.315,2517.6136684172784
7.316,2517.2737553653938
7.317,2517.049893114842
7.3180000000000005,2516.9339264802124
7.319,2516.9062414997534
7.32,2516.9388423300343
7.321,2516.9993424053564
7.322,2517.055399199371
7.323,2517.0790742241047
7.324,2517.050610380271
7.325,2516.961186200233
7.3260000000000005,2516.8143233558376
7.327,2516.6257770151756
7.328,2516.4219111663256
7.329,2516.2367336744132
7.33,2516.107919368069
7.331,2516.072266733094
7.332,2516.1611016942047
7.333,2516.3961528135774
7.3340000000000005,2516.7863746580383
7.335,2517.3260951798293
7.336,2517.9947197210804
7.337,2518.758054390294
7.338,2519.5711337413286
7.339,2520.382271496059
7.34,2521.1379168299127
7.341,2521.7878075551016
7.3420000000000005,2522.289875527833
7.343,2522.614382858109
7.344,2522.7468475913856
7.345,2522.689445792538
7.346,2522.4607394312957
7.347,2522.093758419978
7.348,2521.632641050988
7.349,2521.1281907193575
7.3500000000000005,2520.6328214365335
7.351,2520.195427774482
7.352,2519.8567197098228
7.353,2519.6455089546866
7.354,2519.57632679732
7.355,2519.6486060396423
7.356,2519.8474875911447
7.357,2520.1461346139304
7.3580000000000005,2520.5092733532265
7.359,2520.8975479041674
7.36,2521.2721905851636
7.361,2521.5994796029054
7.362,2521.8544844428793
7.363,2522.0236835470114
7.364,2522.106168874414
7.365,2522.1133133436833
7.3660000000000005,2522.0669519317516
7.367,2521.9962958962055
7.368,2521.933943424536
7.369,2521.9114529878966
7.37,2521.954996315795
7.371,2522.081600542254
7.372,2522.296424465519
7.373,2522.5913991240527
7.3740000000000006,2522.9454106982203
7.375,2523.326030943647
7.376,2523.6926260992586
7.377,2524.0005188330238
7.378,2524.205756688001
7.3790000000000004,2524.269968197617
7.38,2524.164772511863
7.381,2523.8752519014092
7.382000000000001,2523.4020942819143
7.383,2522.762154335846
7.384,2521.9873514870724
7.385,2521.122002354896
7.386,2520.2188547371516
7.3870000000000005,2519.3342310733783
7.388,2518.5227862589163
7.389,2517.832426974877
7.390000000000001,2517.2999227107
7.391,2516.9476642301597
7.392,2516.781901511659
7.393,2516.792633725576
7.394,2516.9551460540483
7.3950000000000005,2517.233011561675
7.396,2517.5822201909173
7.397,2517.9559783140976
7.398000000000001,2518.30965401288
7.399,2518.6053327068194
7.4,2518.8154958871196
7.401,2518.925437042749
7.402,2518.934172058332
7.4030000000000005,2518.8537704890737
7.404,2518.70721041877
7.405,2518.5250235654744
7.406000000000001,2518.3411307949264
7.407,2518.1883565098656
7.408,2518.094143799658
7.409,2518.0769671441262
7.41,2518.1438587385646
7.4110000000000005,2518.2893371793725
7.412,2518.4958675214784
7.413,2518.735807382335
7.414000000000001,2518.974624239677
7.415,2519.1750232445274
7.416,2519.3015190261176
7.417,2519.324930963975
7.418,2519.226285375935
7.4190000000000005,2518.999669736977
7.42,2518.653696732738
7.421,2518.2113873365506
7.422000000000001,2517.708455552278
7.423,2517.19015389012
7.424,2516.706998577447
7.425,2516.30981927216
7.426,2516.0446556958022
7.4270000000000005,2515.9480444653595
7.428,2516.0432010381674
7.429,2516.3375081631166
7.43,2516.8215836875734
7.431,2517.4700320904312
7.432,2518.2438040806574
7.433,2519.0939166763023
7.434,2519.9661411338784
7.4350000000000005,2520.806163755483
7.436,2521.5646760953023
7.437,2522.2018616412497
7.438,2522.6908144013732
7.439,2523.0195433776726
7.44,2523.191372560924
7.441,2523.223721673603
7.442,2523.145429105449
7.4430000000000005,2522.9929359752196
7.444,2522.80577175783
7.445,2522.621854179715
7.446,2522.473131302374
7.447,2522.382050388579
7.448,2522.3592412492694
7.449,2522.4026621857047
7.45,2522.4982899601755
7.4510000000000005,2522.6222600179835
7.452,2522.7441989368754
7.453,2522.831356060145
7.454,2522.8530504888827
7.455,2522.784913169826
7.456,2522.6124257933716
7.457,2522.3333362082585
7.458,2521.9586554475513
7.4590000000000005,2521.5121003639197
7.46,2521.02802067915
7.461,2520.5480205663657
7.462,2520.1166336645956
7.463,2519.776520097782
7.464,2519.563712354676
7.465,2519.503437159909
7.466,2519.606982502323
7.4670000000000005,2519.869968982898
7.468,2520.272234549606
7.469,2520.7793678866246
7.47,2521.345747243845
7.471,2521.9187778965324
7.472,2522.4438906714813
7.473,2522.8697804346552
7.474,2523.1533363051412
7.4750000000000005,2523.263747656066
7.476,2523.1853581816977
7.477,2522.918974814808
7.478,2522.4815043590115
7.479,2521.903970191053
7.48,2521.2281346639625
7.481,2520.5021009805423
7.482,2519.7753751658324
7.4830000000000005,2519.09392275963
7.484,2518.495750214007
7.485,2518.0074784088347
7.486,2517.6422622548234
7.487,2517.3992586897816
7.488,2517.264672327855
7.489,2517.214232757313
7.49,2517.2167993737903
7.4910000000000005,2517.2386661278897
7.492,2517.2480632511524
7.493,2517.219334144283
7.494,2517.1363051502976
7.495,2516.9944594042604
7.496,2516.8016628882633
7.497,2516.5773559489426
7.498,2516.35029845517
7.4990000000000006,2516.155121998137
7.5,2516.028079645581
7.501,2516.0024774437684
7.502,2516.104311604284
7.503,2516.3486165742574
7.5040000000000004,2516.7369538990297
7.505,2517.256348141628
7.506,2517.8798176857954
7.507000000000001,2518.568472452879
7.508,2519.274976793144
7.509,2519.948023267494
7.51,2520.5373486095486
7.511,2520.9987595729267
7.5120000000000005,2521.2986307694546
7.513,2521.4173897657656
7.514,2521.3516109422135
7.515000000000001,2521.1144874031243
7.516,2520.734623459375
7.517,2520.253269975
7.518,2519.7202915425023
7.519,2519.1892898215024
7.5200000000000005,2518.712396669275
7.521,2518.3352841932174
7.522,2518.092912971127
7.523000000000001,2518.0064573385093
7.524,2518.081716947142
7.525,2518.3091610555334
7.526,2518.6655741271366
7.527,2519.1170978286455
7.5280000000000005,2519.623314462714
7.529,2520.141906649087
7.53,2520.6333696799024
7.531000000000001,2521.0652526786903
7.532,2521.415462329188
7.533,2521.6742719557806
7.534,2521.844826913378
7.535,2521.942108051389
7.5360000000000005,2521.990489443413
7.537,2522.0201852321743
7.538,2522.063005703795
7.539000000000001,2522.147920665725
7.54,2522.296950198086
7.541,2522.5218664264694
7.542,2522.8220991522157
7.543,2523.184103035759
7.5440000000000005,2523.582279545124
7.545,2523.981371308755
7.546,2524.3400793540795
7.547000000000001,2524.6155135703934
7.548,2524.767989244696
7.549,2524.7656386269646
7.55,2524.588321225605
7.551,2524.2303884836374
7.5520000000000005,2523.7019798928804
7.553,2523.028685247973
7.554,2522.249584387795
7.555,2521.4138520593083
7.556,2520.576272117509
7.557,2519.7921249337005
7.558,2519.1119814470735
7.559,2518.5769490739367
7.5600000000000005,2518.214867333545
7.561,2518.037849695201
7.562,2518.0414238579
7.563,2518.205351209075
7.564,2518.496026315185
7.565,2518.8701886293184
7.566,2519.2795395667454
7.567,2519.6757638342724
7.5680000000000005,2520.0154146051564
7.569,2520.264141958065
7.57,2520.399820592236
7.571,2520.414257599987
7.572,2520.3133201445517
7.573,2520.115498627728
7.574,2519.8490939057847
7.575,2519.5483682323343
7.5760000000000005,2519.2491122292217
7.577,2518.984141948468
7.578,2518.779244270706
7.579,2518.650035150088
7.58,2518.6000896381042
7.581,2518.620557013655
7.582,2518.6913049585196
7.583,2518.7834624222537
7.5840000000000005,2518.8630710381844
7.585,2518.895427496925
7.586,2518.849618393401
7.587,2518.7027238225614
7.588,2518.443199331599
7.589,2518.0730341786902
7.59,2517.6084175369615
7.591,2517.0788086187204
7.5920000000000005,2516.5244835636463
7.593,2515.992801801157
7.594,2515.533578663879
7.595,2515.1940533096877
7.596,2515.013990096356
7.597,2515.02144187809
7.598,2515.229636150052
7.599,2515.6353268157436
7.6000000000000005,2516.2187984268326
7.601,2516.945533044348
7.602,2517.769371690051
7.603,2518.636842168544
7.604,2519.492200350342
7.605,2520.282656428749
7.606,2520.963239427025
7.607,2521.5007942733696
7.6080000000000005,2521.8767015144545
7.609,2522.0880496407026
7.61,2522.147158653235
7.611,2522.0795323828115
7.612,2521.9204865500406
7.613,2521.7108410750416
7.614,2521.492163253525
7.615,2521.302092471679
7.6160000000000005,2521.170262465956
7.617,2521.115265560119
7.618,2521.142982921113
7.619,2521.2464491346927
7.62,2521.407245663522
7.621,2521.598245332127
7.622,2521.787378031541
7.623,2521.9419732117185
7.6240000000000006,2522.03317014208
7.625,2522.0398795262654
7.626,2521.9518306683094
7.627,2521.771341382391
7.628,2521.5135917829393
7.6290000000000004,2521.2053520034715
7.63,2520.882289005963
7.631,2520.585139484663
7.632000000000001,2520.355166410998
7.633,2520.2294014210875
7.634,2520.236204481075
7.635,2520.3916426579954
7.636,2520.697104452476
7.6370000000000005,2521.138434256255
7.638,2521.6867074751317
7.639,2522.300588669147
7.640000000000001,2522.9300422613437
7.641,2523.52101694893
7.642,2524.020617257222
7.643,2524.3822205941183
7.644,2524.570001812196
7.6450000000000005,2524.562389345304
7.646,2524.3540907258375
7.647,2523.9564783051487
7.648000000000001,2523.3963015819404
7.649,2522.7128715099507
7.65,2521.9540249626334
7.651,2521.171306421561
7.652,2520.4148849076582
7.6530000000000005,2519.7287484486133
7.654,2519.14668346526
7.655,2518.689456363683
7.656000000000001,2518.3634793967635
7.657,2518.161077513365
7.658,2518.062295737698
7.659,2518.0380171766424
7.66,2518.0540187103516
7.6610000000000005,2518.0754905048484
7.662,2518.0714977375324
7.663,2518.018873495499
7.664000000000001,2517.905099381238
7.665,2517.72984732048
7.666,2517.505009329392
7.667,2517.253214466058
7.668,2517.0050046457986
7.6690000000000005,2516.7949942279156
7.67,2516.6574552000247
7.671,2516.621837333459
7.672000000000001,2516.7087432647095
7.673,2516.9268307890316
7.674,2517.2710139042015
7.675,2517.7221913744997
7.676,2518.2485625272197
7.6770000000000005,2518.8084133124926
7.678,2519.354090895034
7.679,2519.8367504660127
7.68,2520.2113685295362
7.681,2520.441482643619
7.682,2520.5031424306108
7.683,2520.3876380641764
7.684,2520.102701607813
7.6850000000000005,2519.672039475839
7.686,2519.133233139537
7.687,2518.534220465567
7.688,2517.9287225857447
7.689,2517.3710942775415
7.69,2516.911137124582
7.691,2516.5894175467847
7.692,2516.4335758750617
7.6930000000000005,2516.456004170959
7.694,2516.6531213925746
7.695,2517.0063011641337
7.696,2517.484328837665
7.697,2518.047100307149
7.698,2518.650143106788
7.699,2519.2494550716565
7.7,2519.8061264746057
7.7010000000000005,2520.290241120258
7.702,2520.6836369170833
7.703,2520.981237391558
7.704,2521.190827834214
7.705,2521.331325224175
7.706,2521.4297602800957
7.707,2521.517334163387
7.708,2521.6250155388743
7.7090000000000005,2521.779194459939
7.71,2521.9979022886605
7.711,2522.2880424206664
7.712,2522.6439621355967
7.713,2523.047544161973
7.714,2523.4698243957137
7.715,2523.8739687873754
7.716,2524.219287017208
7.7170000000000005,2524.4658405373743
7.718,2524.579131312726
7.719,2524.534343189999
7.72,2524.3196520484817
7.721,2523.9382190327838
7.722,2523.4086225730357
7.723,2522.7636540970643
7.724,2522.0475807750454
7.7250000000000005,2521.312146700363
7.726,2520.6117230997543
7.727,2519.9981131278055
7.728,2519.515557022977
7.729,2519.196464373765
7.73,2519.058323955524
7.731,2519.102116327762
7.732,2519.3123937834343
7.7330000000000005,2519.659013848244
7.734,2520.1003358219077
7.735,2520.587534125578
7.736,2521.0695644484836
7.737,2521.4982516727828
7.738,2521.8329595155
7.739,2522.0443516043733
7.74,2522.1168566833376
7.7410000000000005,2522.049595369308
7.742,2521.855696330528
7.743,2521.5601071024666
7.744,2521.1961694510205
7.745,2520.801363116927
7.746,2520.412710240809
7.747,2520.0623661313703
7.748,2519.7738967614587
7.7490000000000006,2519.5596624099107
7.75,2519.419599322474
7.751,2519.3415314019703
7.752,2519.302969584234
7.753,2519.2741871361377
7.7540000000000004,2519.222213495889
7.755,2519.1152836936208
7.756,2518.927226635449
7.757000000000001,2518.641279657383
7.758,2518.2528783937255
7.759,2517.771083417461
7.76,2517.2184559216303
7.761,2516.6293672730444
7.7620000000000005,2516.0469025001507
7.763,2515.518676263781
7.764,2515.0920040063575
7.765000000000001,2514.8089469451766
7.766,2514.7017688224614
7.767,2514.789302542272
7.768,2515.074630204892
7.769,2515.54434083032
7.7700000000000005,2516.169461403251
7.771,2516.9079771887323
7.772,2517.7086862091755
7.773000000000001,2518.515989059411
7.774,2519.2751145986076
7.775,2519.937235508547
7.776,2520.4639403287188
7.777,2520.8305989625724
7.7780000000000005,2521.028279054851
7.779,2521.0640278458104
7.78,2520.959510868153
7.781000000000001,2520.748175795182
7.782,2520.4712675089054
7.783,2520.173141806486
7.784,2519.8963969057495
7.785,2519.6773563283637
7.7860000000000005,2519.5423924404317
7.787,2519.5054819929464
7.788,2519.5672444117195
7.789000000000001,2519.715546007455
7.79,2519.9275773339814
7.791,2520.1731461329273
7.792,2520.4187929208983
7.793,2520.632245276921
7.7940000000000005,2520.78669031874
7.795,2520.8643667221104
7.796,2520.859055462796
7.797000000000001,2520.7771735667357
7.798,2520.6373336153083
7.799,2520.4684059408546
7.8,2520.306290978745
7.801,2520.189757121125
7.8020000000000005,2520.1558081392964
7.803,2520.2351016186985
7.804,2520.447939363491
7.805000000000001,2520.8012922511066
7.806,2521.2872118394457
7.807,2521.882831164966
7.808,2522.5519840390293
7.809,2523.2482947712538
7.8100000000000005,2523.919428144682
7.811,2524.512060512939
7.812,2524.977051339466
7.813,2525.274269416404
7.814,2525.3765622543488
7.815,2525.27244707824
7.816,2524.9672377367933
7.817,2524.482488824966
7.8180000000000005,2523.8538182044576
7.819,2523.127342244439
7.82,2522.355105596207
7.821,2521.5899930854116
7.822,2520.88066386582
7.823,2520.2670416901256
7.824,2519.7768308416794
7.825,2519.4234121318236
7.8260000000000005,2519.2053201682224
7.827,2519.107328769986
7.828,2519.102995168663
7.829,2519.1583548872236
7.83,2519.236335364836
7.831,2519.3013810421803
7.832,2519.323763914333
7.833,2519.283093398661
7.8340000000000005,2519.1706331807018
7.835,2518.990169953804
7.836,2518.757344324069
7.837,2518.497529178412
7.838,2518.2425060192672
7.839,2518.0263267609134
7.84,2517.880841998184
7.841,2517.8314163572522
7.8420000000000005,2517.893332755825
7.843,2518.0693122439066
7.844,2518.348452827016
7.845,2518.7067328948065
7.846,2519.10905003544
7.847,2519.512593472486
7.848,2519.8711972577585
7.849,2520.1402084954184
7.8500000000000005,2520.2813428701234
7.851,2520.2669956245686
7.852,2520.083530527303
7.853,2519.7331764887695
7.854,2519.234309703855
7.855,2518.6200723626175
7.856,2517.93545815063
7.857,2517.2331603451134
7.8580000000000005,2516.568612163829
7.859,2515.9947364707227
7.86,2515.5569533992484
7.861,2515.2889664736176
7.862,2515.2097634606043
7.863,2515.3221367209235
7.864,2515.612863661955
7.865,2516.0545090105015
7.8660000000000005,2516.608636608335
7.867,2517.230068308562
7.868,2517.871717689583
7.869,2518.4894686275074
7.87,2519.046569440184
7.871,2519.517072067917
7.872,2519.8879559237002
7.873,2520.1597253116583
7.8740000000000006,2520.34544106903
7.875,2520.4683222742606
7.876,2520.558213074251
7.877,2520.6473353070246
7.878,2520.7658257616863
7.8790000000000004,2520.937579026142
7.88,2521.1768805434513
7.881,2521.486223827779
7.882000000000001,2521.855570902436
7.883,2522.2631509405924
7.884,2522.6777170801606
7.885,2523.062014935087
7.886,2523.3770769880734
7.8870000000000005,2523.5868603889603
7.888,2523.6627025522753
7.889,2523.587084285308
7.890000000000001,2523.356262457719
7.891,2522.981455614972
7.892,2522.4884231664905
7.893,2521.915454586562
7.894,2521.3099601091385
7.8950000000000005,2520.72400938203
7.896,2520.2092823522203
7.897,2519.8119642271117
7.898000000000001,2519.5681261476416
7.899,2519.500084011882
7.9,2519.6141249749157
7.901,2519.8998456989493
7.902,2520.331174290043
7.9030000000000005,2520.8689678227524
7.904,2521.4649090793873
7.905,2522.0662879830306
7.906000000000001,2522.6211602392605
7.907,2523.0833380123745
7.908,2523.4166890675774
7.909,2523.598299220472
7.91,2523.6201794264107
7.9110000000000005,2523.4893594246682
7.912,2523.2263868126383
7.913,2522.862424280466
7.914000000000001,2522.435289381873
7.915,2521.98489403022
7.916,2521.548602580072
7.917,2521.1570312390877
7.918,2520.83075740079
7.9190000000000005,2520.5783014581907
7.92,2520.3955976416014
7.921,2520.267000721801
7.922000000000001,2520.1677009377768
7.923,2520.067259666207
7.924,2519.9338509332624
7.925,2519.738713062766
7.926,2519.4602895729595
7.9270000000000005,2519.0875717240456
7.928,2518.6222432431587
7.929,2518.0793609912375
7.930000000000001,2517.4864689541564
7.931,2516.8812188193438
7.932,2516.307739035199
7.933,2515.8121369096298
7.934,2515.437619092489
7.9350000000000005,2515.2197634101453
7.936,2515.182464034964
7.937,2515.3350033924316
7.938,2515.6705854008505
7.939,2516.1665085171235
7.94,2516.785980670884
7.941,2517.48140080749
7.942,2518.1987728606427
7.9430000000000005,2518.8827949638817
7.944,2519.4820930891906
7.945,2519.9540521610706
7.946,2520.268740824175
7.947,2520.4115237302212
7.948,2520.3840967615597
7.949,2520.2038505256287
7.95,2519.9016471372533
7.9510000000000005,2519.518265101844
7.952,2519.099908477212
7.953,2518.6932740273846
7.954,2518.3407132291354
7.955,2518.076010187695
7.956,2517.9212236917065
7.957,2517.8849199914443
7.958,2517.9619659840187
7.9590000000000005,2518.134877761552
7.96,2518.3765462851784
7.961,2518.654009448064
7.962,2518.9328248249817
7.963,2519.1815326387127
7.964,2519.375690996435
7.965,2519.501016001544
7.966,2519.5552622356117
7.9670000000000005,2519.5486228397363
7.968,2519.5025969854814
7.969,2519.447447139379
7.97,2519.4185297401355
7.971,2519.451912747036
7.972,2519.579777467732
7.973,2519.826130690955
7.974,2520.203323110789
7.9750000000000005,2520.709784501056
7.976,2521.329254395475
7.977,2522.031623589383
7.978,2522.7753245747454
7.979,2523.5110375786094
7.98,2524.1863321244236
7.981,2524.7507582169933
7.982,2525.160848126492
7.9830000000000005,2525.384495295985
7.984,2525.404240657101
7.985,2525.219111748491
7.986,2524.844813982724
7.987,2524.3122494161817
7.988,2523.664517229941
7.989,2522.9527122961435
7.99,2522.2309659817047
7.9910000000000005,2521.551252802257
7.992,2520.958509062328
7.993,2520.4865728325067
7.994,2520.1553626592095
7.995,2519.969575465648
7.996,2519.9190172960425
7.997,2519.980502248824
7.998,2520.1210847405214
7.9990000000000006,2520.30224681515
8.0,2520.4845612554145
8.001,2520.632303743781
8.002,2520.717498329588
8.003,2520.7229485811595
8.004,2520.6439243303375
8.005,2520.4883276921933
8.006,2520.275334913881
8.007,2520.0326833291947
8.008000000000001,2519.792926059272
8.009,2519.5890940544573
8.01,2519.4502726106875
8.011000000000001,2519.3976100918153
8.012,2519.4412290374908
8.013,2519.578409374884
8.014,2519.7932711937337
8.015,2520.058016245219
8.016,2520.335611648408
8.017,2520.5836357392714
8.018,2520.758872769741
8.019,2520.822155127212
8.02,2520.742918796969
8.021,2520.502963761684
8.022,2520.098993255859
8.023,2519.5436353910927
8.024000000000001,2518.864813524469
8.025,2518.1035100541076
8.026,2517.310142560434
8.027000000000001,2516.539922256763
8.028,2515.8476759802256
8.029,2515.2826722074287
8.03,2514.8839922814955
8.031,2514.6769300719097
8.032,2514.6707929745844
8.033,2514.8583265556917
8.034,2515.2168107226044
8.035,2515.710696144419
8.036,2516.295485322767
8.037,2516.9224311616576
8.038,2517.5435414137287
8.039,2518.116349108964
8.040000000000001,2518.6079399298105
8.041,2518.9978139062473
8.042,2519.27929108194
8.043000000000001,2519.459334231594
8.044,2519.556838168208
8.045,2519.5996051416446
8.046,2519.620370523794
8.047,2519.652346450987
8.048,2519.7248019840054
8.049,2519.8591911171734
8.05,2520.066275529519
8.051,2520.3445745695108
8.052,2520.680323380695
8.053,2521.048948207311
8.054,2521.417894914013
8.055,2521.750491889488
8.056000000000001,2522.0104090546847
8.057,2522.1662040227457
8.058,2522.1954325248525
8.059000000000001,2522.087844710895
8.06,2521.8472870722444
8.061,2521.492070785782
8.062,2521.0537357462144
8.063,2520.5743168810377
8.064,2520.1023859584107
8.065,2519.6882795770825
8.066,2519.3790171223936
8.067,2519.213450799675
8.068,2519.218169044857
8.069,2519.404596790294
8.07,2519.7676096306213
8.071,2520.285817638818
8.072000000000001,2520.9234960171484
8.073,2521.6339634302935
8.074,2522.364054021581
8.075,2523.0592126670517
8.076,2523.668677672772
8.077,2524.150207956713
8.078,2524.4738634808
8.079,2524.624452554241
8.08,2524.6024060356767
8.081,2524.4230102929623
8.082,2524.11410914179
8.083,2523.7125502978433
8.084,2523.259786031996
8.085,2522.797126067545
8.086,2522.3611737291794
8.087,2521.9799504951943
8.088000000000001,2521.6701324643745
8.089,2521.435694028463
8.09,2521.2680935744133
8.091,2521.147961207216
8.092,2521.048078730344
8.093,2520.9372963101014
8.094,2520.7849245767597
8.095,2520.565087115556
8.096,2520.260522354526
8.097,2519.865385327392
8.098,2519.386711872551
8.099,2518.8443581004917
8.1,2518.2693997529805
8.101,2517.70115031595
8.102,2517.183114065723
8.103,2516.758313102245
8.104000000000001,2516.4645021143897
8.105,2516.3298026976013
8.106,2516.3692483124505
8.107,2516.5826357341475
8.108,2516.953939421102
8.109,2517.4523768400495
8.11,2518.0350338593657
8.111,2518.6507894850447
8.112,2519.2451371196785
8.113,2519.7654008033523
8.114,2520.165800429563
8.115,2520.4118346553505
8.116,2520.4835225864176
8.117,2520.3771674358604
8.118,2520.1054638923324
8.119,2519.6959485617
8.120000000000001,2519.187970151663
8.121,2518.628513686695
8.122,2518.067333784701
8.123,2517.551922777538
8.124,2517.122852602435
8.125,2516.809983657762
8.126,2516.6299344058925
8.127,2516.5850635144766
8.128,2516.6640475181616
8.129,2516.843960043195
8.13,2517.0935931160775
8.131,2517.377625227118
8.132,2517.661149584261
8.133000000000001,2517.91403935988
8.134,2518.114648637011
8.135,2518.2524256503066
8.136000000000001,2518.329140041031
8.137,2518.3585842265547
8.138,2518.3647829646143
8.139,2518.378915386427
8.14,2518.4353012143342
8.141,2518.5669111196194
8.142,2518.8009181028865
8.143,2519.154805960548
8.144,2519.63349229831
8.145,2520.2278135309152
8.146,2520.9145699354244
8.147,2521.658156547808
8.148,2522.4136295167123
8.149000000000001,2523.130896927949
8.15,2523.759595879728
8.151,2524.254137865192
8.152000000000001,2524.578381237856
8.153,2524.709425427921
8.154,2524.640112866081
8.155,2524.379961381334
8.156,2523.9544172801247
8.157,2523.402499115259
8.158,2522.7730746719867
8.159,2522.1201600807503
8.16,2521.497734217992
8.161,2520.9546123044893
8.162,2520.529914351502
8.163,2520.2495978084157
8.164,2520.124406766367
8.165000000000001,2520.14943526008
8.166,2520.3053266081893
8.167,2520.5609536224147
8.168000000000001,2520.8772653142887
8.169,2521.211861848353
8.17,2521.5237844284557
8.171,2521.777988653766
8.172,2521.9490104513525
8.173,2522.023428310737
8.174,2522.000863583364
8.175,2521.8934266584083
8.176,2521.723692405007
8.177,2521.521453869987
8.178,2521.319640457689
8.179,2521.149880471764
8.18,2521.0382275862926
8.181000000000001,2521.0015521414216
8.182,2521.0450232063154
8.183,2521.160984441689
8.184000000000001,2521.3293695712214
8.185,2521.5196291963525
8.186,2521.693969108504
8.187,2521.8115502592445
8.188,2521.8331888702496
8.189,2521.7260343124594
8.19,2521.467699266634
8.191,2521.0493718324665
8.192,2520.4775467803643
8.193,2519.7741613452113
8.194,2518.975093642195
8.195,2518.1271600108958
8.196,2517.28391179169
8.197000000000001,2516.5006641468617
8.198,2515.829274998659
8.199,2515.3132215170917
8.2,2514.9834915514493
8.201,2514.8557211783523
8.202,2514.9288765184792
8.203,2515.185612671723
8.204,2515.594263093807
8.205,2516.112238597549
8.206,2516.690465417953
8.207,2517.2783827489725
8.208,2517.8289636736004
8.209,2518.3032255172357
8.21,2518.6737559627795
8.211,2518.9268929856457
8.212,2519.063347367583
8.213000000000001,2519.0972295332213
8.214,2519.0536186033996
8.215,2518.964971442899
8.216,2518.8667954963003
8.217,2518.7930875240318
8.218,2518.77206243472
8.219,2518.8226599546992
8.22,2518.9522260572703
8.221,2519.155631084519
8.222,2519.4159224100467
8.223,2519.706434604308
8.224,2519.9941138597883
8.225,2520.2436744310817
8.226,2520.4221085522972
8.227,2520.503028488589
8.228,2520.4703349141387
8.229000000000001,2520.320778075946
8.23,2520.0650993022828
8.231,2519.7275970264
8.232,2519.3441363468646
8.233,2518.958794914261
8.234,2518.6194913826366
8.235,2518.3730587637006
8.236,2518.2602908333097
8.237,2518.311497845396
8.238,2518.543057135973
8.239,2518.955340146379
8.24,2519.5322512389494
8.241,2520.2424413422787
8.242,2521.0420797645725
8.243,2521.878900095848
8.244,2522.69709929241
8.245000000000001,2523.4425777613556
8.246,2524.0679725068712
8.247,2524.5369590418727
8.248,2524.8273781716534
8.249,2524.932872060929
8.25,2524.862876095897
8.251,2524.6409911505875
8.252,2524.301935431723
8.253,2523.887426996295
8.254,2523.4414607200247
8.255,2523.0055046965695
8.256,2522.614144209969
8.257,2522.2916463952947
8.258000000000001,2522.04981174934
8.259,2521.887331756674
8.26,2521.7907014289326
8.261000000000001,2521.736560467356
8.262,2521.6951764840755
8.263,2521.6346560259663
8.264,2521.5253881778444
8.265,2521.3442002325455
8.266,2521.0777380794993
8.267,2520.724671873688
8.268,2520.2964604238305
8.269,2519.8165708118095
8.27,2519.318224896563
8.271,2518.8409120830547
8.272,2518.4260493693173
8.273,2518.1122694082383
8.274000000000001,2517.9308639400892
8.275,2517.90189813065
8.276,2518.0314422073275
8.277000000000001,2518.310247778551
8.278,2518.714040328379
8.279,2519.205423672073
8.28,2519.7372159291713
8.281,2520.2568792003094
8.282,2520.7115839607973
8.283,2521.0533775910444
8.284,2521.2439124023476
8.285,2521.258233627251
8.286,2521.0872272723336
8.287,2520.7384706603852
8.288,2520.2353993250977
8.289,2519.614884009474
8.290000000000001,2518.923481192961
8.291,2518.2127613169732
8.292,2517.53421536522
8.293000000000001,2516.9342822255358
8.294,2516.4500218721278
8.295,2516.1058849210863
8.296,2515.9119058565884
8.297,2515.8634888758174
8.298,2515.942779368389
8.299,2516.121439944761
