Time (s),Left (N),Right (N),Combined (N)
0.0,423.8029023424225,423.8029023424225,847.605804684845
0.001,423.8567945824657,423.8567945824657,847.7135891649314
0.002,423.8334342742116,423.8334342742116,847.6668685484232
0.003,423.7483177825233,423.7483177825233,847.4966355650466
0.004,423.6213430258933,423.6213430258933,847.2426860517866
0.005,423.4745229204663,423.4745229204663,846.9490458409326
0.006,423.3295482648866,423.3295482648866,846.6590965297733
0.007,423.2054678164308,423.2054678164308,846.4109356328617
0.008,423.1167375765557,423.1167375765557,846.2334751531114
0.009000000000000001,423.0718479176716,423.0718479176716,846.1436958353432
0.01,423.0726710199704,423.0726710199704,846.1453420399408
0.011,423.1145895286527,423.1145895286527,846.2291790573054
0.012,423.18737945592875,423.18737945592875,846.3747589118575
0.013000000000000001,423.2767358909829,423.2767358909829,846.5534717819658
0.014,423.36625840362234,423.36625840362234,846.7325168072447
0.015,423.4396620654666,423.4396620654666,846.8793241309332
0.016,423.48295539544193,423.48295539544193,846.9659107908839
0.017,423.48633096933594,423.48633096933594,846.9726619386719
0.018000000000000002,423.4455473996893,423.4455473996893,846.8910947993786
0.019,423.36263921185065,423.36263921185065,846.7252784237013
0.02,423.2458673776337,423.2458673776337,846.4917347552674
0.021,423.1089094382281,423.1089094382281,846.2178188764562
0.022,422.9693746648442,422.9693746648442,845.9387493296884
0.023,422.84680693483944,422.84680693483944,845.6936138696789
0.024,422.76039732815315,422.76039732815315,845.5207946563063
0.025,422.72666323212786,422.72666323212786,845.4533264642557
0.026000000000000002,422.7573570494759,422.7573570494759,845.5147140989518
0.027,422.85784464749923,422.85784464749923,845.7156892949985
0.028,423.0261439158348,423.0261439158348,846.0522878316696
0.029,423.2527426328205,423.2527426328205,846.505485265641
0.03,423.5212300685344,423.5212300685344,847.0424601370688
0.031,423.80968768349805,423.80968768349805,847.6193753669961
0.032,424.09270071506535,424.09270071506535,848.1854014301307
0.033,424.34378358915654,424.34378358915654,848.6875671783131
0.034,424.5379655596033,424.5379655596033,849.0759311192066
0.035,424.6542639237996,424.6542639237996,849.3085278475992
0.036000000000000004,424.6777827405494,424.6777827405494,849.3555654810988
0.037,424.60121408032063,424.60121408032063,849.2024281606413
0.038,424.4255822328675,424.4255822328675,848.851164465735
0.039,424.1601520772514,424.1601520772514,848.3203041545028
0.04,423.8215121696501,423.8215121696501,847.6430243393002
0.041,423.43193126897586,423.43193126897586,846.8638625379517
0.042,423.01716437476506,423.01716437476506,846.0343287495301
0.043000000000000003,422.60394246113685,422.60394246113685,845.2078849222737
0.044,422.21741263639996,422.21741263639996,844.4348252727999
0.045,421.87879893182736,421.87879893182736,843.7575978636547
0.046,421.60352801119853,421.60352801119853,843.2070560223971
0.047,421.4000117073957,421.4000117073957,842.8000234147914
0.048,421.2692052495047,421.2692052495047,842.5384104990094
0.049,421.20497442002505,421.20497442002505,842.4099488400501
0.05,421.1952161226594,421.1952161226594,842.3904322453188
0.051000000000000004,421.2235947198368,421.2235947198368,842.4471894396736
0.052000000000000005,421.27169003884467,421.27169003884467,842.5433800776893
0.053,421.32130942555983,421.32130942555983,842.6426188511197
0.054,421.3567003797204,421.3567003797204,842.7134007594408
0.055,421.3664138051226,421.3664138051226,842.7328276102452
0.056,421.34460917547506,421.34460917547506,842.6892183509501
0.057,421.29165730601045,421.29165730601045,842.5833146120209
0.058,421.21397673280427,421.21397673280427,842.4279534656085
0.059000000000000004,421.1231269803035,421.1231269803035,842.246253960607
0.06,421.0342665219324,421.0342665219324,842.0685330438648
0.061,420.9641555981637,420.9641555981637,841.9283111963274
0.062,420.9289361916725,420.9289361916725,841.857872383345
0.063,420.94194755345256,420.94194755345256,841.8838951069051
0.064,421.01183279697705,421.01183279697705,842.0236655939541
0.065,421.141160511112,421.141160511112,842.282321022224
0.066,421.3257285497455,421.3257285497455,842.651457099491
0.067,421.5546414006356,421.5546414006356,843.1092828012712
0.068,421.8111661910952,421.8111661910952,843.6223323821904
0.069,422.0742850126454,422.0742850126454,844.1485700252908
0.07,422.320782529591,422.320782529591,844.641565059182
0.07100000000000001,422.5276465262202,422.5276465262202,845.0552930524404
0.07200000000000001,422.6745219851521,422.6745219851521,845.3490439703043
0.073,422.74595065167694,422.74595065167694,845.4919013033539
0.074,422.7331488737909,422.7331488737909,845.4662977475818
0.075,422.6351246157425,422.6351246157425,845.270249231485
0.076,422.4590047168273,422.4590047168273,844.9180094336546
0.077,422.2195280621672,422.2195280621672,844.4390561243345
0.078,421.9377501060765,421.9377501060765,843.875500212153
0.079,421.6390893179362,421.6390893179362,843.2781786358725
0.08,421.35091728131084,421.35091728131084,842.7018345626217
0.081,421.09994357090255,421.09994357090255,842.1998871418051
0.082,420.90966874425453,420.90966874425453,841.8193374885091
0.083,420.79817138114885,420.79817138114885,841.5963427622977
0.084,420.7764588964936,420.7764588964936,841.5529177929872
0.085,420.8475508135639,420.8475508135639,841.6951016271278
0.08600000000000001,421.0063840062095,421.0063840062095,842.012768012419
0.08700000000000001,421.2405407778651,421.2405407778651,842.4810815557302
0.088,421.53171224804674,421.53171224804674,843.0634244960935
0.089,421.85773103094266,421.85773103094266,843.7154620618853
0.09,422.1949471811406,422.1949471811406,844.3898943622812
0.091,422.5206863703714,422.5206863703714,845.0413727407428
0.092,422.8155230088207,422.8155230088207,845.6310460176414
0.093,423.0651241265456,423.0651241265456,846.1302482530912
0.094,423.2614696434872,423.2614696434872,846.5229392869744
0.095,423.40332560091684,423.40332560091684,846.8066512018337
0.096,423.4959311033702,423.4959311033702,846.9918622067404
0.097,423.54994778260476,423.54994778260476,847.0998955652095
0.098,423.5798027849647,423.5798027849647,847.1596055699295
0.099,423.6016235065072,423.6016235065072,847.2032470130144
0.1,423.6310071306921,423.6310071306921,847.2620142613843
0.101,423.68088552371523,423.68088552371523,847.3617710474305
0.10200000000000001,423.75973430731295,423.75973430731295,847.5194686146259
0.10300000000000001,423.870335294319,423.870335294319,847.740670588638
0.10400000000000001,424.009238367389,424.009238367389,848.018476734778
0.105,424.16698933741634,424.16698933741634,848.3339786748327
0.106,424.32910319088273,424.32910319088273,848.6582063817655
0.107,424.47767712520647,424.47767712520647,848.9553542504129
0.108,424.59346435037827,424.59346435037827,849.1869287007565
0.109,424.65817599994784,424.65817599994784,849.3163519998957
0.11,424.656750657343,424.656750657343,849.313501314686
0.111,424.5793321271693,424.5793321271693,849.1586642543386
0.112,424.42272612613897,424.42272612613897,848.8454522522779
0.113,424.19116229461156,424.19116229461156,848.3823245892231
0.114,423.8962632515718,423.8962632515718,847.7925265031436
0.115,423.55620907067663,423.55620907067663,847.1124181413533
0.116,423.1941740132031,423.1941740132031,846.3883480264062
0.117,422.8361928687498,422.8361928687498,845.6723857374996
0.11800000000000001,422.5086779374137,422.5086779374137,845.0173558748274
0.11900000000000001,422.23584748714757,422.23584748714757,844.4716949742951
0.12,422.0373380031414,422.0373380031414,844.0746760062827
0.121,421.92625438577375,421.92625438577375,843.8525087715475
0.122,421.9078663790446,421.9078663790446,843.8157327580892
0.123,421.97909089711413,421.97909089711413,843.9581817942283
0.124,422.1288160371397,422.1288160371397,844.2576320742794
0.125,422.3390325752851,422.3390325752851,844.6780651505702
0.126,422.58665246549043,422.58665246549043,845.1733049309809
0.127,422.845820715695,422.845820715695,845.69164143139
0.128,423.0904749791444,423.0904749791444,846.1809499582888
0.129,423.2968819253433,423.2968819253433,846.5937638506866
0.13,423.4458836620618,423.4458836620618,846.8917673241236
0.131,423.5246206452295,423.5246206452295,847.049241290459
0.132,423.5275559384549,423.5275559384549,847.0551118769098
0.133,423.4567029007811,423.4567029007811,846.9134058015622
0.134,423.32104586838307,423.32104586838307,846.6420917367661
0.135,423.13523151719914,423.13523151719914,846.2704630343983
0.136,422.9176876609971,422.9176876609971,845.8353753219942
0.137,422.688387580522,422.688387580522,845.376775161044
0.138,422.4665148918059,422.4665148918059,844.9330297836118
0.139,422.2682924502977,422.2682924502977,844.5365849005954
0.14,422.10521800223665,422.10521800223665,844.2104360044733
0.14100000000000001,421.98290162162493,421.98290162162493,843.9658032432499
0.14200000000000002,421.9006307657637,421.9006307657637,843.8012615315274
0.14300000000000002,421.8517057756326,421.8517057756326,843.7034115512652
0.14400000000000002,421.8245010898922,421.8245010898922,843.6490021797844
0.145,421.80412507940343,421.80412507940343,843.6082501588069
0.146,421.77448340721816,421.77448340721816,843.5489668144363
0.147,421.72050474576884,421.72050474576884,843.4410094915377
0.148,421.63026867451003,421.63026867451003,843.2605373490201
0.149,421.4967857725516,421.4967857725516,842.9935715451032
0.15,421.31921820902267,421.31921820902267,842.6384364180453
0.151,421.1033912992258,421.1033912992258,842.2067825984516
0.152,420.86152566560406,420.86152566560406,841.7230513312081
0.153,420.6112070543639,420.6112070543639,841.2224141087278
0.154,420.3736968209586,420.3736968209586,840.7473936419173
0.155,420.17176106511465,420.17176106511465,840.3435221302293
0.156,420.02725202314167,420.02725202314167,840.0545040462833
0.157,419.9587053893201,419.9587053893201,839.9174107786401
0.158,419.97921832888676,419.97921832888676,839.9584366577735
0.159,420.09484484388327,420.09484484388327,840.1896896877665
0.16,420.3036908604023,420.3036908604023,840.6073817208046
0.161,420.5958168137902,420.5958168137902,841.1916336275804
0.162,420.95396875452894,420.95396875452894,841.9079375090579
0.163,421.3550695700652,421.3550695700652,842.7101391401304
0.164,421.77231961219513,421.77231961219513,843.5446392243903
0.165,422.17768986039107,422.17768986039107,844.3553797207821
0.166,422.5445479990625,422.5445479990625,845.089095998125
0.167,422.85014313787275,422.85014313787275,845.7002862757455
0.168,423.0776899745211,423.0776899745211,846.1553799490422
0.169,423.2178363452454,423.2178363452454,846.4356726904908
0.17,423.26936460749795,423.26936460749795,846.5387292149959
0.171,423.23905987049557,423.23905987049557,846.4781197409911
0.17200000000000001,423.14076769346735,423.14076769346735,846.2815353869347
0.17300000000000001,422.9937507058893,422.9937507058893,845.9875014117786
0.17400000000000002,422.8205281812593,422.8205281812593,845.6410563625186
0.17500000000000002,422.64443678668636,422.64443678668636,845.2888735733727
0.176,422.4871786568583,422.4871786568583,844.9743573137166
0.177,422.366621621178,422.366621621178,844.733243242356
0.178,422.2950860870854,422.2950860870854,844.5901721741708
0.179,422.27829718278537,422.27829718278537,844.5565943655707
0.18,422.31510553115766,422.31510553115766,844.6302110623153
0.181,422.397993825167,422.397993825167,844.795987650334
0.182,422.51429876010445,422.51429876010445,845.0285975202089
0.183,422.64799854514223,422.64799854514223,845.2959970902845
0.184,422.78185393039576,422.78185393039576,845.5637078607915
0.185,422.8996523120199,422.8996523120199,845.7993046240398
0.186,422.9882942274036,422.9882942274036,845.9765884548073
0.187,423.0394805167719,423.0394805167719,846.0789610335438
0.188,423.0508044598307,423.0508044598307,846.1016089196614
0.189,423.02612115042996,423.02612115042996,846.0522423008599
0.19,422.975148672981,422.975148672981,845.950297345962
0.191,422.9123431247502,422.9123431247502,845.8246862495004
0.192,422.85517244423096,422.85517244423096,845.7103448884619
0.193,422.82198311448633,422.82198311448633,845.6439662289727
0.194,422.8297013921895,422.8297013921895,845.659402784379
0.195,422.8916314269816,422.8916314269816,845.7832628539632
0.196,423.01560411128895,423.01560411128895,846.0312082225779
0.197,423.20269360254315,423.20269360254315,846.4053872050863
0.198,423.4466571948092,423.4466571948092,846.8933143896184
0.199,423.7341752947334,423.7341752947334,847.4683505894668
0.2,424.04588035131707,424.04588035131707,848.0917607026341
0.201,424.3580763828588,424.3580763828588,848.7161527657177
0.202,424.64497386135315,424.64497386135315,849.2899477227063
0.203,424.881206658248,424.881206658248,849.762413316496
0.20400000000000001,425.04436497036784,425.04436497036784,850.0887299407357
0.20500000000000002,425.11727430447354,425.11727430447354,850.2345486089471
0.20600000000000002,425.08977619853937,425.08977619853937,850.1795523970787
0.20700000000000002,424.9598186571952,424.9598186571952,849.9196373143905
0.20800000000000002,424.7337376016637,424.7337376016637,849.4674752033274
0.209,424.42569699143434,424.42569699143434,848.8513939828687
0.21,424.0563452409188,424.0563452409188,848.1126904818376
0.211,423.65082930498136,423.65082930498136,847.3016586099627
0.212,423.2363761987562,423.2363761987562,846.4727523975124
0.213,422.8396972915645,422.8396972915645,845.679394583129
0.214,422.4844885194941,422.4844885194941,844.9689770389882
0.215,422.18928779276916,422.18928779276916,844.3785755855383
0.216,421.9659106858002,421.9659106858002,843.9318213716004
0.217,421.81862144921996,421.81862144921996,843.6372428984399
0.218,421.7441155470703,421.7441155470703,843.4882310941406
0.219,421.7323012043927,421.7323012043927,843.4646024087854
0.22,421.76778060769993,421.76778060769993,843.5355612153999
0.221,421.83185596614527,421.83185596614527,843.6637119322905
0.222,421.904829873861,421.904829873861,843.809659747722
0.223,421.9683393905997,421.9683393905997,843.9366787811994
0.224,422.0074622050178,422.0074622050178,844.0149244100356
0.225,422.0123611861923,422.0123611861923,844.0247223723846
0.226,421.97928738533795,421.97928738533795,843.9585747706759
0.227,421.91083509382355,421.91083509382355,843.8216701876471
0.228,421.8154276878216,421.8154276878216,843.6308553756433
0.229,421.70610021485305,421.70610021485305,843.4122004297061
0.23,421.5987243005868,421.5987243005868,843.1974486011736
0.231,421.5098841227686,421.5098841227686,843.0197682455372
0.232,421.4546518889389,421.4546518889389,842.9093037778778
0.233,421.4445230467698,421.4445230467698,842.8890460935396
0.234,421.48575402554025,421.48575402554025,842.9715080510805
0.23500000000000001,421.5783005706287,421.5783005706287,843.1566011412574
0.23600000000000002,421.7154876359558,421.7154876359558,843.4309752719116
0.23700000000000002,421.88445977206715,421.88445977206715,843.7689195441343
0.23800000000000002,422.0673730835399,422.0673730835399,844.1347461670798
0.23900000000000002,422.2432058811547,422.2432058811547,844.4864117623094
0.24,422.3899944555841,422.3899944555841,844.7799889111682
0.241,422.48725083328236,422.48725083328236,844.9745016665647
0.242,422.51829650176256,422.51829650176256,845.0365930035251
0.243,422.47225253093694,422.47225253093694,844.9445050618739
0.244,422.34546165816187,422.34546165816187,844.6909233163237
0.245,422.14217796763234,422.14217796763234,844.2843559352647
0.246,421.874438245949,421.874438245949,843.748876491898
0.247,421.56111736417,421.56111736417,843.12223472834
0.248,421.22625845703044,421.22625845703044,842.4525169140609
0.249,420.89684754581856,420.89684754581856,841.7936950916371
0.25,420.6002629226131,420.6002629226131,841.2005258452263
0.251,420.36166541036357,420.36166541036357,840.7233308207271
0.252,420.2016025907624,420.2016025907624,840.4032051815248
0.253,420.1340774651237,420.1340774651237,840.2681549302474
0.254,420.1652822446826,420.1652822446826,840.3305644893652
0.255,420.2931264946737,420.2931264946737,840.5862529893474
0.256,420.50760349862384,420.50760349862384,841.0152069972477
0.257,420.7919488015711,420.7919488015711,841.5838976031422
0.258,421.1244602612264,421.1244602612264,842.2489205224527
0.259,421.4807788231844,421.4807788231844,842.9615576463688
0.26,421.83638127424143,421.83638127424143,843.6727625484829
0.261,422.1690156075766,422.1690156075766,844.3380312151533
0.262,422.4608185336344,422.4608185336344,844.9216370672688
0.263,422.6998920204514,422.6998920204514,845.3997840409028
0.264,422.88117734828154,422.88117734828154,845.7623546965631
0.265,423.00654415483393,423.00654415483393,846.0130883096679
0.266,423.0840995651328,423.0840995651328,846.1681991302656
0.267,423.12680904492413,423.12680904492413,846.2536180898483
0.268,423.1505965257021,423.1505965257021,846.3011930514042
0.269,423.17214825113666,423.17214825113666,846.3442965022733
0.27,423.20667643184817,423.20667643184817,846.4133528636963
0.271,423.2659017150204,423.2659017150204,846.5318034300408
0.272,423.35648740776406,423.35648740776406,846.7129748155281
0.273,423.47910628042433,423.47910628042433,846.9582125608487
0.274,423.6282484448432,423.6282484448432,847.2564968896864
0.275,423.7927943189723,423.7927943189723,847.5855886379446
0.276,423.95728946589094,423.95728946589094,847.9145789317819
0.277,424.1037778502412,424.1037778502412,848.2075557004824
0.278,424.2139857364891,424.2139857364891,848.4279714729782
0.279,424.27160724925875,424.27160724925875,848.5432144985175
0.28,424.2644291581401,424.2644291581401,848.5288583162802
0.281,424.1860482996779,424.1860482996779,848.3720965993558
0.28200000000000003,424.0369785246056,424.0369785246056,848.0739570492112
0.28300000000000003,423.8250104140969,423.8250104140969,847.6500208281938
0.28400000000000003,423.56476896011645,423.56476896011645,847.1295379202329
0.28500000000000003,423.27650292930434,423.27650292930434,846.5530058586087
0.28600000000000003,422.9842249613743,422.9842249613743,845.9684499227486
0.28700000000000003,422.71339415974387,422.71339415974387,845.4267883194877
0.28800000000000003,422.4883849568208,422.4883849568208,844.9767699136416
0.289,422.3300115865609,422.3300115865609,844.6600231731218
0.29,422.2533736855579,422.2533736855579,844.5067473711158
0.291,422.26625571026625,422.26625571026625,844.5325114205325
0.292,422.36825453289407,422.36825453289407,844.7365090657881
0.293,422.5507320983528,422.5507320983528,845.1014641967056
0.294,422.7976018356351,422.7976018356351,845.5952036712702
0.295,423.08686824724106,423.08686824724106,846.1737364944821
0.296,423.39275850131617,423.39275850131617,846.7855170026323
0.297,423.68822172578734,423.68822172578734,847.3764434515747
0.298,423.947532938178,423.947532938178,847.895065876356
0.299,424.1487283517338,424.1487283517338,848.2974567034676
0.3,424.2756182549448,424.2756182549448,848.5512365098896
0.301,424.3191705914894,424.3191705914894,848.6383411829788
0.302,424.27812758308414,424.27812758308414,848.5562551661683
0.303,424.15880161140166,424.15880161140166,848.3176032228033
0.304,423.9740858814143,423.9740858814143,847.9481717628286
0.305,423.7418003197751,423.7418003197751,847.4836006395502
0.306,423.4825644090881,423.4825644090881,846.9651288181763
0.307,423.2174384361394,423.2174384361394,846.4348768722788
0.308,422.9655975325924,422.9655975325924,845.9311950651849
0.309,422.7422964761942,422.7422964761942,845.4845929523884
0.31,422.5573483030194,422.5573483030194,845.1146966060388
0.311,422.4142803064361,422.4142803064361,844.8285606128723
0.312,422.31025362294315,422.31025362294315,844.6205072458863
0.313,422.2367459548056,422.2367459548056,844.4734919096112
0.314,422.1809106953595,422.1809106953595,844.361821390719
0.315,422.12744939447043,422.12744939447043,844.2548987889409
0.316,422.06077660695854,422.06077660695854,844.1215532139171
0.317,421.9672231353124,421.9672231353124,843.9344462706248
0.318,421.83701917999264,421.83701917999264,843.6740383599853
0.319,421.66582345144394,421.66582345144394,843.3316469028879
0.32,421.4556151619857,421.4556151619857,842.9112303239714
0.321,421.2148373662639,421.2148373662639,842.4296747325278
0.322,420.95776442057604,420.95776442057604,841.9155288411521
0.323,420.70315402689437,420.70315402689437,841.4063080537887
0.324,420.4723256717528,420.4723256717528,840.9446513435056
0.325,420.2868732077052,420.2868732077052,840.5737464154104
0.326,420.16626249127756,420.16626249127756,840.3325249825551
0.327,420.1255805281879,420.1255805281879,840.2511610563758
0.328,420.17368867169205,420.17368867169205,840.3473773433841
0.329,420.3119905098037,420.3119905098037,840.6239810196074
0.33,420.5339596922797,420.5339596922797,841.0679193845594
0.331,420.82549121653574,420.82549121653574,841.6509824330715
0.332,421.1660505551612,421.1660505551612,842.3321011103224
0.333,421.5305082390407,421.5305082390407,843.0610164780815
0.334,421.89147263663284,421.89147263663284,843.7829452732657
0.335,422.22187892454195,422.22187892454195,844.4437578490839
0.336,422.497563658376,422.497563658376,844.995127316752
0.337,422.69955509064715,422.69955509064715,845.3991101812943
0.338,422.81583939281813,422.81583939281813,845.6316787856363
0.339,422.8424189587944,422.8424189587944,845.6848379175888
0.34,422.7835548813092,422.7835548813092,845.5671097626184
0.341,422.65117320398747,422.65117320398747,845.3023464079749
0.342,422.46350409517,422.46350409517,844.92700819034
0.343,422.24310488305997,422.24310488305997,844.4862097661199
0.34400000000000003,422.01448301259893,422.01448301259893,844.0289660251979
0.34500000000000003,421.8015763495357,421.8015763495357,843.6031526990714
0.34600000000000003,421.62536140061326,421.62536140061326,843.2507228012265
0.34700000000000003,421.5018435814114,421.5018435814114,843.0036871628228
0.34800000000000003,421.44063953921034,421.44063953921034,842.8812790784207
0.34900000000000003,421.444294662935,421.444294662935,842.88858932587
0.35000000000000003,421.5083967163245,421.5083967163245,843.016793432649
0.35100000000000003,421.6224581179384,421.6224581179384,843.2449162358768
0.352,421.771454534519,421.771454534519,843.542909069038
0.353,421.9378355142757,421.9378355142757,843.8756710285514
0.354,422.10377178256965,422.10377178256965,844.2075435651393
0.355,422.25337915726607,422.25337915726607,844.5067583145321
0.356,422.37466348515505,422.37466348515505,844.7493269703101
0.357,422.4609639994951,422.4609639994951,844.9219279989902
0.358,422.5117303351988,422.5117303351988,845.0234606703976
0.359,422.53254464647273,422.53254464647273,845.0650892929455
0.36,422.53438635269475,422.53438635269475,845.0687727053895
0.361,422.5322234002998,422.5322234002998,845.0644468005996
0.362,422.5430909484509,422.5430909484509,845.0861818969018
0.363,422.58387747470823,422.58387747470823,845.1677549494165
0.364,422.66907284816944,422.66907284816944,845.3381456963389
0.365,422.80873904164434,422.80873904164434,845.6174780832887
0.366,423.0069411087054,423.0069411087054,846.0138822174108
0.367,423.2608263248873,423.2608263248873,846.5216526497746
0.368,423.5604684328024,423.5604684328024,847.1209368656048
0.369,423.88950954575614,423.88950954575614,847.7790190915123
0.37,424.2265437598676,424.2265437598676,848.4530875197352
0.371,424.5471036796326,424.5471036796326,849.0942073592652
0.372,424.8260430488021,424.8260430488021,849.6520860976042
0.373,425.0400630505844,425.0400630505844,850.0801261011688
0.374,425.17011169763526,425.17011169763526,850.3402233952705
0.375,425.20339715340145,425.20339715340145,850.4067943068029
0.376,425.1347956415105,425.1347956415105,850.269591283021
0.377,424.96749851347903,424.96749851347903,849.9349970269581
0.378,424.71282410695517,424.71282410695517,849.4256482139103
0.379,424.38920939547984,424.38920939547984,848.7784187909597
0.38,424.0204843450347,424.0204843450347,848.0409686900693
0.381,423.6336087445887,423.6336087445887,847.2672174891774
0.382,423.25610866964513,423.25610866964513,846.5122173392903
0.383,422.9134814050673,422.9134814050673,845.8269628101345
0.384,422.6268401539658,422.6268401539658,845.2536803079316
0.385,422.4110429508719,422.4110429508719,844.8220859017438
0.386,422.2734968630372,422.2734968630372,844.5469937260744
0.387,422.21375468273067,422.21375468273067,844.4275093654613
0.388,422.22393501276457,422.22393501276457,844.4478700255291
0.389,422.2899074062556,422.2899074062556,844.5798148125112
0.39,422.3931018269762,422.3931018269762,844.7862036539524
0.391,422.5127351663563,422.5127351663563,845.0254703327126
0.392,422.62820414354877,422.62820414354877,845.2564082870975
0.393,422.72137832328025,422.72137832328025,845.4427566465605
0.394,422.7785408359609,422.7785408359609,845.5570816719218
0.395,422.7917660495941,422.7917660495941,845.5835320991882
0.396,422.75958823050956,422.75958823050956,845.5191764610191
0.397,422.6868959010697,422.6868959010697,845.3737918021394
0.398,422.58407417423774,422.58407417423774,845.1681483484755
0.399,422.46550208363436,422.46550208363436,844.9310041672687
0.4,422.34758442535343,422.34758442535343,844.6951688507069
0.401,422.246549841544,422.246549841544,844.493099683088
0.402,422.17627301668426,422.17627301668426,844.3525460333685
0.403,422.1463760300974,422.1463760300974,844.2927520601947
0.404,422.1608324302533,422.1608324302533,844.3216648605066
0.405,422.21724096340074,422.21724096340074,844.4344819268015
0.406,422.30686038826184,422.30686038826184,844.6137207765237
0.40700000000000003,422.4154108238704,422.4154108238704,844.8308216477408
0.40800000000000003,422.5245601632462,422.5245601632462,845.0491203264924
0.40900000000000003,422.6139359095654,422.6139359095654,845.2278718191308
0.41000000000000003,422.66344206678974,422.66344206678974,845.3268841335795
0.41100000000000003,422.65562423710844,422.65562423710844,845.3112484742169
0.41200000000000003,422.5778179649737,422.5778179649737,845.1556359299474
0.41300000000000003,422.4238366140731,422.4238366140731,844.8476732281462
0.41400000000000003,422.19500341874357,422.19500341874357,844.3900068374871
0.41500000000000004,421.9004025669034,421.9004025669034,843.8008051338068
0.41600000000000004,421.55630857756574,421.55630857756574,843.1126171551315
0.417,421.1848425839348,421.1848425839348,842.3696851678696
0.418,420.8119886138952,420.8119886138952,841.6239772277904
0.419,420.46517328395737,420.46517328395737,840.9303465679147
0.42,420.1706607441353,420.1706607441353,840.3413214882706
0.421,419.95103588067707,419.95103588067707,839.9020717613541
0.422,419.8230403392643,419.8230403392643,839.6460806785286
0.423,419.79598876025767,419.79598876025767,839.5919775205153
0.424,419.87093075928624,419.87093075928624,839.7418615185725
0.425,420.04064438952537,420.04064438952537,840.0812887790507
0.426,420.2904578023008,420.2904578023008,840.5809156046016
0.427,420.5998073051669,420.5998073051669,841.1996146103338
0.428,420.944361666044,420.944361666044,841.888723332088
0.429,421.2984828703292,421.2984828703292,842.5969657406584
0.43,421.6377590857113,421.6377590857113,843.2755181714226
0.431,421.94134003460465,421.94134003460465,843.8826800692093
0.432,422.1938288460961,422.1938288460961,844.3876576921922
0.433,422.3865350535367,422.3865350535367,844.7730701070734
0.434,422.51796508267574,422.51796508267574,845.0359301653515
0.435,422.5935113913687,422.5935113913687,845.1870227827374
0.436,422.62438999670894,422.62438999670894,845.2487799934179
0.437,422.62595868392395,422.62595868392395,845.2519173678479
0.438,422.6156156404528,422.6156156404528,845.2312312809056
0.439,422.610523189546,422.610523189546,845.221046379092
0.44,422.62541880213433,422.62541880213433,845.2508376042687
0.441,422.670763775321,422.670763775321,845.341527550642
0.442,422.75144025631334,422.75144025631334,845.5028805126267
0.443,422.866144127225,422.866144127225,845.73228825445
0.444,423.00754170840565,423.00754170840565,846.0150834168113
0.445,423.1631711576507,423.1631711576507,846.3263423153014
0.446,423.3169845422156,423.3169845422156,846.6339690844312
0.447,423.4513532994992,423.4513532994992,846.9027065989984
0.448,423.5493063505889,423.5493063505889,847.0986127011778
0.449,423.59674246492415,423.59674246492415,847.1934849298483
0.45,423.5843597149006,423.5843597149006,847.1687194298012
0.451,423.50907492489114,423.50907492489114,847.0181498497823
0.452,423.37476163337146,423.37476163337146,846.7495232667429
0.453,423.1922101379305,423.1922101379305,846.384420275861
0.454,422.9782994073992,422.9782994073992,845.9565988147984
0.455,422.75445850007696,422.75445850007696,845.5089170001539
0.456,422.54457490024555,422.54457490024555,845.0891498004911
0.457,422.37257002955477,422.37257002955477,844.7451400591095
0.458,422.2599011101488,422.2599011101488,844.5198022202976
0.459,422.22325918298867,422.22325918298867,844.4465183659773
0.46,422.2727141584209,422.2727141584209,844.5454283168418
0.461,422.4105112895516,422.4105112895516,844.8210225791032
0.462,422.6306544410219,422.6306544410219,845.2613088820437
0.463,422.91932748947886,422.91932748947886,845.8386549789577
0.464,423.2561153098979,423.2561153098979,846.5122306197958
0.465,423.61589989753463,423.61589989753463,847.2317997950693
0.466,423.9712346430457,423.9712346430457,847.9424692860914
0.467,424.2949485501107,424.2949485501107,848.5898971002214
0.468,424.56270785764997,424.56270785764997,849.1254157152999
0.46900000000000003,424.7552677490796,424.7552677490796,849.5105354981592
0.47000000000000003,424.86018100458404,424.86018100458404,849.7203620091681
0.47100000000000003,424.8727898099848,424.8727898099848,849.7455796199696
0.47200000000000003,424.79640494921375,424.79640494921375,849.5928098984275
0.47300000000000003,424.64166470870134,424.64166470870134,849.2833294174027
0.47400000000000003,424.4251543471528,424.4251543471528,848.8503086943056
0.47500000000000003,424.1674462371162,424.1674462371162,848.3348924742324
0.47600000000000003,423.8907821042993,423.8907821042993,847.7815642085986
0.47700000000000004,423.6166555030002,423.6166555030002,847.2333110060003
0.47800000000000004,423.36356081783606,423.36356081783606,846.7271216356721
0.47900000000000004,423.14515387274605,423.14515387274605,846.2903077454921
0.48,422.969021095446,422.969021095446,845.938042190892
0.481,422.8361845321999,422.8361845321999,845.6723690643998
0.482,422.74138660349183,422.74138660349183,845.4827732069837
0.483,422.674110612051,422.674110612051,845.348221224102
0.484,422.6202104176531,422.6202104176531,845.2404208353062
0.485,422.56395453768477,422.56395453768477,845.1279090753695
0.486,422.49024376874416,422.49024376874416,844.9804875374883
0.487,422.3867423594846,422.3867423594846,844.7734847189691
0.488,422.24567289846584,422.24567289846584,844.4913457969317
0.489,422.06506327446067,422.06506327446067,844.1301265489213
0.49,421.849296069806,421.849296069806,843.698592139612
0.491,421.6088896672519,421.6088896672519,843.2177793345038
0.492,421.3595274146397,421.3595274146397,842.7190548292793
0.493,421.12043671680095,421.12043671680095,842.2408734336019
0.494,420.9122943880971,420.9122943880971,841.8245887761942
0.495,420.754889693646,420.754889693646,841.509779387292
0.496,420.6648060576516,420.6648060576516,841.3296121153032
0.497,420.6533830664209,420.6533830664209,841.3067661328417
0.498,420.72519197621546,420.72519197621546,841.4503839524309
0.499,420.87720349968276,420.87720349968276,841.7544069993655
0.5,421.0987521167999,421.0987521167999,842.1975042335998
0.501,421.37231469345755,421.37231469345755,842.7446293869151
0.502,421.67503228090095,421.67503228090095,843.3500645618019
0.503,421.98082238691825,421.98082238691825,843.9616447738365
0.504,422.26286373942776,422.26286373942776,844.5257274788555
0.505,422.49619380892165,422.49619380892165,844.9923876178433
0.506,422.6601457467422,422.6601457467422,845.3202914934844
0.507,422.7403674735386,422.7403674735386,845.4807349470772
0.508,422.73020970051505,422.73020970051505,845.4604194010301
0.509,422.63133689849184,422.63133689849184,845.2626737969837
0.51,422.45349831421777,422.45349831421777,844.9069966284355
0.511,422.2134859980493,422.2134859980493,844.4269719960986
0.512,421.933393637978,421.933393637978,843.866787275956
0.513,421.63836431465234,421.63836431465234,843.2767286293047
0.514,421.35406900156505,421.35406900156505,842.7081380031301
0.515,421.10418490328937,421.10418490328937,842.2083698065787
0.516,420.90814062994633,420.90814062994633,841.8162812598927
0.517,420.7793640528298,420.7793640528298,841.5587281056596
0.518,420.7242119704213,420.7242119704213,841.4484239408426
0.519,420.74168473561167,420.74168473561167,841.4833694712233
0.52,420.8239421607958,420.8239421607958,841.6478843215916
0.521,420.9575489137567,420.9575489137567,841.9150978275134
0.522,421.12529795163215,421.12529795163215,842.2505959032643
0.523,421.3083980717896,421.3083980717896,842.6167961435792
0.524,421.4887732323647,421.4887732323647,842.9775464647294
0.525,421.6512110896305,421.6512110896305,843.302422179261
0.526,421.785117266462,421.785117266462,843.570234532924
0.527,421.88567801877093,421.88567801877093,843.7713560375419
0.528,421.9543020225089,421.9543020225089,843.9086040450178
0.529,421.9982943597771,421.9982943597771,843.9965887195542
0.53,422.02980325723274,422.02980325723274,844.0596065144655
0.531,422.0641629792338,422.0641629792338,844.1283259584676
0.532,422.1178252732853,422.1178252732853,844.2356505465706
0.533,422.2061192139928,422.2061192139928,844.4122384279856
0.534,422.3410998891297,422.3410998891297,844.6821997782594
0.535,422.5297377879726,422.5297377879726,845.0594755759452
0.536,422.7726638922084,422.7726638922084,845.5453277844168
0.537,423.0636243737032,423.0636243737032,846.1272487474064
0.538,423.3897202025752,423.3897202025752,846.7794404051504
0.539,423.73241954358156,423.73241954358156,847.4648390871631
0.54,424.0692442403034,424.0692442403034,848.1384884806068
0.541,424.3759555500675,424.3759555500675,848.751911100135
0.542,424.6290070568016,424.6290070568016,849.2580141136032
0.543,424.80800074164404,424.80800074164404,849.6160014832881
0.544,424.89787914133274,424.89787914133274,849.7957582826655
0.545,424.89061280203407,424.89061280203407,849.7812256040681
0.546,424.78619504118143,424.78619504118143,849.5723900823629
0.547,424.59282963730976,424.59282963730976,849.1856592746195
0.548,424.3262834563731,424.3262834563731,848.6525669127462
0.549,424.0084657558127,424.0084657558127,848.0169315116254
0.55,423.6653791701258,423.6653791701258,847.3307583402516
0.551,423.3246550610878,423.3246550610878,846.6493101221756
0.552,423.0129306036907,423.0129306036907,846.0258612073814
0.553,422.75334178635285,422.75334178635285,845.5066835727057
0.554,422.56339359938966,422.56339359938966,845.1267871987793
0.555,422.4534274960056,422.4534274960056,844.9068549920112
0.556,422.42584126310527,422.42584126310527,844.8516825262105
0.557,422.4751348651466,422.4751348651466,844.9502697302931
0.558,422.58876657016907,422.58876657016907,845.1775331403381
0.559,422.7487165120824,422.7487165120824,845.4974330241648
0.56,422.933579322062,422.933579322062,845.867158644124
0.561,423.12095181609186,423.12095181609186,846.2419036321837
0.562,423.2898519979009,423.2898519979009,846.5797039958018
0.5630000000000001,423.42290500714887,423.42290500714887,846.8458100142977
0.5640000000000001,423.5080600826438,423.5080600826438,847.0161201652876
0.5650000000000001,423.5396568875993,423.5396568875993,847.0793137751986
0.5660000000000001,423.5187335833797,423.5187335833797,847.0374671667594
0.5670000000000001,423.4525545946735,423.4525545946735,846.905109189347
0.5680000000000001,423.35342357950043,423.35342357950043,846.7068471590009
0.5690000000000001,423.23692699125525,423.23692699125525,846.4738539825105
0.5700000000000001,423.119816951699,423.119816951699,846.239633903398
0.5710000000000001,423.0177819400329,423.0177819400329,846.0355638800658
0.5720000000000001,422.9433656555571,422.9433656555571,845.8867313111142
0.5730000000000001,422.9042770406049,422.9042770406049,845.8085540812098
0.5740000000000001,422.9022898077081,422.9022898077081,845.8045796154162
0.5750000000000001,422.9328628757677,422.9328628757677,845.8657257515354
0.5760000000000001,422.9855313334545,422.9855313334545,845.971062666909
0.577,423.0450300130948,423.0450300130948,846.0900600261896
0.578,423.09302821739936,423.09302821739936,846.1860564347987
0.579,423.11028390316335,423.11028390316335,846.2205678063267
0.58,423.07897653521854,423.07897653521854,846.1579530704371
0.581,422.98495539278167,422.98495539278167,845.9699107855633
0.582,422.8196469074544,422.8196469074544,845.6392938149088
0.583,422.58139997573113,422.58139997573113,845.1627999514623
0.584,422.27610829679384,422.27610829679384,844.5522165935877
0.585,421.91702707489134,421.91702707489134,843.8340541497827
0.586,421.52378931102857,421.52378931102857,843.0475786220571
0.587,421.12071473229463,421.12071473229463,842.2414294645893
0.588,420.73458249917803,420.73458249917803,841.4691649983561
0.589,420.39209857678316,420.39209857678316,840.7841971535663
0.59,420.1173234451163,420.1173234451163,840.2346468902326
0.591,419.9293317814527,419.9293317814527,839.8586635629053
0.592,419.8403521625358,419.8403521625358,839.6807043250716
0.593,419.85458423812594,419.85458423812594,839.7091684762519
0.594,419.9678187192801,419.9678187192801,839.9356374385602
0.595,420.1678997670723,420.1678997670723,840.3357995341446
0.596,420.435979321936,420.435979321936,840.871958643872
0.597,420.748428412301,420.748428412301,841.496856824602
0.598,421.079200744905,421.079200744905,842.15840148981
0.599,421.4023965050333,421.4023965050333,842.8047930100666
0.6,421.694754421126,421.694754421126,843.389508842252
0.601,421.9378098903576,421.9378098903576,843.8756197807152
0.602,422.11949518245575,422.11949518245575,844.2389903649115
0.603,422.2350201751772,422.2350201751772,844.4700403503545
0.604,422.28695180977286,422.28695180977286,844.5739036195457
0.605,422.2844986818919,422.2844986818919,844.5689973637838
0.606,422.24209417798977,422.24209417798977,844.4841883559795
0.607,422.1774477588374,422.1774477588374,844.3548955176748
0.608,422.1092910184362,422.1092910184362,844.2185820368724
0.609,422.05507677632755,422.05507677632755,844.1101535526551
0.61,422.02889227664633,422.02889227664633,844.0577845532927
0.611,422.0398213403294,422.0398213403294,844.0796426806588
0.612,422.09093803123346,422.09093803123346,844.1818760624669
0.613,422.17904191552384,422.17904191552384,844.3580838310477
0.614,422.2951604089378,422.2951604089378,844.5903208178756
0.615,422.4257564443141,422.4257564443141,844.8515128886282
0.616,422.5544994685952,422.5544994685952,845.1089989371904
0.617,422.66439352665174,422.66439352665174,845.3287870533035
0.618,422.740015068755,422.740015068755,845.48003013751
0.619,422.76959972490727,422.76959972490727,845.5391994498145
0.62,422.7467331446759,422.7467331446759,845.4934662893518
0.621,422.67144438500117,422.67144438500117,845.3428887700023
0.622,422.55056646594034,422.55056646594034,845.1011329318807
0.623,422.39731030296196,422.39731030296196,844.7946206059239
0.624,422.23008623954695,422.23008623954695,844.4601724790939
0.625,422.0706920948848,422.0706920948848,844.1413841897696
0.626,421.94205860870653,421.94205860870653,843.8841172174131
0.627,421.8657943987321,421.8657943987321,843.7315887974642
0.628,421.85979731136894,421.85979731136894,843.7195946227379
0.629,421.9361945196238,421.9361945196238,843.8723890392477
0.63,422.09984030565107,422.09984030565107,844.1996806113021
0.631,422.347541745486,422.347541745486,844.695083490972
0.632,422.66810486928904,422.66810486928904,845.3362097385781
0.633,423.04320577315417,423.04320577315417,846.0864115463083
0.634,423.4490022407682,423.4490022407682,846.8980044815364
0.635,423.85832142929434,423.85832142929434,847.7166428585887
0.636,424.2431968489177,424.2431968489177,848.4863936978354
0.637,424.57749005075976,424.57749005075976,849.1549801015195
0.638,424.8393232787771,424.8393232787771,849.6786465575542
0.639,425.01306984114007,425.01306984114007,850.0261396822801
0.64,425.0906968662404,425.0906968662404,850.1813937324808
0.641,425.07232517384523,425.07232517384523,850.1446503476905
0.642,424.96595553247465,424.96595553247465,849.9319110649493
0.643,424.78640032829725,424.78640032829725,849.5728006565945
0.644,424.5535448153903,424.5535448153903,849.1070896307806
0.645,424.2901333477946,424.2901333477946,848.5802666955892
0.646,424.01932554820615,424.01932554820615,848.0386510964123
0.647,423.7622898791568,423.7622898791568,847.5245797583136
0.648,423.53609516638,423.53609516638,847.07219033276
0.649,423.3521251399034,423.3521251399034,846.7042502798068
0.65,423.215181010281,423.215181010281,846.430362020562
0.651,423.123359189388,423.123359189388,846.246718378776
0.652,423.068704159401,423.068704159401,846.137408318802
0.653,423.0385498521969,423.0385498521969,846.0770997043938
0.654,423.0173863193139,423.0173863193139,846.0347726386278
0.655,422.9890304178405,422.9890304178405,845.978060835681
0.656,422.93884611657273,422.93884611657273,845.8776922331455
0.657,422.8557554777554,422.8557554777554,845.7115109555108
0.658,422.7338058619783,422.7338058619783,845.4676117239566
0.659,422.5731096870356,422.5731096870356,845.1462193740712
0.66,422.38004448092283,422.38004448092283,844.7600889618457
0.661,422.1666850522099,422.1666850522099,844.3333701044198
0.662,421.9495269974944,421.9495269974944,843.8990539949888
0.663,421.7476417426719,421.7476417426719,843.4952834853437
0.664,421.5804688436544,421.5804688436544,843.1609376873088
0.665,421.4654940274769,421.4654940274769,842.9309880549538
0.666,421.416076625587,421.416076625587,842.832153251174
0.667,421.43967587511247,421.43967587511247,842.8793517502249
0.668,421.53668352456106,421.53668352456106,843.0733670491221
0.669,421.7000048463485,421.7000048463485,843.400009692697
0.67,421.91544868198196,421.91544868198196,843.8308973639639
0.671,422.1628984755122,422.1628984755122,844.3257969510244
0.672,422.41815014688603,422.41815014688603,844.8363002937721
0.673,422.65522861426126,422.65522861426126,845.3104572285225
0.674,422.84894097651744,422.84894097651744,845.6978819530349
0.675,422.9773967824968,422.9773967824968,845.9547935649936
0.676,423.0242275359059,423.0242275359059,846.0484550718118
0.677,422.9802684908627,422.9802684908627,845.9605369817255
0.678,422.84452255321463,422.84452255321463,845.6890451064293
0.679,422.6243025457595,422.6243025457595,845.248605091519
0.68,422.33453588600685,422.33453588600685,844.6690717720137
0.681,421.99630527956606,421.99630527956606,843.9926105591321
0.682,421.6347805724222,421.6347805724222,843.2695611448444
0.683,421.27676153331316,421.27676153331316,842.5535230666263
0.684,420.9480920135488,420.9480920135488,841.8961840270975
0.685,420.67121824791013,420.67121824791013,841.3424364958203
0.686,420.46314672380186,420.46314672380186,840.9262934476037
0.687,420.33401201902404,420.33401201902404,840.6680240380481
0.6880000000000001,420.286397291009,420.286397291009,840.572794582018
0.6890000000000001,420.3154671763746,420.3154671763746,840.6309343527493
0.6900000000000001,420.40988387210115,420.40988387210115,840.8197677442023
0.6910000000000001,420.5533919118814,420.5533919118814,841.1067838237628
0.6920000000000001,420.72688498764666,420.72688498764666,841.4537699752933
0.6930000000000001,420.9107170009957,420.9107170009957,841.8214340019914
0.6940000000000001,421.08699493616456,421.08699493616456,842.1739898723291
0.6950000000000001,421.24159575667363,421.24159575667363,842.4831915133473
0.6960000000000001,421.36568274341175,421.36568274341175,842.7313654868235
0.6970000000000001,421.45655475340016,421.45655475340016,842.9131095068003
0.6980000000000001,421.51773828375076,421.51773828375076,843.0354765675015
0.6990000000000001,421.5583184499526,421.5583184499526,843.1166368999052
0.7000000000000001,421.5915914283571,421.5915914283571,843.1831828567142
0.7010000000000001,421.63319794988365,421.63319794988365,843.2663958997673
0.7020000000000001,421.69895649328,421.69895649328,843.39791298656
0.7030000000000001,421.80264933499177,421.80264933499177,843.6052986699835
0.704,421.9540207150513,421.9540207150513,843.9080414301026
0.705,422.15722337030064,422.15722337030064,844.3144467406013
0.706,422.40990009203125,422.40990009203125,844.8198001840625
0.707,422.703016259525,422.703016259525,845.40603251905
0.708,423.0214753052934,423.0214753052934,846.0429506105868
0.709,423.3454610864093,423.3454610864093,846.6909221728185
0.71,423.65236892914135,423.65236892914135,847.3047378582827
0.711,423.9191198182716,423.9191198182716,847.8382396365432
0.712,424.12460732218386,424.12460732218386,848.2492146443677
0.713,424.2520094208345,424.2520094208345,848.504018841669
0.714,424.290709454332,424.290709454332,848.581418908664
0.715,424.2376107048891,424.2376107048891,848.4752214097782
0.716,424.09769331801334,424.09769331801334,848.1953866360267
0.717,423.88374337333806,423.88374337333806,847.7674867466761
0.718,423.6152730719004,423.6152730719004,847.2305461438008
0.719,423.316738456525,423.316738456525,846.63347691305
0.72,423.015237241677,423.015237241677,846.030474483354
0.721,422.7379258446989,422.7379258446989,845.4758516893978
0.722,422.50942537713235,422.50942537713235,845.0188507542647
0.723,422.34948780088,422.34948780088,844.69897560176
0.724,422.2711655115212,422.2711655115212,844.5423310230424
0.725,422.2796733353822,422.2796733353822,844.5593466707644
0.726,422.3720572601454,422.3720572601454,844.7441145202909
0.727,422.53769733619,422.53769733619,845.07539467238
0.728,422.7595825963926,422.7595825963926,845.5191651927852
0.729,423.0162133421229,423.0162133421229,846.0324266842458
0.73,423.2839197389503,423.2839197389503,846.5678394779006
0.731,423.53934258335045,423.53934258335045,847.0786851667009
0.732,423.7618069940121,423.7618069940121,847.5236139880242
0.733,423.93533421742336,423.93533421742336,847.8706684348467
0.734,424.05007903345046,424.05007903345046,848.1001580669009
0.735,424.10304565466504,424.10304565466504,848.2060913093301
0.736,424.0980162476663,424.0980162476663,848.1960324953326
0.737,424.0447142483853,424.0447142483853,848.0894284967706
0.738,423.95730974402767,423.95730974402767,847.9146194880553
0.739,423.8524469414439,423.8524469414439,847.7048938828877
0.74,423.74702610543653,423.74702610543653,847.4940522108731
0.741,423.655998567346,423.655998567346,847.311997134692
0.742,423.5904306123356,423.5904306123356,847.1808612246712
0.743,423.55606060751694,423.55606060751694,847.1121212150339
0.744,423.5525171623066,423.5525171623066,847.1050343246131
0.745,423.5732907311986,423.5732907311986,847.1465814623972
0.746,423.60646527661584,423.60646527661584,847.2129305532317
0.747,423.6361299606795,423.6361299606795,847.272259921359
0.748,423.6443129834946,423.6443129834946,847.2886259669892
0.749,423.6132193165347,423.6132193165347,847.2264386330694
0.75,423.52751794715306,423.52751794715306,847.0550358943061
0.751,423.3764164296954,423.3764164296954,846.7528328593908
0.752,423.15528197440653,423.15528197440653,846.3105639488131
0.753,422.86661670330614,422.86661670330614,845.7332334066123
0.754,422.5202647807393,422.5202647807393,845.0405295614786
0.755,422.1328131965467,422.1328131965467,844.2656263930934
0.756,421.7262367923058,421.7262367923058,843.4524735846117
0.757,421.3259218851999,421.3259218851999,842.6518437703998
0.758,420.9582723074451,420.9582723074451,841.9165446148902
0.759,420.64814914878485,420.64814914878485,841.2962982975697
0.76,420.4164156810797,420.4164156810797,840.8328313621594
0.761,420.27784956651004,420.27784956651004,840.5556991330201
0.762,420.2396464615548,420.2396464615548,840.4792929231096
0.763,420.3006766301935,420.3006766301935,840.601353260387
0.764,420.45157597004,420.45157597004,840.90315194008
0.765,420.6756636820766,420.6756636820766,841.3513273641532
0.766,420.9505904140943,420.9505904140943,841.9011808281886
0.767,421.25054273339634,421.25054273339634,842.5010854667927
0.768,421.54877074577604,421.54877074577604,843.0975414915521
0.769,421.8201720062434,421.8201720062434,843.6403440124868
0.77,422.04366020802803,422.04366020802803,844.0873204160561
0.771,422.20407195045317,422.20407195045317,844.4081439009063
0.772,422.2934163997386,422.2934163997386,844.5868327994772
0.773,422.31134516911845,422.31134516911845,844.6226903382369
0.774,422.26480525780136,422.26480525780136,844.5296105156027
0.775,422.16692698874357,422.16692698874357,844.3338539774871
0.776,422.03528178158734,422.03528178158734,844.0705635631747
0.777,421.88971219878994,421.88971219878994,843.7794243975799
0.778,421.74998162083386,421.74998162083386,843.4999632416677
0.779,421.63350826544604,421.63350826544604,843.2670165308921
0.78,421.5534362399912,421.5534362399912,843.1068724799824
0.781,421.517256326973,421.517256326973,843.034512653946
0.782,421.52612575848354,421.52612575848354,843.0522515169671
0.783,421.57495643170705,421.57495643170705,843.1499128634141
0.784,421.6532537501292,421.6532537501292,843.3065075002584
0.785,421.74660325618765,421.74660325618765,843.4932065123753
0.786,421.83862890511017,421.83862890511017,843.6772578102203
0.787,421.9131933677996,421.9131933677996,843.8263867355992
0.788,421.95658308952505,421.95658308952505,843.9131661790501
0.789,421.9594220555042,421.9594220555042,843.9188441110084
0.79,421.9180882054138,421.9180882054138,843.8361764108276
0.791,421.8354618867526,421.8354618867526,843.6709237735053
0.792,421.72091050629444,421.72091050629444,843.4418210125889
0.793,421.58949934564976,421.58949934564976,843.1789986912995
0.794,421.46050583371385,421.46050583371385,842.9210116674277
0.795,421.35539371600095,421.35539371600095,842.7107874320019
0.796,421.2954657191217,421.2954657191217,842.5909314382434
0.797,421.29945153295284,421.29945153295284,842.5989030659057
0.798,421.38129791184406,421.38129791184406,842.7625958236881
0.799,421.5484082302864,421.5484082302864,843.0968164605728
0.8,421.80053196660157,421.80053196660157,843.6010639332031
0.801,422.1294354046046,422.1294354046046,844.2588708092092
0.802,422.5194008811582,422.5194008811582,845.0388017623164
0.803,422.94851235056564,422.94851235056564,845.8970247011313
0.804,423.39059969838064,423.39059969838064,846.7811993967613
0.805,423.8176424809214,423.8176424809214,847.6352849618428
0.806,424.20238347501135,424.20238347501135,848.4047669500227
0.807,424.520879128413,424.520879128413,849.041758256826
0.808,424.75472027921546,424.75472027921546,849.5094405584309
0.809,424.8926916931383,424.8926916931383,849.7853833862766
0.81,424.9316992122272,424.9316992122272,849.8633984244544
0.811,424.876872029502,424.876872029502,849.753744059004
0.812,424.7408361908739,424.7408361908739,849.4816723817478
0.8130000000000001,424.54224419071085,424.54224419071085,849.0844883814217
0.8140000000000001,424.3037247724981,424.3037247724981,848.6074495449961
0.8150000000000001,424.0494781282562,424.0494781282562,848.0989562565125
0.8160000000000001,423.80277797219804,423.80277797219804,847.6055559443961
0.8170000000000001,423.5836495418315,423.5836495418315,847.167299083663
0.8180000000000001,423.40697071068735,423.40697071068735,846.8139414213747
0.8190000000000001,423.281194578066,423.281194578066,846.562389156132
0.8200000000000001,423.2078215910166,423.2078215910166,846.4156431820333
0.8210000000000001,423.1816652673336,423.1816652673336,846.3633305346672
0.8220000000000001,423.1918672336024,423.1918672336024,846.3837344672048
0.8230000000000001,423.2235343418643,423.2235343418643,846.4470686837286
0.8240000000000001,423.2598022408299,423.2598022408299,846.5196044816598
0.8250000000000001,423.2840834868115,423.2840834868115,846.568166973623
0.8260000000000001,423.28223916461826,423.28223916461826,846.5644783292365
0.8270000000000001,423.24442311423377,423.24442311423377,846.4888462284675
0.8280000000000001,423.1663860492984,423.1663860492984,846.3327720985968
0.8290000000000001,423.05008882365996,423.05008882365996,846.1001776473199
0.8300000000000001,422.9035529341877,422.9035529341877,845.8071058683754
0.8310000000000001,422.7399632555587,422.7399632555587,845.4799265111174
0.8320000000000001,422.5761233040614,422.5761233040614,845.1522466081228
0.833,422.4304375163825,422.4304375163825,844.860875032765
0.834,422.32064982692793,422.32064982692793,844.6412996538559
0.835,422.26159709831813,422.26159709831813,844.5231941966363
0.836,422.263236392656,422.263236392656,844.526472785312
0.837,422.32917654605745,422.32917654605745,844.6583530921149
0.838,422.45589011320175,422.45589011320175,844.9117802264035
0.839,422.6327074387092,422.6327074387092,845.2654148774184
0.84,422.84260855789506,422.84260855789506,845.6852171157901
0.841,423.0637403141765,423.0637403141765,846.127480628353
0.842,423.2715052551893,423.2715052551893,846.5430105103786
0.843,423.4410044775446,423.4410044775446,846.8820089550892
0.844,423.5495757788518,423.5495757788518,847.0991515577036
0.845,423.5791558076725,423.5791558076725,847.158311615345
0.846,423.51821184944436,423.51821184944436,847.0364236988887
0.847,423.36303366565056,423.36303366565056,846.7260673313011
0.848,423.1182435693877,423.1182435693877,846.2364871387754
0.849,422.79646629715364,422.79646629715364,845.5929325943073
0.85,422.41719012770716,422.41719012770716,844.8343802554143
0.851,422.0049372870013,422.0049372870013,844.0098745740027
0.852,421.5869355047712,421.5869355047712,843.1738710095424
0.853,421.19053559318763,421.19053559318763,842.3810711863753
0.854,420.84064632554885,420.84064632554885,841.6812926510977
0.855,420.5574548468339,420.5574548468339,841.1149096936678
0.856,420.3546687239083,420.3546687239083,840.7093374478166
0.857,420.23845810641444,420.23845810641444,840.4769162128289
0.858,420.20719968049843,420.20719968049843,840.4143993609969
0.859,420.25203661090285,420.25203661090285,840.5040732218057
0.86,420.3581800988745,420.3581800988745,840.716360197749
0.861,420.50679825254383,420.50679825254383,841.0135965050877
0.862,420.67727542403975,420.67727542403975,841.3545508480795
0.863,420.849586834153,420.849586834153,841.699173668306
0.864,421.00652332131256,421.00652332131256,842.0130466426251
0.865,421.13552042378,421.13552042378,842.27104084756
0.866,421.2298924975983,421.2298924975983,842.4597849951966
0.867,421.28934096169377,421.28934096169377,842.5786819233875
0.868,421.31968840756,421.31968840756,842.63937681512
0.869,421.3318780099866,421.3318780099866,842.6637560199732
0.87,421.34036067526756,421.34036067526756,842.6807213505351
0.871,421.3610614425294,421.3610614425294,842.7221228850588
0.872,421.4091641403213,421.4091641403213,842.8183282806426
0.873,421.4969739201635,421.4969739201635,842.993947840327
0.874,421.6321087477917,421.6321087477917,843.2642174955834
0.875,421.8162341720833,421.8162341720833,843.6324683441666
0.876,422.0444947824048,422.0444947824048,844.0889895648096
0.877,422.3057174596646,422.3057174596646,844.6114349193292
0.878,422.5833745120676,422.5833745120676,845.1667490241352
0.879,422.8572087260342,422.8572087260342,845.7144174520683
0.88,423.10534682583875,423.10534682583875,846.2106936516775
0.881,423.3066712412356,423.3066712412356,846.6133424824712
0.882,423.44318876723673,423.44318876723673,846.8863775344735
0.883,423.50213221629747,423.50213221629747,847.0042644325949
0.884,423.4775578827362,423.4775578827362,846.9551157654724
0.885,423.37125471037666,423.37125471037666,846.7425094207533
0.886,423.19285471229153,423.19285471229153,846.3857094245831
0.887,422.9591203910544,422.9591203910544,845.9182407821088
0.888,422.69247420825735,422.69247420825735,845.3849484165147
0.889,422.41891775561595,422.41891775561595,844.8378355112319
0.89,422.16555511109,422.16555511109,844.33111022218
0.891,421.9579785681176,421.9579785681176,843.9159571362352
0.892,421.81779068242446,421.81779068242446,843.6355813648489
0.893,421.76052263106914,421.76052263106914,843.5210452621383
0.894,421.7941667230824,421.7941667230824,843.5883334461648
0.895,421.91847513529075,421.91847513529075,843.8369502705815
0.896,422.1250947551922,422.1250947551922,844.2501895103844
0.897,422.3985183790855,422.3985183790855,844.797036758171
0.898,422.7177452335669,422.7177452335669,845.4354904671338
0.899,423.0584683918429,423.0584683918429,846.1169367836858
0.9,423.3955513595485,423.3955513595485,846.791102719097
0.901,423.7055269083367,423.7055269083367,847.4110538166734
0.902,423.9688512653888,423.9688512653888,847.9377025307776
0.903,424.1716759332703,424.1716759332703,848.3433518665406
0.904,424.30695442429897,424.30695442429897,848.6139088485979
0.905,424.3747759167164,424.3747759167164,848.7495518334327
0.906,424.3819039874486,424.3819039874486,848.7638079748972
0.907,424.34058661600943,424.34058661600943,848.6811732320189
0.908,424.2667838632948,424.2667838632948,848.5335677265896
0.909,424.17802316678444,424.17802316678444,848.3560463335689
0.91,424.0911320760044,424.0911320760044,848.1822641520088
0.911,424.0201101212638,424.0201101212638,848.0402202425277
0.912,423.97438411238005,423.97438411238005,847.9487682247601
0.913,423.9576464916397,423.9576464916397,847.9152929832794
0.914,423.9674094256724,423.9674094256724,847.9348188513447
0.915,423.9953255877503,423.9953255877503,847.9906511755006
0.916,424.0282391658897,424.0282391658897,848.0564783317794
0.917,424.0498472725968,424.0498472725968,848.0996945451936
0.918,424.0427819201748,424.0427819201748,848.0855638403496
0.919,423.99087387554323,423.99087387554323,847.9817477510865
0.92,423.8813374932086,423.8813374932086,847.7626749864172
0.921,423.7066225688623,423.7066225688623,847.4132451377246
0.922,423.46571465438745,423.46571465438745,846.9314293087749
0.923,423.1647252695508,423.1647252695508,846.3294505391016
0.924,422.816691448406,422.816691448406,845.633382896812
0.925,422.44059147740023,422.44059147740023,844.8811829548005
0.926,422.0596708684254,422.0596708684254,844.1193417368509
0.927,421.699249922182,421.699249922182,843.398499844364
0.928,421.3842431055334,421.3842431055334,842.7684862110668
0.929,421.13665433968816,421.13665433968816,842.2733086793763
0.93,420.97331736560716,420.97331736560716,841.9466347312143
0.931,420.90412597601465,420.90412597601465,841.8082519520293
0.932,420.930947676062,420.930947676062,841.861895352124
0.933,421.0473418094902,421.0473418094902,842.0946836189804
0.934,421.2391172636387,421.2391172636387,842.4782345272774
0.935,421.4856749238411,421.4856749238411,842.9713498476822
0.936,421.76199591302213,421.76199591302213,843.5239918260443
0.937,422.0410675208298,422.0410675208298,844.0821350416596
0.9380000000000001,422.2964921501641,422.2964921501641,844.5929843003282
0.9390000000000001,422.50500566553757,422.50500566553757,845.0100113310751
0.9400000000000001,422.6486422636101,422.6486422636101,845.2972845272202
0.9410000000000001,422.71632219186483,422.71632219186483,845.4326443837297
0.9420000000000001,422.7047019854864,422.7047019854864,845.4094039709728
0.9430000000000001,422.61820740011035,422.61820740011035,845.2364148002207
0.9440000000000001,422.468258039451,422.468258039451,844.936516078902
0.9450000000000001,422.2717800622169,422.2717800622169,844.5435601244338
0.9460000000000001,422.0491797263332,422.0491797263332,844.0983594526664
0.9470000000000001,421.82200754215614,421.82200754215614,843.6440150843123
0.9480000000000001,421.6105742577527,421.6105742577527,843.2211485155054
0.9490000000000001,421.43178241294277,421.43178241294277,842.8635648258855
0.9500000000000001,421.29741059507325,421.29741059507325,842.5948211901465
0.9510000000000001,421.213034841126,421.213034841126,842.426069682252
0.9520000000000001,421.17769876487273,421.17769876487273,842.3553975297455
0.9530000000000001,421.1843590711026,421.1843590711026,842.3687181422052
0.9540000000000001,421.2210455983597,421.2210455983597,842.4420911967194
0.9550000000000001,421.2725946295373,421.2725946295373,842.5451892590746
0.9560000000000001,421.3227498492934,421.3227498492934,842.6454996985868
0.9570000000000001,421.3563841465579,421.3563841465579,842.7127682931158
0.9580000000000001,421.3615820235494,421.3615820235494,842.7231640470987
0.9590000000000001,421.3313381658796,421.3313381658796,842.6626763317591
0.96,421.26467099564286,421.26467099564286,842.5293419912857
0.961,421.1670159671156,421.1670159671156,842.3340319342312
0.962,421.0498446520666,421.0498446520666,842.0996893041332
0.963,420.92954327000126,420.92954327000126,841.8590865400025
0.964,420.8256685092344,420.8256685092344,841.6513370184688
0.965,420.7587698855096,420.7587698855096,841.5175397710192
0.966,420.74801852727234,420.74801852727234,841.4960370545447
0.967,420.8089064773892,420.8089064773892,841.6178129547784
0.968,420.95127559239836,420.95127559239836,841.9025511847967
0.969,421.17790135886514,421.17790135886514,842.3558027177303
0.97,421.48379806589213,421.48379806589213,842.9675961317843
0.971,421.8563341866939,421.8563341866939,843.7126683733878
0.972,422.2761590188338,422.2761590188338,844.5523180376676
0.973,422.7188532419807,422.7188532419807,845.4377064839614
0.974,423.1571367847342,423.1571367847342,846.3142735694684
0.975,423.5634059705202,423.5634059705202,847.1268119410404
0.976,423.9123351092994,423.9123351092994,847.8246702185988
0.977,424.1832695927311,424.1832695927311,848.3665391854622
0.978,424.3621590645998,424.3621590645998,848.7243181291996
0.979,424.4428280544217,424.4428280544217,848.8856561088434
0.98,424.42745226266436,424.42745226266436,848.8549045253287
0.981,424.3261937413429,424.3261937413429,848.6523874826858
0.982,424.1560382319658,424.1560382319658,848.3120764639316
0.983,423.9389630713249,423.9389630713249,847.8779261426498
0.984,423.6996350623185,423.6996350623185,847.399270124637
0.985,423.4628868015548,423.4628868015548,846.9257736031096
0.986,423.25124183849084,423.25124183849084,846.5024836769817
0.987,423.082751387225,423.082751387225,846.16550277445
0.988,422.9693690442899,422.9693690442899,845.9387380885798
0.989,422.9160291496073,422.9160291496073,845.8320582992146
0.99,422.9205158213743,422.9205158213743,845.8410316427486
0.991,422.97412200266956,422.97412200266956,845.9482440053391
0.992,423.0630107659485,423.0630107659485,846.126021531897
0.993,423.1701142345931,423.1701142345931,846.3402284691862
0.994,423.2773472578431,423.2773472578431,846.5546945156862
0.995,423.3678798003041,423.3678798003041,846.7357596006082
0.996,423.4282074846745,423.4282074846745,846.856414969349
0.997,423.4497842868325,423.4497842868325,846.899568573665
0.998,423.43003223697616,423.43003223697616,846.8600644739523
0.999,423.3726144310085,423.3726144310085,846.745228862017
1.0,423.2869417271188,423.2869417271188,846.5738834542376
1.0010000000000001,423.1869708232035,423.1869708232035,846.373941646407
1.002,423.0894322532428,423.0894322532428,846.1788645064856
1.0030000000000001,423.0116921953095,423.0116921953095,846.023384390619
1.004,422.9694945562076,422.9694945562076,845.9389891124152
1.0050000000000001,422.9748448162958,422.9748448162958,845.9496896325916
1.006,423.0342828630594,423.0342828630594,846.0685657261188
1.0070000000000001,423.14775003722076,423.14775003722076,846.2955000744415
1.008,423.30819046162225,423.30819046162225,846.6163809232445
1.0090000000000001,423.5019455926593,423.5019455926593,847.0038911853186
1.01,423.7099127789682,423.7099127789682,847.4198255579364
1.0110000000000001,423.9093531776337,423.9093531776337,847.8187063552674
1.012,424.07616112697707,424.07616112697707,848.1523222539541
1.0130000000000001,424.18735414206736,424.18735414206736,848.3747082841347
1.014,424.223515992735,424.223515992735,848.44703198547
1.0150000000000001,424.1709278715958,424.1709278715958,848.3418557431916
1.016,424.0231542713949,424.0231542713949,848.0463085427898
1.0170000000000001,423.78190747714,423.78190747714,847.56381495428
1.018,423.457091320039,423.457091320039,846.914182640078
1.0190000000000001,423.0660126714105,423.0660126714105,846.132025342821
1.02,422.63183848214413,422.63183848214413,845.2636769642883
1.0210000000000001,422.1814572307686,422.1814572307686,844.3629144615372
1.022,421.742967565865,421.742967565865,843.48593513173
1.0230000000000001,421.3430567279227,421.3430567279227,842.6861134558454
1.024,421.0045426682255,421.0045426682255,842.009085336451
1.025,420.7443354268344,420.7443354268344,841.4886708536689
1.026,420.5720273231595,420.5720273231595,841.144054646319
1.027,420.4892529172081,420.4892529172081,840.9785058344162
1.028,420.4898760564552,420.4898760564552,840.9797521129104
1.029,420.5609718137509,420.5609718137509,841.1219436275018
1.03,420.68448555835084,420.68448555835084,841.3689711167017
1.031,420.83937914869404,420.83937914869404,841.6787582973881
1.032,421.0040231765667,421.0040231765667,842.0080463531334
1.033,421.1585698666802,421.1585698666802,842.3171397333604
1.034,421.2870462289865,421.2870462289865,842.574092457973
1.035,421.37894072365583,421.37894072365583,842.7578814473117
1.036,421.43011522087164,421.43011522087164,842.8602304417433
1.037,421.4429508732567,421.4429508732567,842.8859017465134
1.038,421.42572311021365,421.42572311021365,842.8514462204273
1.039,421.39128768842784,421.39128768842784,842.7825753768557
1.04,421.3552369679121,421.3552369679121,842.7104739358242
1.041,421.3337447673089,421.3337447673089,842.6674895346177
1.042,421.34135273271517,421.34135273271517,842.6827054654303
1.043,421.3889573096718,421.3889573096718,842.7779146193436
1.044,421.48223347004057,421.48223347004057,842.9644669400811
1.045,421.6206818727756,421.6206818727756,843.2413637455512
1.046,421.7974156319893,421.7974156319893,843.5948312639786
1.047,421.99971916419406,421.99971916419406,843.9994383283881
1.048,422.2103239947822,422.2103239947822,844.4206479895644
1.049,422.4092646670436,422.4092646670436,844.8185293340872
1.05,422.5761111227397,422.5761111227397,845.1522222454794
1.051,422.69232957323146,422.69232957323146,845.3846591464629
1.052,422.74350694428796,422.74350694428796,845.4870138885759
1.053,422.7211864201732,422.7211864201732,845.4423728403464
1.054,422.62410215200987,422.62410215200987,845.2482043040197
1.055,422.45866544284,422.45866544284,844.91733088568
1.056,422.2386356620679,422.2386356620679,844.4772713241358
1.057,421.9839979048285,421.9839979048285,843.967995809657
1.058,421.7191562482625,421.7191562482625,843.438312496525
1.059,421.4706268127071,421.4706268127071,842.9412536254142
1.06,421.2644704052935,421.2644704052935,842.528940810587
1.061,421.12373416404324,421.12373416404324,842.2474683280865
1.062,421.06617203155525,421.06617203155525,842.1323440631105
1.063,421.10248497486185,421.10248497486185,842.2049699497237
1.064,421.235266756889,421.235266756889,842.470533513778
1.065,421.4587657564852,421.4587657564852,842.9175315129704
1.066,421.75948604669037,421.75948604669037,843.5189720933807
1.067,422.1175612071602,422.1175612071602,844.2351224143204
1.068,422.5087519646409,422.5087519646409,845.0175039292818
1.069,422.90685271195315,422.90685271195315,845.8137054239063
1.07,423.2862494389192,423.2862494389192,846.5724988778384
1.071,423.62435721743753,423.62435721743753,847.2487144348751
1.072,423.90368062433777,423.90368062433777,847.8073612486755
1.073,424.11328361062357,424.11328361062357,848.2265672212471
1.074,424.2495215244711,424.2495215244711,848.4990430489422
1.075,424.3159699297476,424.3159699297476,848.6319398594952
1.076,424.3225734759395,424.3225734759395,848.645146951879
1.077,424.2841235949569,424.2841235949569,848.5682471899138
1.078,424.21824681069495,424.21824681069495,848.4364936213899
1.079,424.1431379312106,424.1431379312106,848.2862758624212
1.08,424.07529861400076,424.07529861400076,848.1505972280015
1.081,424.0275389264685,424.0275389264685,848.055077852937
1.082,424.0074679611671,424.0074679611671,848.0149359223342
1.083,424.016642878059,424.016642878059,848.033285756118
1.084,424.0504702806617,424.0504702806617,848.1009405613235
1.085,424.098868010792,424.098868010792,848.197736021584
1.086,424.1476088310531,424.1476088310531,848.2952176621062
1.087,424.1801897027385,424.1801897027385,848.360379405477
1.088,424.180010123737,424.180010123737,848.360020247474
1.089,424.1326069888261,424.1326069888261,848.2652139776523
1.09,424.02768571001263,424.02768571001263,848.0553714200253
1.091,423.8607087905291,423.8607087905291,847.7214175810582
1.092,423.633851351153,423.633851351153,847.267702702306
1.093,423.35620295128285,423.35620295128285,846.7124059025657
1.094,423.04317872551076,423.04317872551076,846.0863574510215
1.095,422.7151911210649,422.7151911210649,845.4303822421298
1.096,422.3957166007902,422.3957166007902,844.7914332015804
1.097,422.10896035420393,422.10896035420393,844.2179207084079
1.098,421.8773686932689,421.8773686932689,843.7547373865378
1.099,421.7192581766041,421.7192581766041,843.4385163532082
1.1,421.6468203804112,421.6468203804112,843.2936407608224
1.101,421.6647226373998,421.6647226373998,843.3294452747996
1.102,421.7694621544859,421.7694621544859,843.5389243089718
1.103,421.9495505360663,421.9495505360663,843.8991010721326
1.104,422.1865166532969,422.1865166532969,844.3730333065938
1.105,422.45662774908016,422.45662774908016,844.9132554981603
1.106,422.7331512874745,422.7331512874745,845.466302574949
1.107,422.9889218152682,422.9889218152682,845.9778436305364
1.108,423.19894437706586,423.19894437706586,846.3978887541317
1.109,423.3427623908996,423.3427623908996,846.6855247817992
1.11,423.40634373610334,423.40634373610334,846.8126874722067
1.111,423.38329128323454,423.38329128323454,846.7665825664691
1.112,423.27525744248334,423.27525744248334,846.5505148849667
1.113,423.091528473459,423.091528473459,846.183056946918
1.114,422.8478338389329,422.8478338389329,845.6956676778658
1.115,422.5645189935353,422.5645189935353,845.1290379870705
1.116,422.26428759196597,422.26428759196597,844.5285751839319
1.117,421.96976381626644,421.96976381626644,843.9395276325329
1.118,421.7011425231755,421.7011425231755,843.402285046351
1.119,421.47418242431877,421.47418242431877,842.9483648486375
1.12,421.2987570088422,421.2987570088422,842.5975140176844
1.121,421.17811396008113,421.17811396008113,842.3562279201623
1.122,421.1089135438876,421.1089135438876,842.2178270877752
1.123,421.0820287839386,421.0820287839386,842.1640575678772
1.124,421.0840049178283,421.0840049178283,842.1680098356566
1.125,421.099002102517,421.099002102517,842.198004205034
1.1260000000000001,421.11099174628595,421.11099174628595,842.2219834925719
1.127,421.1059491077925,421.1059491077925,842.211898215585
1.1280000000000001,421.0737859723831,421.0737859723831,842.1475719447662
1.129,421.0097971366711,421.0097971366711,842.0195942733422
1.1300000000000001,420.9154497616092,420.9154497616092,841.8308995232184
1.131,420.7984192310217,420.7984192310217,841.5968384620434
1.1320000000000001,420.6718606795315,420.6718606795315,841.343721359063
1.133,420.55299231486805,420.55299231486805,841.1059846297361
1.1340000000000001,420.46114537208297,420.46114537208297,840.9222907441659
1.135,420.4154972232062,420.4154972232062,840.8309944464124
1.1360000000000001,420.43274192337003,420.43274192337003,840.8654838467401
1.137,420.5249620420899,420.5249620420899,841.0499240841798
1.1380000000000001,420.6979458588852,420.6979458588852,841.3958917177704
1.139,420.9501469921449,420.9501469921449,841.9002939842898
1.1400000000000001,421.27241439090824,421.27241439090824,842.5448287818165
1.141,421.6485369170658,421.6485369170658,843.2970738341317
1.1420000000000001,422.0565576682299,422.0565576682299,844.1131153364598
1.143,422.4707285370641,422.4707285370641,844.9414570741282
1.1440000000000001,422.8639045994758,422.8639045994758,845.7278091989516
1.145,423.2101286019131,423.2101286019131,846.4202572038262
1.1460000000000001,423.48713354520123,423.48713354520123,846.9742670904025
1.147,423.6784986409446,423.6784986409446,847.3569972818892
1.1480000000000001,423.77523000495427,423.77523000495427,847.5504600099085
1.149,423.77659844492285,423.77659844492285,847.5531968898457
1.1500000000000001,423.69014595534225,423.69014595534225,847.3802919106845
1.151,423.5308614037742,423.5308614037742,847.0617228075484
1.1520000000000001,423.31961467551236,423.31961467551236,846.6392293510247
1.153,423.0810175457879,423.0810175457879,846.1620350915758
1.154,422.840940153761,422.840940153761,845.681880307522
1.155,422.62394756769464,422.62394756769464,845.2478951353893
1.156,422.45092771028675,422.45092771028675,844.9018554205735
1.157,422.3371591799729,422.3371591799729,844.6743183599458
1.158,422.2910178217352,422.2910178217352,844.5820356434704
1.159,422.3134497891842,422.3134497891842,844.6268995783684
1.16,422.3982541640201,422.3982541640201,844.7965083280402
1.161,422.5331293026437,422.5331293026437,845.0662586052874
1.162,422.7013537529989,422.7013537529989,845.4027075059978
1.163,422.8839039858349,422.8839039858349,845.7678079716698
1.164,423.0617648305321,423.0617648305321,846.1235296610643
1.165,423.2181694451004,423.2181694451004,846.4363388902008
1.166,423.34051590855836,423.34051590855836,846.6810318171167
1.167,423.42174588355806,423.42174588355806,846.8434917671161
1.168,423.461032933313,423.461032933313,846.922065866626
1.169,423.46370703895144,423.46370703895144,846.9274140779029
1.17,423.4404288443977,423.4404288443977,846.8808576887953
1.171,423.40571246733293,423.40571246733293,846.8114249346659
1.172,423.37596985849393,423.37596985849393,846.7519397169879
1.173,423.3673044102663,423.3673044102663,846.7346088205326
1.174,423.3933107062678,423.3933107062678,846.7866214125356
1.175,423.4631376932544,423.4631376932544,846.9262753865088
1.176,423.5800440647004,423.5800440647004,847.1600881294008
1.177,423.74062039411905,423.74062039411905,847.4812407882381
1.178,423.93477852707383,423.93477852707383,847.8695570541477
1.179,424.14652311494774,424.14652311494774,848.2930462298955
1.18,424.3554324286546,424.3554324286546,848.7108648573092
1.181,424.53869545468046,424.53869545468046,849.0773909093609
1.182,424.67348865284174,424.67348865284174,849.3469773056835
1.183,424.7394357400891,424.7394357400891,849.4788714801782
1.184,424.7208819589066,424.7208819589066,849.4417639178132
1.185,424.6087319004239,424.6087319004239,849.2174638008478
1.186,424.40164523744807,424.40164523744807,848.8032904748961
1.187,424.1064527854861,424.1064527854861,848.2129055709722
1.188,423.7377387392631,423.7377387392631,847.4754774785262
1.189,423.3166246156709,423.3166246156709,846.6332492313418
1.19,422.86887655943895,422.86887655943895,845.7377531188779
1.191,422.4225308029497,422.4225308029497,844.8450616058994
1.192,422.00528420223145,422.00528420223145,844.0105684044629
1.193,421.6419221828409,421.6419221828409,843.2838443656818
1.194,421.3520523366489,421.3520523366489,842.7041046732978
1.195,421.14837876349344,421.14837876349344,842.2967575269869
1.196,421.0356936862803,421.0356936862803,842.0713873725606
1.197,421.01068530598087,421.01068530598087,842.0213706119617
1.198,421.0625728044465,421.0625728044465,842.125145608893
1.199,421.1744904914483,421.1744904914483,842.3489809828966
1.2,421.3254630532632,421.3254630532632,842.6509261065264
1.201,421.49275143102045,421.49275143102045,842.9855028620409
1.202,421.65431082711905,421.65431082711905,843.3086216542381
1.203,421.7910928027885,421.7910928027885,843.582185605577
1.204,421.8889433427412,421.8889433427412,843.7778866854824
1.205,421.9398958335539,421.9398958335539,843.8797916671078
1.206,421.9427268527295,421.9427268527295,843.885453705459
1.207,421.9027258143515,421.9027258143515,843.805451628703
1.208,421.83071763089356,421.83071763089356,843.6614352617871
1.209,421.74146086267217,421.74146086267217,843.4829217253443
1.21,421.6516131165979,421.6516131165979,843.3032262331958
1.211,421.5775030685435,421.5775030685435,843.155006137087
1.212,421.5329691721557,421.5329691721557,843.0659383443113
1.213,421.52751662221925,421.52751662221925,843.0550332444385
1.214,421.565007439594,421.565007439594,843.130014879188
1.215,421.643037740945,421.643037740945,843.28607548189
1.216,421.7530781259207,421.7530781259207,843.5061562518414
1.217,421.88136635560716,421.88136635560716,843.7627327112143
1.218,422.0104557678978,422.0104557678978,844.0209115357956
1.219,422.12124772878974,422.12124772878974,844.2424954575795
1.22,422.19528023980763,422.19528023980763,844.3905604796153
1.221,422.21701390405985,422.21701390405985,844.4340278081197
1.222,422.1758542997281,422.1758542997281,844.3517085994562
1.223,422.06767674300454,422.06767674300454,844.1353534860091
1.224,421.8956725469746,421.8956725469746,843.7913450939492
1.225,421.6704094012896,421.6704094012896,843.3408188025792
1.226,421.4090843476803,421.4090843476803,842.8181686953606
1.227,421.13403656939437,421.13403656939437,842.2680731387887
1.228,420.8706690724068,420.8706690724068,841.7413381448137
1.229,420.64499427733745,420.64499427733745,841.2899885546749
1.23,420.4810612654702,420.4810612654702,840.9621225309404
1.231,420.39853717530355,420.39853717530355,840.7970743506071
1.232,420.4107003419493,420.4107003419493,840.8214006838986
1.233,420.52305978168243,420.52305978168243,841.0461195633649
1.234,420.7327492055231,420.7327492055231,841.4654984110462
1.235,421.02876113184874,421.02876113184874,842.0575222636975
1.236,421.3929968726414,421.3929968726414,842.7859937452828
1.237,421.8020209952533,421.8020209952533,843.6040419905066
1.238,422.2293338281498,422.2293338281498,844.4586676562996
1.239,422.64792086784433,422.64792086784433,845.2958417356887
1.24,423.0328095050662,423.0328095050662,846.0656190101324
1.241,423.3633643847457,423.3633643847457,846.7267287694914
1.242,423.6250827886913,423.6250827886913,847.2501655773826
1.243,423.8107073217775,423.8107073217775,847.621414643555
1.244,423.9205487019006,423.9205487019006,847.8410974038012
1.245,423.9619982642743,423.9619982642743,847.9239965285486
1.246,423.9482983284077,423.9482983284077,847.8965966568154
1.247,423.896719105474,423.896719105474,847.793438210948
1.248,423.82635450915285,423.82635450915285,847.6527090183057
1.249,423.75578911195987,423.75578911195987,847.5115782239197
1.25,423.7009002379633,423.7009002379633,847.4018004759266
1.2510000000000001,423.67304159115577,423.67304159115577,847.3460831823115
1.252,423.67780991975286,423.67780991975286,847.3556198395057
1.2530000000000001,423.71452905967743,423.71452905967743,847.4290581193549
1.254,423.7765037907521,423.7765037907521,847.5530075815042
1.2550000000000001,423.8520084067128,423.8520084067128,847.7040168134256
1.256,423.9258914896622,423.9258914896622,847.8517829793244
1.2570000000000001,423.98160837225527,423.98160837225527,847.9632167445105
1.258,424.0034439582445,424.0034439582445,848.006887916489
1.2590000000000001,423.97866639399626,423.97866639399626,847.9573327879925
1.26,423.89935902680037,423.89935902680037,847.7987180536007
1.2610000000000001,423.7637134077343,423.7637134077343,847.5274268154686
1.262,423.57662590705746,423.57662590705746,847.1532518141149
1.2630000000000001,423.3495181990317,423.3495181990317,846.6990363980634
1.264,423.099388841455,423.099388841455,846.19877768291
1.2650000000000001,422.8471897835739,422.8471897835739,845.6943795671478
1.266,422.6156982694734,422.6156982694734,845.2313965389468
1.2670000000000001,422.42711273469916,422.42711273469916,844.8542254693983
1.268,422.3006344241998,422.3006344241998,844.6012688483996
1.2690000000000001,422.2503008419707,422.2503008419707,844.5006016839415
1.27,422.2833121957768,422.2833121957768,844.5666243915535
1.2710000000000001,422.39904037670226,422.39904037670226,844.7980807534045
1.272,422.58883731051924,422.58883731051924,845.1776746210385
1.2730000000000001,422.83667366430404,422.83667366430404,845.6733473286081
1.274,423.12054927526714,423.12054927526714,846.2410985505343
1.2750000000000001,423.4145331043091,423.4145331043091,846.8290662086182
1.276,423.69122216625607,423.69122216625607,847.3824443325121
1.2770000000000001,423.92436325237037,423.92436325237037,847.8487265047407
1.278,424.0913633514345,424.0913633514345,848.182726702869
1.2790000000000001,424.1754264667666,424.1754264667666,848.3508529335332
1.28,424.16709473407946,424.16709473407946,848.3341894681589
1.281,424.065035969182,424.065035969182,848.130071938364
1.282,423.8760009831003,423.8760009831003,847.7520019662006
1.283,423.61396330493426,423.61396330493426,847.2279266098685
1.284,423.29854157922216,423.29854157922216,846.5970831584443
1.285,422.9528812790177,422.9528812790177,845.9057625580353
1.286,422.6012291702495,422.6012291702495,845.202458340499
1.287,422.2664650120736,422.2664650120736,844.5329300241472
1.288,421.9678569560328,421.9678569560328,843.9357139120656
1.289,421.719279890871,421.719279890871,843.438559781742
1.29,421.5280826597536,421.5280826597536,843.0561653195072
1.291,421.3947166115578,421.3947166115578,842.7894332231156
1.292,421.3131525061536,421.3131525061536,842.6263050123072
1.293,421.2720248496398,421.2720248496398,842.5440496992796
1.294,421.2563620231548,421.2563620231548,842.5127240463096
1.295,421.2496960066835,421.2496960066835,842.499392013367
1.296,421.2363042062734,421.2363042062734,842.4726084125468
1.297,421.20332240373153,421.20332240373153,842.4066448074631
1.298,421.14248361270467,421.14248361270467,842.2849672254093
1.299,421.05128085189693,421.05128085189693,842.1025617037939
1.3,420.93341769974404,420.93341769974404,841.8668353994881
1.301,420.79849163231694,420.79849163231694,841.5969832646339
1.302,420.66094252978706,420.66094252978706,841.3218850595741
1.303,420.53838263357653,420.53838263357653,841.0767652671531
1.304,420.44949529506215,420.44949529506215,840.8989905901243
1.305,420.4117401424733,420.4117401424733,840.8234802849466
1.306,420.43912616534186,420.43912616534186,840.8782523306837
1.307,420.54030895557617,420.54030895557617,841.0806179111523
1.308,420.7172344541513,420.7172344541513,841.4344689083026
1.309,420.9644927060076,420.9644927060076,841.9289854120152
1.31,421.2694677639497,421.2694677639497,842.5389355278994
1.311,421.6132825047739,421.6132825047739,843.2265650095478
1.312,421.97244934968523,421.97244934968523,843.9448986993705
1.313,422.3210594002421,422.3210594002421,844.6421188004842
1.314,422.63328198821523,422.63328198821523,845.2665639764305
1.315,422.8859108063569,422.8859108063569,845.7718216127138
1.316,423.0606856447451,423.0606856447451,846.1213712894902
1.317,423.1461411618488,423.1461411618488,846.2922823236976
1.318,423.1387836816572,423.1387836816572,846.2775673633143
1.319,423.0434683528036,423.0434683528036,846.0869367056072
1.32,422.8729343607174,422.8729343607174,845.7458687214348
1.321,422.64654593479634,422.64654593479634,845.2930918695927
1.322,422.3883718058089,422.3883718058089,844.7767436116178
1.323,422.12480627277387,422.12480627277387,844.2496125455477
1.324,421.8819834434064,421.8819834434064,843.7639668868128
1.325,421.68325725440667,421.68325725440667,843.3665145088133
1.326,421.5470112983494,421.5470112983494,843.0940225966988
1.327,421.4850252751098,421.4850252751098,842.9700505502196
1.328,421.501563180383,421.501563180383,843.003126360766
1.329,421.59326895827087,421.59326895827087,843.1865379165417
1.33,421.74986702690757,421.74986702690757,843.4997340538151
1.331,421.9555775504214,421.9555775504214,843.9111551008428
1.332,422.1910791883732,422.1910791883732,844.3821583767464
1.333,422.4357937543056,422.4357937543056,844.8715875086112
1.334,422.67023411551395,422.67023411551395,845.3404682310279
1.335,422.87815233346697,422.87815233346697,845.7563046669339
1.336,423.0482498644583,423.0482498644583,846.0964997289166
1.337,423.1752627787201,423.1752627787201,846.3505255574402
1.338,423.26030667475493,423.26030667475493,846.5206133495099
1.339,423.31045025735466,423.31045025735466,846.6209005147093
1.34,423.3375740244105,423.3375740244105,846.675148048821
1.341,423.35665143784547,423.35665143784547,846.7133028756909
1.342,423.38365533959626,423.38365533959626,846.7673106791925
1.343,423.4333349443267,423.4333349443267,846.8666698886534
1.344,423.51712375808927,423.51712375808927,847.0342475161785
1.345,423.64142455403606,423.64142455403606,847.2828491080721
1.346,423.80647564247664,423.80647564247664,847.6129512849533
1.347,424.0059377336737,424.0059377336737,848.0118754673474
1.348,424.22725989796544,424.22725989796544,848.4545197959309
1.349,424.45279543491193,424.45279543491193,848.9055908698239
1.35,424.6615536034106,424.6615536034106,849.3231072068212
1.351,424.8314005712204,424.8314005712204,849.6628011424408
1.352,424.94147070627025,424.94147070627025,849.8829414125405
1.353,424.974523307371,424.974523307371,849.949046614742
1.354,424.9189830263396,424.9189830263396,849.8379660526792
1.355,424.77043431808056,424.77043431808056,849.5408686361611
1.356,424.53239782813154,424.53239782813154,849.0647956562631
1.357,424.2162934302965,424.2162934302965,848.432586860593
1.358,423.8405822724606,423.8405822724606,847.6811645449212
1.359,423.4291690814224,423.4291690814224,846.8583381628448
1.36,423.0092263708706,423.0092263708706,846.0184527417412
1.361,422.608665265163,422.608665265163,845.217330530326
1.362,422.25351646321724,422.25351646321724,844.5070329264345
1.363,421.96549514646443,421.96549514646443,843.9309902929289
1.364,421.7600042355182,421.7600042355182,843.5200084710364
1.365,421.64478343027366,421.64478343027366,843.2895668605473
1.366,421.6193420596141,421.6193420596141,843.2386841192282
1.367,421.675229511267,421.675229511267,843.350459022534
1.368,421.79710712553134,421.79710712553134,843.5942142510627
1.369,421.9644997451872,421.9644997451872,843.9289994903744
1.37,422.1540329744715,422.1540329744715,844.308065948943
1.371,422.3419114704545,422.3419114704545,844.683822940909
1.372,422.50636976653965,422.50636976653965,845.0127395330793
1.373,422.6298327415832,422.6298327415832,845.2596654831664
1.374,422.7005571903617,422.7005571903617,845.4011143807234
1.375,422.71358515372407,422.71358515372407,845.4271703074481
1.3760000000000001,422.6709171319647,422.6709171319647,845.3418342639294
1.377,422.5809004352502,422.5809004352502,845.1618008705004
1.3780000000000001,422.4569150731761,422.4569150731761,844.9138301463522
1.379,422.315517120191,422.315517120191,844.631034240382
1.3800000000000001,422.17425886169275,422.17425886169275,844.3485177233855
1.381,422.0494396959384,422.0494396959384,844.0988793918768
1.3820000000000001,421.9540479499651,421.9540479499651,843.9080958999302
1.383,421.89613083228943,421.89613083228943,843.7922616645789
1.3840000000000001,421.8777802862057,421.8777802862057,843.7555605724114
1.385,421.89485205774827,421.89485205774827,843.7897041154965
1.3860000000000001,421.9374517093554,421.9374517093554,843.8749034187108
1.387,421.99113390672073,421.99113390672073,843.9822678134415
1.3880000000000001,422.0386798198556,422.0386798198556,844.0773596397112
1.389,422.0622509951557,422.0622509951557,844.1245019903114
1.3900000000000001,422.04567400057135,422.04567400057135,844.0913480011427
1.391,421.9765934678607,421.9765934678607,843.9531869357214
1.3920000000000001,421.8482437724793,421.8482437724793,843.6964875449586
1.393,421.66063017784006,421.66063017784006,843.3212603556801
1.3940000000000001,421.4209744020127,421.4209744020127,842.8419488040254
1.395,421.14336020376453,421.14336020376453,842.2867204075291
1.3960000000000001,420.8476028552186,420.8476028552186,841.6952057104372
1.397,420.5574525343822,420.5574525343822,841.1149050687644
1.3980000000000001,420.2983162101812,420.2983162101812,840.5966324203624
1.399,420.09473724783146,420.09473724783146,840.1894744956629
1.4000000000000001,419.9679006523296,419.9679006523296,839.9358013046592
1.401,419.93343136058326,419.93343136058326,839.8668627211665
1.4020000000000001,419.9997232640701,419.9997232640701,839.9994465281402
1.403,420.1669808830958,420.1669808830958,840.3339617661916
1.4040000000000001,420.427079874538,420.427079874538,840.854159749076
1.405,420.7642650916162,420.7642650916162,841.5285301832324
1.4060000000000001,421.1566152743793,421.1566152743793,842.3132305487586
1.407,421.5781214248125,421.5781214248125,843.156242849625
1.408,422.00116046964524,422.00116046964524,844.0023209392905
1.409,422.39910407827534,422.39910407827534,844.7982081565507
1.41,422.74878902136817,422.74878902136817,845.4975780427363
1.411,423.03259166535935,423.03259166535935,846.0651833307187
1.412,423.23989327927717,423.23989327927717,846.4797865585543
1.413,423.3677899070836,423.3677899070836,846.7355798141672
1.414,423.42098323750747,423.42098323750747,846.8419664750149
1.415,423.41087808811807,423.41087808811807,846.8217561762361
1.416,423.3539980151323,423.3539980151323,846.7079960302646
1.417,423.26990374808764,423.26990374808764,846.5398074961753
1.418,423.1788516275458,423.1788516275458,846.3577032550916
1.419,423.09945528849477,423.09945528849477,846.1989105769895
1.42,423.0466106982091,423.0466106982091,846.0932213964182
1.421,423.0299127670059,423.0299127670059,846.0598255340118
1.422,423.0527347194273,423.0527347194273,846.1054694388546
1.423,423.1120656292995,423.1120656292995,846.224131258599
1.424,423.1991154360648,423.1991154360648,846.3982308721296
1.425,423.3006099514522,423.3006099514522,846.6012199029044
1.426,423.40062048364257,423.40062048364257,846.8012409672851
1.427,423.48271240163996,423.48271240163996,846.9654248032799
1.428,423.53216093267014,423.53216093267014,847.0643218653403
1.429,423.53797473309487,423.53797473309487,847.0759494661897
1.43,423.4944891649403,423.4944891649403,846.9889783298806
1.431,423.40233937952405,423.40233937952405,846.8046787590481
1.432,423.2686929193067,423.2686929193067,846.5373858386134
1.433,423.106704879647,423.106704879647,846.213409759294
1.434,422.9342464752213,422.9342464752213,845.8684929504426
1.435,422.7720403760655,422.7720403760655,845.544080752131
1.436,422.6414042314234,422.6414042314234,845.2828084628468
1.437,422.5618497888572,422.5618497888572,845.1236995777144
1.438,422.5488037725321,422.5488037725321,845.0976075450642
1.439,422.6117060408975,422.6117060408975,845.223412081795
1.44,422.7527015768226,422.7527015768226,845.5054031536451
1.441,422.966079777891,422.966079777891,845.932159555782
1.442,423.23853418437244,423.23853418437244,846.4770683687449
1.443,423.5502269936529,423.5502269936529,847.1004539873059
1.444,423.87655519539413,423.87655519539413,847.7531103907883
1.445,424.1904385293517,424.1904385293517,848.3808770587034
1.446,424.46489214261203,424.46489214261203,848.9297842852241
1.447,424.67561511886504,424.67561511886504,849.3512302377301
1.448,424.8033234758569,424.8033234758569,849.6066469517139
1.449,424.83558309073976,424.83558309073976,849.6711661814795
1.45,424.76795139932074,424.76795139932074,849.5359027986415
1.451,424.60431079733524,424.60431079733524,849.2086215946705
1.452,424.35636335392854,424.35636335392854,848.7127267078571
1.453,424.0423462548654,424.0423462548654,848.0846925097308
1.454,423.68511051416,423.68511051416,847.37022102832
1.455,423.30977285840635,423.30977285840635,846.6195457168127
1.456,422.94119496757304,422.94119496757304,845.8823899351461
1.457,422.601560662736,422.601560662736,845.203121325472
1.458,422.30830844695333,422.30830844695333,844.6166168939067
1.459,422.0726355667506,422.0726355667506,844.1452711335012
1.46,421.89872508746805,421.89872508746805,843.7974501749361
1.461,421.78376655554445,421.78376655554445,843.5675331110889
1.462,421.7187526199196,421.7187526199196,843.4375052398392
1.463,421.689948253897,421.689948253897,843.379896507794
1.464,421.6808554181615,421.6808554181615,843.361710836323
1.465,421.6744422611998,421.6744422611998,843.3488845223995
1.466,421.6553781612653,421.6553781612653,843.3107563225306
1.467,421.6120170913949,421.6120170913949,843.2240341827898
1.468,421.5379017428067,421.5379017428067,843.0758034856134
1.469,421.4326161926736,421.4326161926736,842.8652323853472
1.47,421.3018894588628,421.3018894588628,842.6037789177255
1.471,421.1569377303649,421.1569377303649,842.3138754607298
1.472,421.01311987633756,421.01311987633756,842.0262397526751
1.473,420.88805934590306,420.88805934590306,841.7761186918061
1.474,420.7994470206544,420.7994470206544,841.5988940413088
1.475,420.7627771052441,420.7627771052441,841.5255542104882
1.476,420.7892775194045,420.7892775194045,841.578555038809
1.477,420.88427638416124,420.88427638416124,841.7685527683225
1.478,421.0461992128418,421.0461992128418,842.0923984256837
1.479,421.2663224669461,421.2663224669461,842.5326449338922
1.48,421.52932580161655,421.52932580161655,843.0586516032331
1.481,421.8145967936217,421.8145967936217,843.6291935872434
1.482,422.0981579962071,422.0981579962071,844.1963159924142
1.483,422.35501609199196,422.35501609199196,844.7100321839839
1.484,422.5616844957908,422.5616844957908,845.1233689915816
1.485,422.6986093991139,422.6986093991139,845.3972187982278
1.486,422.7522373808056,422.7522373808056,845.5044747616112
1.487,422.71649952478583,422.71649952478583,845.4329990495717
1.488,422.5935485205571,422.5935485205571,845.1870970411142
1.489,422.39366478695473,422.39366478695473,844.7873295739095
1.49,422.1343365781472,422.1343365781472,844.2686731562944
1.491,421.83860759187866,421.83860759187866,843.6772151837573
1.492,421.53286412499693,421.53286412499693,843.0657282499939
1.493,421.2442937291467,421.2442937291467,842.4885874582934
1.494,420.9982820696951,420.9982820696951,841.9965641393902
1.495,420.8160205028103,420.8160205028103,841.6320410056206
1.496,420.7125731534363,420.7125731534363,841.4251463068726
1.497,420.6956016355013,420.6956016355013,841.3912032710026
1.498,420.7648735892132,420.7648735892132,841.5297471784264
1.499,420.91259583639516,420.91259583639516,841.8251916727903
1.5,421.12452355213384,421.12452355213384,842.2490471042677
1.5010000000000001,421.38171322612834,421.38171322612834,842.7634264522567
1.502,421.6627184948663,421.6627184948663,843.3254369897326
1.5030000000000001,421.9459816619281,421.9459816619281,843.8919633238562
1.504,422.2121549011896,422.2121549011896,844.4243098023792
1.5050000000000001,422.4460957366722,422.4460957366722,844.8921914733444
1.506,422.63832014572495,422.63832014572495,845.2766402914499
1.5070000000000001,422.7857591670584,422.7857591670584,845.5715183341168
1.508,422.891744220867,422.891744220867,845.783488441734
1.5090000000000001,422.96523362921755,422.96523362921755,845.9304672584351
1.51,423.01937835816904,423.01937835816904,846.0387567163381
1.5110000000000001,423.0695992914307,423.0695992914307,846.1391985828614
1.512,423.1314031466712,423.1314031466712,846.2628062933424
1.5130000000000001,423.2181933836563,423.2181933836563,846.4363867673126
1.514,423.3393328891558,423.3393328891558,846.6786657783116
1.5150000000000001,423.498686812819,423.498686812819,846.997373625638
1.516,423.6938198263691,423.6938198263691,847.3876396527382
1.5170000000000001,423.9159482917549,423.9159482917549,847.8318965835098
1.518,424.15066254563055,424.15066254563055,848.3013250912611
1.5190000000000001,424.3793472125673,424.3793472125673,848.7586944251346
1.52,424.5811478567444,424.5811478567444,849.1622957134888
1.5210000000000001,424.7352692411436,424.7352692411436,849.4705384822872
1.522,424.8233510333209,424.8233510333209,849.6467020666418
1.5230000000000001,424.83165542504554,424.83165542504554,849.6633108500911
1.524,424.7528191714622,424.7528191714622,849.5056383429244
1.5250000000000001,424.58696810806043,424.58696810806043,849.1739362161209
1.526,424.34206033269027,424.34206033269027,848.6841206653805
1.5270000000000001,424.0334075067667,424.0334075067667,848.0668150135334
1.528,423.68241301358364,423.68241301358364,847.3648260271673
1.5290000000000001,423.3146512122772,423.3146512122772,846.6293024245545
1.53,422.9574843436689,422.9574843436689,845.9149686873378
1.5310000000000001,422.63746481504967,422.63746481504967,845.2749296300993
1.532,422.3777949647984,422.3777949647984,844.7555899295968
1.5330000000000001,422.1961112715271,422.1961112715271,844.3922225430542
1.534,422.10282585040886,422.10282585040886,844.2056517008177
1.5350000000000001,422.1001986765062,422.1001986765062,844.2003973530124
1.536,422.1822357706151,422.1822357706151,844.3644715412302
1.537,422.3354201188806,422.3354201188806,844.6708402377612
1.538,422.54019303785526,422.54019303785526,845.0803860757105
1.539,422.7730237667779,422.7730237667779,845.5460475335558
1.54,423.00884298494606,423.00884298494606,846.0176859698921
1.541,423.2235784638321,423.2235784638321,846.4471569276642
1.542,423.3965222131595,423.3965222131595,846.793044426319
1.543,423.51227915942746,423.51227915942746,847.0245583188549
1.544,423.56209525066316,423.56209525066316,847.1241905013263
1.545,423.54443257528834,423.54443257528834,847.0888651505767
1.546,423.4647428858906,423.4647428858906,846.9294857717812
1.547,423.33447956157767,423.33447956157767,846.6689591231553
1.548,423.1694717409893,423.1694717409893,846.3389434819786
1.549,422.9878538911844,422.9878538911844,845.9757077823688
1.55,422.80779180504817,422.80779180504817,845.6155836100963
1.551,422.6452667230417,422.6452667230417,845.2905334460834
1.552,422.51217073141726,422.51217073141726,845.0243414628345
1.553,422.4149298147565,422.4149298147565,844.829859629513
1.554,422.3538100763985,422.3538100763985,844.707620152797
1.555,422.3229844912756,422.3229844912756,844.6459689825512
1.556,422.3113508380233,422.3113508380233,844.6227016760466
1.557,422.30400583345715,422.30400583345715,844.6080116669143
1.558,422.2842055023056,422.2842055023056,844.5684110046112
1.559,422.23558581993683,422.23558581993683,844.4711716398737
1.56,422.1443869236812,422.1443869236812,844.2887738473624
1.561,422.0014221606367,422.0014221606367,844.0028443212734
1.562,421.8035602071928,421.8035602071928,843.6071204143856
1.563,421.5545415248877,421.5545415248877,843.1090830497754
1.564,421.2650236839125,421.2650236839125,842.530047367825
1.565,420.9518355148211,420.9518355148211,841.9036710296422
1.566,420.6365082062427,420.6365082062427,841.2730164124854
1.567,420.34323259826067,420.34323259826067,840.6864651965213
1.568,420.0964570321528,420.0964570321528,840.1929140643056
1.569,419.91838196355565,419.91838196355565,839.8367639271113
1.57,419.8266214366706,419.8266214366706,839.6532428733412
1.571,419.8322858334509,419.8322858334509,839.6645716669018
1.572,419.9386966895479,419.9386966895479,839.8773933790958
1.573,420.14087752096987,420.14087752096987,840.2817550419397
1.574,420.42588180542475,420.42588180542475,840.8517636108495
1.575,420.77392954566886,420.77392954566886,841.5478590913377
1.576,421.16023701317636,421.16023701317636,842.3204740263527
1.577,421.55734982406847,421.55734982406847,843.1146996481369
1.578,421.93773557684057,421.93773557684057,843.8754711536811
1.579,422.27636477517706,422.27636477517706,844.5527295503541
1.58,422.5530106641952,422.5530106641952,845.1060213283904
1.581,422.7540296938768,422.7540296938768,845.5080593877536
1.582,422.8734411584609,422.8734411584609,845.7468823169218
1.583,422.91320089296914,422.91320089296914,845.8264017859383
1.584,422.8826513532021,422.8826513532021,845.7653027064042
1.585,422.7972193698989,422.7972193698989,845.5944387397979
1.586,422.67651360513037,422.67651360513037,845.3530272102607
1.587,422.54203742313103,422.54203742313103,845.0840748462621
1.588,422.4147725831002,422.4147725831002,844.8295451662004
1.589,422.3129005848919,422.3129005848919,844.6258011697838
1.59,422.24991048844754,422.24991048844754,844.4998209768951
1.591,422.23329666899485,422.23329666899485,844.4665933379897
1.592,422.2639823600755,422.2639823600755,844.527964720151
1.593,422.3365225204056,422.3365225204056,844.6730450408112
1.594,422.4400516956963,422.4400516956963,844.8801033913926
1.595,422.5598588897052,422.5598588897052,845.1197177794104
1.596,422.67940128804975,422.67940128804975,845.3588025760995
1.597,422.7825197679283,422.7825197679283,845.5650395358566
1.598,422.8555968887369,422.8555968887369,845.7111937774738
1.599,422.88940494455534,422.88940494455534,845.7788098891107
1.6,422.8804268913019,422.8804268913019,845.7608537826038
1.601,422.83149261688027,422.83149261688027,845.6629852337605
1.602,422.75165046979885,422.75165046979885,845.5033009395977
1.603,422.65528059173016,422.65528059173016,845.3105611834603
1.604,422.5605427785761,422.5605427785761,845.1210855571522
1.605,422.4873277293655,422.4873277293655,844.974655458731
1.606,422.4549381406921,422.4549381406921,844.9098762813842
1.607,422.47975871561516,422.47975871561516,844.9595174312303
1.608,422.57317808531496,422.57317808531496,845.1463561706299
1.609,422.7400003616325,422.7400003616325,845.480000723265
1.61,422.9775322496898,422.9775322496898,845.9550644993795
1.611,423.27545898649464,423.27545898649464,846.5509179729893
1.612,423.6165367831113,423.6165367831113,847.2330735662226
1.613,423.97804032442366,423.97804032442366,847.9560806488473
1.614,424.3338210181821,424.3338210181821,848.6676420363642
1.615,424.65676420767767,424.65676420767767,849.3135284153553
1.616,424.9213889155182,424.9213889155182,849.8427778310364
1.617,425.10631681542066,425.10631681542066,850.2126336308413
1.618,425.19634993477064,425.19634993477064,850.3926998695413
1.619,425.1839377162435,425.1839377162435,850.367875432487
1.62,425.0698790463526,425.0698790463526,850.1397580927052
1.621,424.8631866077256,424.8631866077256,849.7263732154512
1.622,424.58013050510743,424.58013050510743,849.1602610102149
1.623,424.24256576814173,424.24256576814173,848.4851315362835
1.624,423.87572447893217,423.87572447893217,847.7514489578643
1.625,423.5057096094727,423.5057096094727,847.0114192189454
1.6260000000000001,423.15695806365306,423.15695806365306,846.3139161273061
1.627,422.84994163289963,422.84994163289963,845.6998832657993
1.6280000000000001,422.59934653501125,422.59934653501125,845.1986930700225
1.629,422.4129180668764,422.4129180668764,844.8258361337528
1.6300000000000001,422.291082680998,422.291082680998,844.582165361996
1.631,422.2273737083524,422.2273737083524,844.4547474167048
1.6320000000000001,422.20959850201103,422.20959850201103,844.4191970040221
1.633,422.2216037150345,422.2216037150345,844.443207430069
1.6340000000000001,422.24543066739955,422.24543066739955,844.4908613347991
1.635,422.2636113999248,422.2636113999248,844.5272227998496
1.6360000000000001,422.2613425613578,422.2613425613578,844.5226851227156
1.637,422.2282901396618,422.2282901396618,844.4565802793236
1.6380000000000001,422.15982139725213,422.15982139725213,844.3196427945043
1.639,422.057526330108,422.057526330108,844.115052660216
1.6400000000000001,421.92897217097743,421.92897217097743,843.8579443419549
1.641,421.78672184329054,421.78672184329054,843.5734436865811
1.6420000000000001,421.6467311101602,421.6467311101602,843.2934622203204
1.643,421.52631011351565,421.52631011351565,843.0526202270313
1.6440000000000001,421.4418851528763,421.4418851528763,842.8837703057526
1.645,421.4068203069625,421.4068203069625,842.813640613925
1.6460000000000001,421.4295531748928,421.4295531748928,842.8591063497856
1.647,421.512265150509,421.512265150509,843.024530301018
1.6480000000000001,421.65024795114493,421.65024795114493,843.3004959022899
1.649,421.83205106503027,421.83205106503027,843.6641021300605
1.6500000000000001,422.04040786740535,422.04040786740535,844.0808157348107
1.651,422.25385099738463,422.25385099738463,844.5077019947693
1.6520000000000001,422.4488498427213,422.4488498427213,844.8976996854426
1.653,422.60224328239485,422.60224328239485,845.2044865647897
1.6540000000000001,422.693705844954,422.693705844954,845.387411689908
1.655,422.7079790976209,422.7079790976209,845.4159581952418
1.6560000000000001,422.6366231795514,422.6366231795514,845.2732463591028
1.657,422.47909348234225,422.47909348234225,844.9581869646845
1.6580000000000001,422.24301913650453,422.24301913650453,844.4860382730091
1.659,421.94364537830813,421.94364537830813,843.8872907566163
1.6600000000000001,421.6024917182788,421.6024917182788,843.2049834365577
1.661,421.2453622845341,421.2453622845341,842.4907245690682
1.6620000000000001,420.89991452838746,420.89991452838746,841.7998290567749
1.663,420.5930400139146,420.5930400139146,841.1860800278292
1.6640000000000001,420.34833106631737,420.34833106631737,840.6966621326347
1.665,420.1838974381948,420.1838974381948,840.3677948763896
1.666,420.1107589342939,420.1107589342939,840.2215178685879
1.667,420.1319773160823,420.1319773160823,840.2639546321647
1.668,420.24261066274437,420.24261066274437,840.4852213254887
1.669,420.43048448603423,420.43048448603423,840.8609689720685
1.67,420.6776860219394,420.6776860219394,841.3553720438788
1.671,420.9626108675622,420.9626108675622,841.9252217351244
1.672,421.2623329306237,421.2623329306237,842.5246658612474
1.673,421.55503583638057,421.55503583638057,843.1100716727611
1.674,421.82224001435696,421.82224001435696,843.6444800287139
1.675,422.050584998914,422.050584998914,844.101169997828
1.676,422.23297813569786,422.23297813569786,844.4659562713957
1.677,422.36899310317887,422.36899310317887,844.7379862063577
1.678,422.46448638933674,422.46448638933674,844.9289727786735
1.679,422.530487694437,422.530487694437,845.060975388874
1.68,422.5815014206106,422.5815014206106,845.1630028412212
1.681,422.6334219650492,422.6334219650492,845.2668439300984
1.682,422.70130820526975,422.70130820526975,845.4026164105395
1.683,422.7972776433741,422.7972776433741,845.5945552867482
1.684,422.9287665143395,422.9287665143395,845.857533028679
1.685,423.09736035653384,423.09736035653384,846.1947207130677
1.686,423.2983347517603,423.2983347517603,846.5966695035206
1.687,423.5209653778378,423.5209653778378,847.0419307556756
1.688,423.74957914188303,423.74957914188303,847.4991582837661
1.689,423.9652337010103,423.9652337010103,847.9304674020206
1.69,424.1478405386511,424.1478405386511,848.2956810773022
1.691,424.2784950032577,424.2784950032577,848.5569900065154
1.692,424.34175113885465,424.34175113885465,848.6835022777093
1.693,424.32758265988116,424.32758265988116,848.6551653197623
1.694,424.2328037463259,424.2328037463259,848.4656074926518
1.695,424.0617809737122,424.0617809737122,848.1235619474244
1.696,423.8263443562675,423.8263443562675,847.652688712535
1.697,423.54489276794095,423.54489276794095,847.0897855358819
1.698,423.2407773241778,423.2407773241778,846.4815546483557
1.699,422.94012593534035,422.94012593534035,845.8802518706807
1.7,422.66933439828694,422.66933439828694,845.3386687965739
1.701,422.45248720235935,422.45248720235935,844.9049744047187
1.702,422.3089804837236,422.3089804837236,844.6179609674472
1.703,422.2515991938768,422.2515991938768,844.5031983877536
1.704,422.2852527331638,422.2852527331638,844.5705054663276
1.705,422.4065032320043,422.4065032320043,844.8130064640086
1.706,422.60393597964355,422.60393597964355,845.2078719592871
1.707,422.8593314464069,422.8593314464069,845.7186628928138
1.708,423.14951275375853,423.14951275375853,846.2990255075171
1.709,423.44867065826537,423.44867065826537,846.8973413165307
1.71,423.7309179536469,423.7309179536469,847.4618359072938
1.711,423.97280210422934,423.97280210422934,847.9456042084587
1.712,424.15551137265527,424.15551137265527,848.3110227453105
1.713,424.2665449188764,424.2665449188764,848.5330898377528
1.714,424.30067739320475,424.30067739320475,848.6013547864095
1.715,424.2601267686565,424.2601267686565,848.520253537313
1.716,424.1539219153426,424.1539219153426,848.3078438306852
1.717,423.9965540374385,423.9965540374385,847.993108074877
1.718,423.80607393015237,423.80607393015237,847.6121478603047
1.719,423.60185652515815,423.60185652515815,847.2037130503163
1.72,423.4022888704531,423.4022888704531,846.8045777409062
1.721,423.22264377977683,423.22264377977683,846.4452875595537
1.722,423.07337829755136,423.07337829755136,846.1467565951027
1.723,422.9590464945899,422.9590464945899,845.9180929891799
1.724,422.87794550742484,422.87794550742484,845.7558910148497
1.725,422.8225300451776,422.8225300451776,845.6450600903552
1.726,422.7805431399584,422.7805431399584,845.5610862799168
1.727,422.7367294475512,422.7367294475512,845.4734588951025
1.728,422.67493098541934,422.67493098541934,845.3498619708387
1.729,422.5803212253464,422.5803212253464,845.1606424506928
1.73,422.44151684973724,422.44151684973724,844.8830336994745
1.731,422.25231911225876,422.25231911225876,844.5046382245175
1.732,422.0128772519508,422.0128772519508,844.0257545039016
1.733,421.7301303396027,421.7301303396027,843.4602606792054
1.734,421.41746422909335,421.41746422909335,842.8349284581867
1.735,421.0936080646017,421.0936080646017,842.1872161292034
1.736,420.7808803344655,420.7808803344655,841.561760668931
1.737,420.502968272299,420.502968272299,841.005936544598
1.738,420.2824782738911,420.2824782738911,840.5649565477822
1.739,420.13852290038415,420.13852290038415,840.2770458007683
1.74,420.08460880548216,420.08460880548216,840.1692176109643
1.741,420.1270595959236,420.1270595959236,840.2541191918472
1.742,420.2641514560661,420.2641514560661,840.5283029121322
1.743,420.4860634373728,420.4860634373728,840.9721268747456
1.744,420.7756569132597,420.7756569132597,841.5513138265194
1.745,421.110009383639,421.110009383639,842.220018767278
1.746,421.4625463583363,421.4625463583363,842.9250927166726
1.747,421.80555037775827,421.80555037775827,843.6111007555165
1.748,422.1127854306953,422.1127854306953,844.2255708613906
1.749,422.36196257533095,422.36196257533095,844.7239251506619
1.75,422.536789824886,422.536789824886,845.073579649772
1.7510000000000001,422.6283944302806,422.6283944302806,845.2567888605612
1.752,422.63597363562917,422.63597363562917,845.2719472712583
1.7530000000000001,422.56661334980777,422.56661334980777,845.1332266996155
1.754,422.43430383481166,422.43430383481166,844.8686076696233
1.7550000000000001,422.25826764499783,422.25826764499783,844.5165352899957
1.756,422.06078824600155,422.06078824600155,844.1215764920031
1.7570000000000001,421.86478001847445,421.86478001847445,843.7295600369489
1.758,421.6913660419028,421.6913660419028,843.3827320838056
1.7590000000000001,421.55772642314207,421.55772642314207,843.1154528462841
1.76,421.47544748007635,421.47544748007635,842.9508949601527
1.7610000000000001,421.44954448347,421.44954448347,842.89908896694
1.762,421.4782543355666,421.4782543355666,842.9565086711332
1.7630000000000001,421.5536080110023,421.5536080110023,843.1072160220046
1.764,421.6627054069418,421.6627054069418,843.3254108138837
1.7650000000000001,421.78953710090394,421.78953710090394,843.5790742018079
1.766,421.91713703913877,421.91713703913877,843.8342740782775
1.7670000000000001,422.0298140510177,422.0298140510177,844.0596281020354
1.768,422.11520227742847,422.11520227742847,844.2304045548569
1.7690000000000001,422.16589194411847,422.16589194411847,844.3317838882369
1.77,422.1804500030286,422.1804500030286,844.3609000060572
1.7710000000000001,422.16370963934685,422.16370963934685,844.3274192786937
1.772,422.1262907614527,422.1262907614527,844.2525815229054
1.7730000000000001,422.08340110203915,422.08340110203915,844.1668022040783
1.774,422.05304971659,422.05304971659,844.10609943318
1.7750000000000001,422.05387231136785,422.05387231136785,844.1077446227357
1.776,422.10281340804664,422.10281340804664,844.2056268160933
1.7770000000000001,422.21292873378263,422.21292873378263,844.4258574675653
1.778,422.39156029648564,422.39156029648564,844.7831205929713
1.7790000000000001,422.6390974895877,422.6390974895877,845.2781949791754
1.78,422.9484745134305,422.9484745134305,845.896949026861
1.7810000000000001,423.30547430092065,423.30547430092065,846.6109486018413
1.782,423.6898207884974,423.6898207884974,847.3796415769948
1.7830000000000001,424.07695450196076,424.07695450196076,848.1539090039215
1.784,424.4403106081737,424.4403106081737,848.8806212163474
1.7850000000000001,424.75386219534016,424.75386219534016,849.5077243906803
1.786,424.9946608387153,424.9946608387153,849.9893216774306
1.7870000000000001,425.14510492177675,425.14510492177675,850.2902098435535
1.788,425.19469395515637,425.19469395515637,850.3893879103127
1.7890000000000001,425.14108128193436,425.14108128193436,850.2821625638687
1.79,424.9903121944693,424.9903121944693,849.9806243889386
1.7910000000000001,424.75622147820303,424.75622147820303,849.5124429564061
1.792,424.4590542464888,424.4590542464888,848.9181084929776
1.793,424.1234568271171,424.1234568271171,848.2469136542342
1.794,423.7760513590273,423.7760513590273,847.5521027180546
1.795,423.44285136784066,423.44285136784066,846.8857027356813
1.796,423.14679118114276,423.14679118114276,846.2935823622855
1.797,422.9056279663524,422.9056279663524,845.8112559327049
1.798,422.73043303051804,422.73043303051804,845.4608660610361
1.799,422.6248234962148,422.6248234962148,845.2496469924296
1.8,422.5850038055127,422.5850038055127,845.1700076110254
1.801,422.6005977107393,422.6005977107393,845.2011954214786
1.802,422.65616526053844,422.65616526053844,845.3123305210769
1.803,422.73322524745504,422.73322524745504,845.4664504949101
1.804,422.8125497620816,422.8125497620816,845.6250995241631
1.805,422.87646976714797,422.87646976714797,845.7529395342959
1.806,422.9109319417244,422.9109319417244,845.8218638834488
1.807,422.9070772145041,422.9070772145041,845.8141544290082
1.808,422.86216698337165,422.86216698337165,845.7243339667433
1.809,422.7797577781685,422.7797577781685,845.559515556337
1.81,422.66911072168693,422.66911072168693,845.3382214433739
1.811,422.54390904578173,422.54390904578173,845.0878180915635
1.812,422.42043545368915,422.42043545368915,844.8408709073783
1.813,422.3154225476094,422.3154225476094,844.6308450952188
1.814,422.243827023124,422.243827023124,844.487654046248
1.815,422.21678768562305,422.21678768562305,844.4335753712461
1.816,422.2400075040963,422.2400075040963,844.4800150081926
1.817,422.31275305731344,422.31275305731344,844.6255061146269
1.818,422.42759601784326,422.42759601784326,844.8551920356865
1.819,422.57093835971597,422.57093835971597,845.1418767194319
1.82,422.724274954083,422.724274954083,845.448549908166
1.821,422.8660638966289,422.8660638966289,845.7321277932577
1.822,422.97400554924144,422.97400554924144,845.9480110984829
1.823,423.02748360732755,423.02748360732755,846.0549672146551
1.824,423.00990087092566,423.00990087092566,846.0198017418513
1.825,422.91065117409653,422.91065117409653,845.8213023481931
1.826,422.72650624382,422.72650624382,845.45301248764
1.827,422.46225809910493,422.46225809910493,844.9245161982099
1.828,422.13053723680525,422.13053723680525,844.2610744736105
1.829,421.7508155860669,421.7508155860669,843.5016311721338
1.83,421.3476913376695,421.3476913376695,842.695382675339
1.831,420.94863061129064,420.94863061129064,841.8972612225813
1.832,420.5813999734381,420.5813999734381,841.1627999468762
1.833,420.2714575792203,420.2714575792203,840.5429151584406
1.834,420.03957547100384,420.03957547100384,840.0791509420077
1.835,419.8999407950367,419.8999407950367,839.7998815900734
1.836,419.85893210067695,419.85893210067695,839.7178642013539
1.837,419.91469411437254,419.91469411437254,839.8293882287451
1.838,420.0575483998728,420.0575483998728,840.1150967997456
1.839,420.2711875380056,420.2711875380056,840.5423750760112
1.84,420.5345167018056,420.5345167018056,841.0690334036112
1.841,420.82393791141243,420.82393791141243,841.6478758228249
1.842,421.11582629562326,421.11582629562326,842.2316525912465
1.843,421.3889293327689,421.3889293327689,842.7778586655378
1.844,421.62643121942756,421.62643121942756,843.2528624388551
1.845,421.81746389621514,421.81746389621514,843.6349277924303
1.846,421.95790941784173,421.95790941784173,843.9158188356835
1.847,422.0504182508121,422.0504182508121,844.1008365016241
1.848,422.1036558452002,422.1036558452002,844.2073116904004
1.849,422.13087573345314,422.13087573345314,844.2617514669063
1.85,422.14799195773793,422.14799195773793,844.2959839154759
1.851,422.1713785871776,422.1713785871776,844.3427571743553
1.852,422.2156534054874,422.2156534054874,844.4313068109748
1.853,422.29170332189796,422.29170332189796,844.5834066437959
1.854,422.40518067630455,422.40518067630455,844.8103613526091
1.855,422.5556455635015,422.5556455635015,845.111291127003
1.856,422.73645562529055,422.73645562529055,845.4729112505811
1.857,422.9354196631231,422.9354196631231,845.8708393262463
1.858,423.1361443851967,423.1361443851967,846.2722887703934
1.859,423.3199243170381,423.3199243170381,846.6398486340762
1.86,423.46796221633184,423.46796221633184,846.9359244326637
1.861,423.56366825146574,423.56366825146574,847.1273365029315
1.862,423.5947751304801,423.5947751304801,847.1895502609602
1.863,423.5550246068505,423.5550246068505,847.110049213701
1.864,423.4452264006891,423.4452264006891,846.8904528013782
1.865,423.2735585857052,423.2735585857052,846.5471171714104
1.866,423.0550614445725,423.0550614445725,846.110122889145
1.867,422.81036556408804,422.81036556408804,845.6207311281761
1.868,422.56377974288205,422.56377974288205,845.1275594857641
1.869,422.3409357538159,422.3409357538159,844.6818715076319
1.87,422.1662372282628,422.1662372282628,844.3324744565256
1.871,422.0603833239153,422.0603833239153,844.1207666478306
1.872,422.0382317590418,422.0382317590418,844.0764635180836
1.873,422.10723083897267,422.10723083897267,844.2144616779453
1.874,422.26659003420986,422.26659003420986,844.5331800684197
1.875,422.50728002472414,422.50728002472414,845.0145600494483
1.8760000000000001,422.81286447726046,422.81286447726046,845.6257289545209
1.877,423.161076849649,423.161076849649,846.322153699298
1.8780000000000001,423.5259759345055,423.5259759345055,847.051951869011
1.879,423.88045235079016,423.88045235079016,847.7609047015803
1.8800000000000001,424.19882146735347,424.19882146735347,848.3976429347069
1.881,424.45923027873124,424.45923027873124,848.9184605574625
1.8820000000000001,424.6456273734384,424.6456273734384,849.2912547468768
1.883,424.74909391572277,424.74909391572277,849.4981878314455
1.8840000000000001,424.76840410221433,424.76840410221433,849.5368082044287
1.885,424.7097680726381,424.7097680726381,849.4195361452762
1.8860000000000001,424.58579944319297,424.58579944319297,849.1715988863859
1.887,424.4138336893714,424.4138336893714,848.8276673787428
1.8880000000000001,424.21379331156623,424.21379331156623,848.4275866231325
1.889,424.00584344915086,424.00584344915086,848.0116868983017
1.8900000000000001,423.8081021803523,423.8081021803523,847.6162043607046
1.891,423.6346609750993,423.6346609750993,847.2693219501986
1.8920000000000001,423.49413371800364,423.49413371800364,846.9882674360073
1.893,423.3888915731319,423.3888915731319,846.7777831462638
1.8940000000000001,423.3150625632914,423.3150625632914,846.6301251265828
1.895,423.263287825904,423.263287825904,846.526575651808
1.8960000000000001,423.2201407591087,423.2201407591087,846.4402815182174
1.897,423.17004022176695,423.17004022176695,846.3400804435339
1.8980000000000001,423.09743294356247,423.09743294356247,846.1948658871249
1.899,422.98898956571054,422.98898956571054,845.9779791314211
1.9000000000000001,422.8355566946444,422.8355566946444,845.6711133892888
1.901,422.6336342535614,422.6336342535614,845.2672685071228
1.9020000000000001,422.38620029294253,422.38620029294253,844.7724005858851
1.903,422.10277842129693,422.10277842129693,844.2055568425939
1.9040000000000001,421.79872805456483,421.79872805456483,843.5974561091297
1.905,421.4938253259943,421.4938253259943,842.9876506519886
1.9060000000000001,421.21028301500127,421.21028301500127,842.4205660300025
1.907,420.970422284307,420.970422284307,841.940844568614
1.9080000000000001,420.7942501647872,420.7942501647872,841.5885003295743
1.909,420.69720996328937,420.69720996328937,841.3944199265787
1.9100000000000001,420.6883555318956,420.6883555318956,841.3767110637912
1.911,420.7691563201093,420.7691563201093,841.5383126402186
1.9120000000000001,420.93307309405776,420.93307309405776,841.8661461881155
1.913,421.1659614546225,421.1659614546225,842.331922909245
1.9140000000000001,421.44727086818705,421.44727086818705,842.8945417363741
1.915,421.75192063602265,421.75192063602265,843.5038412720453
1.9160000000000001,422.05266053755446,422.05266053755446,844.1053210751089
1.917,422.3226708826329,422.3226708826329,844.6453417652658
1.9180000000000001,422.53813022822925,422.53813022822925,845.0762604564585
1.919,422.68048197901413,422.68048197901413,845.3609639580283
1.92,422.7381631934659,422.7381631934659,845.4763263869318
1.921,422.7076166559154,422.7076166559154,845.4152333118308
1.922,422.59348433756605,422.59348433756605,845.1869686751321
1.923,422.4079683264438,422.4079683264438,844.8159366528876
1.924,422.1694345382496,422.1694345382496,844.3388690764992
1.925,421.90041527643496,421.90041527643496,843.8008305528699
1.926,421.62523018037314,421.62523018037314,843.2504603607463
1.927,421.36748438407824,421.36748438407824,842.7349687681565
1.928,421.1477135699354,421.1477135699354,842.2954271398708
1.929,420.9814269379864,420.9814269379864,841.9628538759728
1.93,420.8777530658619,420.8777530658619,841.7555061317238
1.931,420.8388253611218,420.8388253611218,841.6776507222436
1.932,420.8599608985161,420.8599608985161,841.7199217970322
1.933,420.9305980802806,420.9305980802806,841.8611961605612
1.934,421.0358745323976,421.0358745323976,842.0717490647952
1.935,421.1586562327162,421.1586562327162,842.3173124654325
1.936,421.2817798176902,421.2817798176902,842.5635596353804
1.937,421.3902477182405,421.3902477182405,842.780495436481
1.938,421.4731226490975,421.4731226490975,842.946245298195
1.939,421.52490320418036,421.52490320418036,843.0498064083607
1.94,421.54622193645,421.54622193645,843.0924438729
1.941,421.54378466540413,421.54378466540413,843.0875693308083
1.942,421.52955623528516,421.52955623528516,843.0591124705703
1.943,421.5192839078316,421.5192839078316,843.0385678156632
1.944,421.5305254359374,421.5305254359374,843.0610508718748
1.945,421.5804061649512,421.5804061649512,843.1608123299025
1.946,421.6833618345118,421.6833618345118,843.3667236690236
1.947,421.84912745607636,421.84912745607636,843.6982549121527
1.948,422.08120723769053,422.08120723769053,844.1624144753811
1.949,422.37600875956844,422.37600875956844,844.7520175191369
1.95,422.7227521364123,422.7227521364123,845.4455042728246
1.951,423.1041796998158,423.1041796998158,846.2083593996316
1.952,423.4980031838639,423.4980031838639,846.9960063677278
1.953,423.87894327409276,423.87894327409276,847.7578865481855
1.954,424.22114976848843,424.22114976848843,848.4422995369769
1.955,424.5007468898754,424.5007468898754,849.0014937797508
1.956,424.69823236239404,424.69823236239404,849.3964647247881
1.957,424.80047255085833,424.80047255085833,849.6009451017167
1.958,424.8020778358061,424.8020778358061,849.6041556716121
1.959,424.706007933551,424.706007933551,849.412015867102
1.96,424.5233389392634,424.5233389392634,849.0466778785268
1.961,424.2722135199948,424.2722135199948,848.5444270399896
1.962,423.9760831236033,423.9760831236033,847.9521662472066
1.963,423.6614267470828,423.6614267470828,847.3228534941657
1.964,423.35518646079436,423.35518646079436,846.7103729215887
1.965,423.0821894474848,423.0821894474848,846.1643788949696
1.966,422.86282658422294,422.86282658422294,845.7256531684459
1.967,422.71122858363225,422.71122858363225,845.4224571672645
1.968,422.634125642136,422.634125642136,845.268251284272
1.969,422.6305014969048,422.6305014969048,845.2610029938096
1.97,422.69206603417007,422.69206603417007,845.3841320683401
1.971,422.80448165767683,422.80448165767683,845.6089633153537
1.972,422.94919727833667,422.94919727833667,845.8983945566733
1.973,423.1056789337252,423.1056789337252,846.2113578674504
1.974,423.2537847657076,423.2537847657076,846.5075695314152
1.975,423.37601884281287,423.37601884281287,846.7520376856257
1.976,423.4594144778388,423.4594144778388,846.9188289556776
1.977,423.4968413801464,423.4968413801464,846.9936827602928
1.978,423.4875972792792,423.4875972792792,846.9751945585584
1.979,423.43722615421274,423.43722615421274,846.8744523084255
1.98,423.3565928225036,423.3565928225036,846.7131856450072
1.981,423.26032764148243,423.26032764148243,846.5206552829649
1.982,423.16482611635087,423.16482611635087,846.3296522327017
1.983,423.08603840755296,423.08603840755296,846.1720768151059
1.984,423.03730750711355,423.03730750711355,846.0746150142271
1.985,423.0275095670967,423.0275095670967,846.0550191341933
1.986,423.0597160928029,423.0597160928029,846.1194321856058
1.987,423.1305391984375,423.1305391984375,846.261078396875
1.988,423.2302443501447,423.2302443501447,846.4604887002894
1.989,423.3436285072116,423.3436285072116,846.6872570144232
1.99,423.45157492288837,423.45157492288837,846.9031498457767
1.991,423.53311871528683,423.53311871528683,847.0662374305737
1.992,423.5677982623402,423.5677982623402,847.1355965246804
1.993,423.5380331204496,423.5380331204496,847.0760662408992
1.994,423.43126340121825,423.43126340121825,846.8625268024365
1.995,423.24160909899604,423.24160909899604,846.4832181979921
1.996,422.97085824113867,422.97085824113867,845.9417164822773
1.997,422.62866446589027,422.62866446589027,845.2573289317805
1.998,422.2319198880528,422.2319198880528,844.4638397761056
1.999,421.8033585549537,421.8033585549537,843.6067171099074
2.0,421.3695296131198,421.3695296131198,842.7390592262396
2.001,420.95834829180575,420.95834829180575,841.9166965836115
2.0020000000000002,420.5964793734794,420.5964793734794,841.1929587469588
2.003,420.306826828335,420.306826828335,840.61365365667
2.004,420.10639262546766,420.10639262546766,840.2127852509353
2.005,420.0047285376908,420.0047285376908,840.0094570753816
2.0060000000000002,420.0031413003513,420.0031413003513,840.0062826007025
2.007,420.09473069817284,420.09473069817284,840.1894613963457
2.008,420.2652508682354,420.2652508682354,840.5305017364708
2.009,420.4946970796166,420.4946970796166,840.9893941592333
2.0100000000000002,420.7594430936636,420.7594430936636,841.5188861873272
2.011,421.0346963339102,421.0346963339102,842.0693926678204
2.012,421.2970057857007,421.2970057857007,842.5940115714014
2.013,421.5265542710946,421.5265542710946,843.0531085421892
2.0140000000000002,421.708992778018,421.708992778018,843.417985556036
2.015,421.8366269150278,421.8366269150278,843.6732538300556
2.016,421.908838471323,421.908838471323,843.817676942646
2.017,421.93171039497196,421.93171039497196,843.8634207899439
2.0180000000000002,421.9169118163201,421.9169118163201,843.8338236326402
2.019,421.87998128291196,421.87998128291196,843.7599625658239
2.02,421.8382121472349,421.8382121472349,843.6764242944698
2.021,421.80838682628524,421.80838682628524,843.6167736525705
2.0220000000000002,421.8046217532432,421.8046217532432,843.6092435064865
2.023,421.83657065584924,421.83657065584924,843.6731413116985
2.024,421.9081919569859,421.9081919569859,843.8163839139718
2.025,422.0172212957618,422.0172212957618,844.0344425915235
2.0260000000000002,422.15540964833485,422.15540964833485,844.3108192966697
2.027,422.30950026290975,422.30950026290975,844.6190005258195
2.028,422.4628333354695,422.4628333354695,844.925666670939
2.029,422.59739543539837,422.59739543539837,845.1947908707967
2.0300000000000002,422.69607916826294,422.69607916826294,845.3921583365259
2.031,422.74489320491097,422.74489320491097,845.4897864098219
2.032,422.7348664840273,422.7348664840273,845.4697329680546
2.033,422.66342276635004,422.66342276635004,845.3268455327001
2.0340000000000003,422.535059260182,422.535059260182,845.070118520364
2.035,422.3612394341097,422.3612394341097,844.7224788682194
2.036,422.1594969710434,422.1594969710434,844.3189939420868
2.037,421.95183551492636,421.95183551492636,843.9036710298527
2.0380000000000003,421.76258772187856,421.76258772187856,843.5251754437571
2.039,421.61595841251585,421.61595841251585,843.2319168250317
2.04,421.5335135154723,421.5335135154723,843.0670270309446
2.041,421.531884853625,421.531884853625,843.06376970725
2.0420000000000003,421.6209396492201,421.6209396492201,843.2418792984402
2.043,421.8026151559815,421.8026151559815,843.605230311963
2.044,422.07054831387654,422.07054831387654,844.1410966277531
2.045,422.4105454431617,422.4105454431617,844.8210908863234
2.0460000000000003,422.80184701211465,422.80184701211465,845.6036940242293
2.047,423.2190572585155,423.2190572585155,846.438114517031
2.048,423.6345372361091,423.6345372361091,847.2690744722182
2.049,424.02101047350607,424.02101047350607,848.0420209470121
2.05,424.35410826035644,424.35410826035644,848.7082165207129
2.051,424.61458901482234,424.61458901482234,849.2291780296447
2.052,424.7900023894805,424.7900023894805,849.580004778961
2.053,424.8756297377517,424.8756297377517,849.7512594755034
2.054,424.8746115752892,424.8746115752892,849.7492231505784
2.055,424.79726104374896,424.79726104374896,849.5945220874979
2.056,424.6596504160998,424.6596504160998,849.3193008321996
2.057,424.48163572449687,424.48163572449687,848.9632714489937
2.058,424.28454411039894,424.28454411039894,848.5690882207979
2.059,424.0887830125556,424.0887830125556,848.1775660251112
2.06,423.91163610773236,423.91163610773236,847.8232722154647
2.061,423.7654874594503,423.7654874594503,847.5309749189006
2.062,423.65666529777843,423.65666529777843,847.3133305955569
2.063,423.5850258631004,423.5850258631004,847.1700517262008
2.064,423.54431371959765,423.54431371959765,847.0886274391953
2.065,423.52324723004864,423.52324723004864,847.0464944600973
2.066,423.5071962277648,423.5071962277648,847.0143924555296
2.067,423.48025238739103,423.48025238739103,846.9605047747821
2.068,423.4274487636269,423.4274487636269,846.8548975272538
2.069,423.33686831650004,423.33686831650004,846.6737366330001
2.07,423.20139381644105,423.20139381644105,846.4027876328821
2.071,423.0198919233479,423.0198919233479,846.0397838466959
2.072,422.7976879755494,422.7976879755494,845.5953759510988
2.073,422.54626803044397,422.54626803044397,845.0925360608879
2.074,422.28223208294713,422.28223208294713,844.5644641658943
2.075,422.02560743815474,422.02560743815474,844.0512148763095
2.076,421.79770446513385,421.79770446513385,843.5954089302677
2.077,421.6187502375539,421.6187502375539,843.2375004751078
2.078,421.50556290031915,421.50556290031915,843.0111258006383
2.079,421.4695278762446,421.4695278762446,842.9390557524893
2.08,421.5151063371932,421.5151063371932,843.0302126743863
2.081,421.6390500041789,421.6390500041789,843.2781000083578
2.082,421.8304204450364,421.8304204450364,843.6608408900728
2.083,422.0714239069696,422.0714239069696,844.1428478139392
2.084,422.3389839085767,422.3389839085767,844.6779678171534
2.085,422.60689307734395,422.60689307734395,845.2137861546879
2.086,422.84832193668757,422.84832193668757,845.6966438733751
2.087,423.0384225522235,423.0384225522235,846.076845104447
2.088,423.15675354373826,423.15675354373826,846.3135070874765
2.089,423.18927124779816,423.18927124779816,846.3785424955963
2.09,423.1296778097805,423.1296778097805,846.259355619561
2.091,422.97998568548434,422.97998568548434,845.9599713709687
2.092,422.7502419419642,422.7502419419642,845.5004838839284
2.093,422.45744569826246,422.45744569826246,844.9148913965249
2.094,422.12377821347263,422.12377821347263,844.2475564269453
2.095,421.77433810731554,421.77433810731554,843.5486762146311
2.096,421.4346260373289,421.4346260373289,842.8692520746578
2.097,421.1280482352318,421.1280482352318,842.2560964704636
2.098,420.8737039463098,420.8737039463098,841.7474078926195
2.099,420.6846885800035,420.6846885800035,841.369377160007
2.1,420.5670859999947,420.5670859999947,841.1341719999893
2.101,420.5197463490716,420.5197463490716,841.0394926981432
2.102,420.5348586498149,420.5348586498149,841.0697172996298
2.103,420.5992397770415,420.5992397770415,841.198479554083
2.104,420.6961829282,420.6961829282,841.3923658564
2.105,420.80764805945654,420.80764805945654,841.6152961189131
2.106,420.9165405619472,420.9165405619472,841.8330811238944
2.107,421.0088166639001,421.0088166639001,842.0176333278002
2.108,421.0751754520437,421.0751754520437,842.1503509040874
2.109,421.11214556969134,421.11214556969134,842.2242911393827
2.11,421.1224441684393,421.1224441684393,842.2448883368786
2.111,421.1145688031816,421.1145688031816,842.2291376063632
2.112,421.1016704014195,421.1016704014195,842.203340802839
2.113,421.0998374657912,421.0998374657912,842.1996749315824
2.114,421.1259891421622,421.1259891421622,842.2519782843244
2.115,421.19562017537265,421.19562017537265,842.3912403507453
2.116,421.32065899717423,421.32065899717423,842.6413179943485
2.117,421.5076891711693,421.5076891711693,843.0153783423386
2.118,421.7567453227467,421.7567453227467,843.5134906454934
2.119,422.0608317863302,422.0608317863302,844.1216635726604
2.12,422.4062324284248,422.4062324284248,844.8124648568496
2.121,422.77359225350295,422.77359225350295,845.5471845070059
2.122,423.13966518033146,423.13966518033146,846.2793303606629
2.123,423.4795473361675,423.4795473361675,846.959094672335
2.124,423.7691596858532,423.7691596858532,847.5383193717064
2.125,423.9877139854784,423.9877139854784,847.9754279709568
2.126,424.1198952964307,424.1198952964307,848.2397905928614
2.1270000000000002,424.1575227885731,424.1575227885731,848.3150455771462
2.128,424.1005052547018,424.1005052547018,848.2010105094035
2.129,423.9569827192178,423.9569827192178,847.9139654384356
2.13,423.7426325829899,423.7426325829899,847.4852651659799
2.1310000000000002,423.4792083961514,423.4792083961514,846.9584167923028
2.132,423.19246179036395,423.19246179036395,846.3849235807279
2.133,422.9096643159151,422.9096643159151,845.8193286318302
2.134,422.65698867733164,422.65698867733164,845.3139773546633
2.1350000000000002,422.45702347705486,422.45702347705486,844.9140469541097
2.136,422.3266804789085,422.3266804789085,844.653360957817
2.137,422.27571026936323,422.27571026936323,844.5514205387265
2.138,422.3059757762785,422.3059757762785,844.611951552557
2.1390000000000002,422.41155070291586,422.41155070291586,844.8231014058317
2.14,422.57962059600544,422.57962059600544,845.1592411920109
2.141,422.7920777860361,422.7920777860361,845.5841555720722
2.142,423.02762728208904,423.02762728208904,846.0552545641781
2.1430000000000002,423.26416696808536,423.26416696808536,846.5283339361707
2.144,423.4811779672349,423.4811779672349,846.9623559344698
2.145,423.6618627507239,423.6618627507239,847.3237255014478
2.146,423.79479917799625,423.79479917799625,847.5895983559925
2.1470000000000002,423.8749346960034,423.8749346960034,847.7498693920068
2.148,423.9038201204841,423.9038201204841,847.8076402409682
2.149,423.8890683960293,423.8890683960293,847.7781367920586
2.15,423.84311092798526,423.84311092798526,847.6862218559705
2.1510000000000002,423.781402821375,423.781402821375,847.56280564275
2.152,423.72028992113417,423.72028992113417,847.4405798422683
2.153,423.6747881073747,423.6747881073747,847.3495762147494
2.154,423.6565347073097,423.6565347073097,847.3130694146193
2.1550000000000002,423.6721521132048,423.6721521132048,847.3443042264096
2.156,423.7222169508277,423.7222169508277,847.4444339016554
2.157,423.80095962475906,423.80095962475906,847.6019192495181
2.158,423.896736391932,423.896736391932,847.793472783864
2.1590000000000003,423.9932284740726,423.9932284740726,847.9864569481452
2.16,424.07123986317407,424.07123986317407,848.1424797263481
2.161,424.1108966321043,424.1108966321043,848.2217932642086
2.162,424.0940034245439,424.0940034245439,848.1880068490879
2.1630000000000003,424.0062926621983,424.0062926621983,848.0125853243966
2.164,423.8393111903291,423.8393111903291,847.6786223806582
2.165,423.59172666403487,423.59172666403487,847.1834533280697
2.166,423.26989789594734,423.26989789594734,846.5397957918947
2.1670000000000003,422.8876328842953,422.8876328842953,845.7752657685905
2.168,422.4651466091684,422.4651466091684,844.9302932183368
2.169,422.02731822066545,422.02731822066545,844.0546364413309
2.17,421.60142431634955,421.60142431634955,843.2028486326991
2.1710000000000003,421.21458312360915,421.21458312360915,842.4291662472183
2.172,420.8911771437597,420.8911771437597,841.7823542875194
2.173,420.650525538353,420.650525538353,841.301051076706
2.174,420.5050517867405,420.5050517867405,841.010103573481
2.1750000000000003,420.4591396953104,420.4591396953104,840.9182793906208
2.176,420.50879740197263,420.50879740197263,841.0175948039453
2.177,420.6421626074586,420.6421626074586,841.2843252149172
2.178,420.8407923142915,420.8407923142915,841.681584628583
2.179,421.0815966872171,421.0815966872171,842.1631933744342
2.18,421.3392083938868,421.3392083938868,842.6784167877736
2.181,421.58853337282204,421.58853337282204,843.1770667456441
2.182,421.80721132488947,421.80721132488947,843.6144226497789
2.183,421.9777261997387,421.9777261997387,843.9554523994774
2.184,422.088947159467,422.088947159467,844.177894318934
2.185,422.13694445796443,422.13694445796443,844.2738889159289
2.186,422.12500528315127,422.12500528315127,844.2500105663025
2.187,422.06286295880045,422.06286295880045,844.1257259176009
2.188,421.96523924557926,421.96523924557926,843.9304784911585
2.189,421.8498743097601,421.8498743097601,843.6997486195202
2.19,421.73527402286055,421.73527402286055,843.4705480457211
2.191,421.6384335895174,421.6384335895174,843.2768671790348
2.192,421.57279690342824,421.57279690342824,843.1455938068565
2.193,421.5466825350091,421.5466825350091,843.0933650700182
2.194,421.5623530894592,421.5623530894592,843.1247061789184
2.195,421.61583090813104,421.61583090813104,843.2316618162621
2.196,421.69747795285576,421.69747795285576,843.3949559057115
2.197,421.7932706995989,421.7932706995989,843.5865413991978
2.198,421.88662166626096,421.88662166626096,843.7732433325219
2.199,421.9605366334231,421.9605366334231,843.9210732668462
2.2,421.9998576661435,421.9998576661435,843.999715332287
2.201,421.9933310726246,421.9933310726246,843.9866621452492
2.202,421.9352577046483,421.9352577046483,843.8705154092966
2.203,421.8265285367672,421.8265285367672,843.6530570735345
2.204,421.674916253628,421.674916253628,843.349832507256
2.205,421.4945761514578,421.4945761514578,842.9891523029156
2.206,421.3047978958202,421.3047978958202,842.6095957916403
2.207,421.12813380651454,421.12813380651454,842.2562676130291
2.208,420.98810003170354,420.98810003170354,841.9762000634071
2.209,420.906696364047,420.906696364047,841.813392728094
2.21,420.9020130155832,420.9020130155832,841.8040260311664
2.211,420.9861858281069,420.9861858281069,841.9723716562138
2.212,421.1639258108644,421.1639258108644,842.3278516217288
2.213,421.43178839348735,421.43178839348735,842.8635767869747
2.214,421.7782689335345,421.7782689335345,843.556537867069
2.215,422.1847224258676,422.1847224258676,844.3694448517352
2.216,422.62701670791614,422.62701670791614,845.2540334158323
2.217,423.077749439873,423.077749439873,846.155498879746
2.218,423.5087984109499,423.5087984109499,847.0175968218998
2.219,423.8939389290374,423.8939389290374,847.7878778580748
2.22,424.2112551053121,424.2112551053121,848.4225102106242
2.221,424.4450944976923,424.4450944976923,848.8901889953846
2.222,424.5873653318889,424.5873653318889,849.1747306637778
2.223,424.63804690976144,424.63804690976144,849.2760938195229
2.224,424.6048690068358,424.6048690068358,849.2097380136717
2.225,424.5022057134112,424.5022057134112,849.0044114268223
2.226,424.3493134683333,424.3493134683333,848.6986269366666
2.227,424.1681127557776,424.1681127557776,848.3362255115552
2.228,423.9807604841267,423.9807604841267,847.9615209682534
2.229,423.8072802944538,423.8072802944538,847.6145605889076
2.23,423.66350882211435,423.66350882211435,847.3270176442287
2.231,423.55957837382215,423.55957837382215,847.1191567476443
2.232,423.49909482064515,423.49909482064515,846.9981896412903
2.233,423.47909063146994,423.47909063146994,846.9581812629399
2.234,423.4907456565445,423.4907456565445,846.981491313089
2.235,423.52078220926467,423.52078220926467,847.0415644185293
2.236,423.55336572548737,423.55336572548737,847.1067314509747
2.237,423.57228613526195,423.57228613526195,847.1445722705239
2.238,423.56316426678376,423.56316426678376,847.1263285335675
2.239,423.51542550955855,423.51542550955855,847.0308510191171
2.24,423.4238098003421,423.4238098003421,846.8476196006842
2.241,423.2892397606331,423.2892397606331,846.5784795212662
2.242,423.11894163209746,423.11894163209746,846.2378832641949
2.243,422.92579842458434,422.92579842458434,845.8515968491687
2.244,422.72700197915617,422.72700197915617,845.4540039583123
2.245,422.54215073810246,422.54215073810246,845.0843014762049
2.246,422.3910039759143,422.3910039759143,844.7820079518286
2.247,422.2911439268654,422.2911439268654,844.5822878537308
2.248,422.2558100621438,422.2558100621438,844.5116201242876
2.249,422.29215321611804,422.29215321611804,844.5843064322361
2.25,422.40011307806907,422.40011307806907,844.8002261561381
2.251,422.5720555513733,422.5720555513733,845.1441111027466
2.2520000000000002,422.7932239668598,422.7932239668598,845.5864479337196
2.253,423.0429691761071,423.0429691761071,846.0859383522142
2.254,423.29663792700154,423.29663792700154,846.5932758540031
2.255,423.5279260711283,423.5279260711283,847.0558521422566
2.2560000000000002,423.7114511137249,423.7114511137249,847.4229022274498
2.257,423.8252731578179,423.8252731578179,847.6505463156358
2.258,423.85309726649575,423.85309726649575,847.7061945329915
2.259,423.7859232925407,423.7859232925407,847.5718465850814
2.2600000000000002,423.62296773385174,423.62296773385174,847.2459354677035
2.261,423.3717597978008,423.3717597978008,846.7435195956016
2.262,423.0474021293905,423.0474021293905,846.094804258781
2.263,422.6710759390919,422.6710759390919,845.3421518781838
2.2640000000000002,422.2679508089941,422.2679508089941,844.5359016179882
2.265,421.86472247469965,421.86472247469965,843.7294449493993
2.266,421.487040516894,421.487040516894,842.974081033788
2.267,421.15709797295125,421.15709797295125,842.3141959459025
2.2680000000000002,420.8916353559175,420.8916353559175,841.783270711835
2.269,420.7005646569516,420.7005646569516,841.4011293139032
2.27,420.5863498236168,420.5863498236168,841.1726996472336
2.271,420.54419659414725,420.54419659414725,841.0883931882945
2.2720000000000002,420.56301565484875,420.56301565484875,841.1260313096975
2.273,420.627038668241,420.627038668241,841.254077336482
2.274,420.71789607390224,420.71789607390224,841.4357921478045
2.275,420.81691643671866,420.81691643671866,841.6338328734373
2.2760000000000002,420.90738486431275,420.90738486431275,841.8147697286255
2.277,420.97650501572093,420.97650501572093,841.9530100314419
2.278,421.0168446190253,421.0168446190253,842.0336892380506
2.279,421.0271042094983,421.0271042094983,842.0542084189966
2.2800000000000002,421.012126299668,421.012126299668,842.024252599336
2.281,420.98214875261425,420.98214875261425,841.9642975052285
2.282,420.9513921070984,420.9513921070984,841.9027842141968
2.283,420.9361464251778,420.9361464251778,841.8722928503556
2.2840000000000003,420.95258045604453,420.95258045604453,841.9051609120891
2.285,421.0145281531875,421.0145281531875,842.029056306375
2.286,421.13151123392885,421.13151123392885,842.2630224678577
2.287,421.30723108857376,421.30723108857376,842.6144621771475
2.2880000000000003,421.5387117079808,421.5387117079808,843.0774234159616
2.289,421.81620309441047,421.81620309441047,843.6324061888209
2.29,422.1238698286284,422.1238698286284,844.2477396572568
2.291,422.44120147013297,422.44120147013297,844.8824029402659
2.2920000000000003,422.7450000209233,422.7450000209233,845.4900000418467
2.293,423.0117338329751,423.0117338329751,846.0234676659502
2.294,423.22000442493487,423.22000442493487,846.4400088498697
2.295,423.3528575145036,423.3528575145036,846.7057150290073
2.2960000000000003,423.39968393570456,423.39968393570456,846.7993678714091
2.297,423.35749850884815,423.35749850884815,846.7149970176963
2.298,423.2314507881633,423.2314507881633,846.4629015763265
2.299,423.03450376025086,423.03450376025086,846.0690075205017
2.3000000000000003,422.78630603526847,422.78630603526847,845.5726120705369
2.301,422.51137007481935,422.51137007481935,845.0227401496387
2.302,422.2367440084962,422.2367440084962,844.4734880169924
2.303,421.9894193857557,421.9894193857557,843.9788387715114
2.3040000000000003,421.7937457849124,421.7937457849124,843.5874915698248
2.305,421.6691224241872,421.6691224241872,843.3382448483744
2.306,421.6282068772946,421.6282068772946,843.2564137545892
2.307,421.6758249836233,421.6758249836233,843.3516499672465
2.308,421.8086902025937,421.8086902025937,843.6173804051874
2.309,422.0159533054819,422.0159533054819,844.0319066109638
2.31,422.2805139933731,422.2805139933731,844.5610279867462
2.311,422.58094454696146,422.58094454696146,845.1618890939229
2.312,422.8938108503551,422.8938108503551,845.7876217007102
2.313,423.19613513416374,423.19613513416374,846.3922702683275
2.314,423.4677319758055,423.4677319758055,846.935463951611
2.315,423.6931657913606,423.6931657913606,847.3863315827213
2.316,423.863122317303,423.863122317303,847.726244634606
2.317,423.9750534425791,423.9750534425791,847.9501068851582
2.318,424.0330367598939,424.0330367598939,848.0660735197878
2.319,424.04687925012314,424.04687925012314,848.0937585002463
2.32,424.0305788349826,424.0305788349826,848.0611576699652
2.321,424.0003287973217,424.0003287973217,848.0006575946434
2.322,423.9723004003142,423.9723004003142,847.9446008006285
2.323,423.96046288794753,423.96046288794753,847.9209257758951
2.324,423.97469480986445,423.97469480986445,847.9493896197289
2.325,424.0194068998837,424.0194068998837,848.0388137997674
2.326,424.0928383220812,424.0928383220812,848.1856766441624
2.327,424.1871114924123,424.1871114924123,848.3742229848247
2.328,424.2890444168372,424.2890444168372,848.5780888336744
2.329,424.3816331627933,424.3816331627933,848.7632663255866
2.33,424.44604031596543,424.44604031596543,848.8920806319309
2.331,424.46386663345305,424.46386663345305,848.9277332669061
2.332,424.41944915289764,424.41944915289764,848.8388983057953
2.333,424.3019235932114,424.3019235932114,848.6038471864229
2.334,424.1068126709809,424.1068126709809,848.2136253419618
2.335,423.8369524100854,423.8369524100854,847.6739048201708
2.336,423.5026401394598,423.5026401394598,847.0052802789196
2.337,423.12097280485267,423.12097280485267,846.2419456097053
2.338,422.7144331293359,422.7144331293359,845.4288662586717
2.339,422.3088642519709,422.3088642519709,844.6177285039417
2.34,421.9310415850437,421.9310415850437,843.8620831700874
2.341,421.6060962224492,421.6060962224492,843.2121924448984
2.342,421.35506223608365,421.35506223608365,842.7101244721673
2.343,421.19280857094554,421.19280857094554,842.3856171418911
2.344,421.1265762043072,421.1265762043072,842.2531524086144
2.345,421.1552771037309,421.1552771037309,842.3105542074618
2.346,421.2696302843522,421.2696302843522,842.5392605687044
2.347,421.4531207900111,421.4531207900111,842.9062415800222
2.348,421.68367947450616,421.68367947450616,843.3673589490123
2.349,421.93590464032116,421.93590464032116,843.8718092806423
2.35,422.1835892817333,422.1835892817333,844.3671785634666
2.351,422.40228611275904,422.40228611275904,844.8045722255181
2.352,422.5716401450887,422.5716401450887,845.1432802901774
2.353,422.6772455226566,422.6772455226566,845.3544910453132
2.354,422.7118366013401,422.7118366013401,845.4236732026802
2.355,422.67569698017877,422.67569698017877,845.3513939603575
2.356,422.5762562044274,422.5762562044274,845.1525124088548
2.357,422.42693269303453,422.42693269303453,844.8538653860691
2.358,422.24536332338687,422.24536332338687,844.4907266467737
2.359,422.0512260479163,422.0512260479163,844.1024520958326
2.36,421.8639047074183,421.8639047074183,843.7278094148367
2.361,421.7002601985473,421.7002601985473,843.4005203970946
2.362,421.57275777856046,421.57275777856046,843.1455155571209
2.363,421.48815822649425,421.48815822649425,842.9763164529885
2.364,421.446915562793,421.446915562793,842.893831125586
2.365,421.4433433281584,421.4433433281584,842.8866866563168
2.366,421.46652403412446,421.46652403412446,842.9330480682489
2.367,421.50185205189734,421.50185205189734,843.0037041037947
2.368,421.5330282877319,421.5330282877319,843.0660565754638
2.369,421.54427350605187,421.54427350605187,843.0885470121037
2.37,421.5225018421024,421.5225018421024,843.0450036842047
2.371,421.4591997288731,421.4591997288731,842.9183994577462
2.372,421.35178776724047,421.35178776724047,842.7035755344809
2.373,421.2043004379736,421.2043004379736,842.4086008759472
2.374,421.0272946508898,421.0272946508898,842.0545893017796
2.375,420.83698452817646,420.83698452817646,841.6739690563529
2.376,420.6536869503705,420.6536869503705,841.307373900741
2.3770000000000002,420.49974058348795,420.49974058348795,840.9994811669759
2.378,420.3971216559993,420.3971216559993,840.7942433119986
2.379,420.36501590119155,420.36501590119155,840.7300318023831
2.38,420.41761374406866,420.41761374406866,840.8352274881373
2.3810000000000002,420.5623740492954,420.5623740492954,841.1247480985908
2.382,420.7989528590429,420.7989528590429,841.5979057180858
2.383,421.11892283207715,421.11892283207715,842.2378456641543
2.384,421.5063242564637,421.5063242564637,843.0126485129274
2.3850000000000002,421.93899882255226,421.93899882255226,843.8779976451045
2.386,422.39057263142445,422.39057263142445,844.7811452628489
2.387,422.832884463311,422.832884463311,845.665768926622
2.388,423.2386068705419,423.2386068705419,846.4772137410838
2.3890000000000002,423.58378651256135,423.58378651256135,847.1675730251227
2.39,423.85003864465,423.85003864465,847.7000772893
2.391,424.02616788492,424.02616788492,848.05233576984
2.392,424.10904924417054,424.10904924417054,848.2180984883411
2.3930000000000002,424.103683137212,424.103683137212,848.207366274424
2.394,424.0224269729756,424.0224269729756,848.0448539459512
2.395,423.8834942191623,423.8834942191623,847.7669884383246
2.396,423.7088899045415,423.7088899045415,847.417779809083
2.3970000000000002,423.52201084295115,423.52201084295115,847.0440216859023
2.398,423.34517299355997,423.34517299355997,846.6903459871199
2.399,423.19733364659015,423.19733364659015,846.3946672931803
2.4,423.0922520564402,423.0922520564402,846.1845041128804
2.4010000000000002,423.0372814786256,423.0372814786256,846.0745629572511
2.402,423.03291397083416,423.03291397083416,846.0658279416683
2.403,423.0731147554631,423.0731147554631,846.1462295109262
2.404,423.1463947906151,423.1463947906151,846.2927895812302
2.4050000000000002,423.23748821726275,423.23748821726275,846.4749764345255
2.406,423.3294346025368,423.3294346025368,846.6588692050736
2.407,423.4058217450674,423.4058217450674,846.8116434901348
2.408,423.4529281001711,423.4529281001711,846.9058562003422
2.4090000000000003,423.46151642793683,423.46151642793683,846.9230328558737
2.41,423.42807063071774,423.42807063071774,846.8561412614355
2.411,423.3553314103137,423.3553314103137,846.7106628206274
2.412,423.25206623926067,423.25206623926067,846.5041324785213
2.4130000000000003,423.1320963088324,423.1320963088324,846.2641926176648
2.414,423.0126878801617,423.0126878801617,846.0253757603234
2.415,422.91248837773617,422.91248837773617,845.8249767554723
2.416,422.8492404869412,422.8492404869412,845.6984809738824
2.4170000000000003,422.8375345180126,422.8375345180126,845.6750690360252
2.418,422.8868573120324,422.8868573120324,845.7737146240648
2.419,423.00016513151155,423.00016513151155,846.0003302630231
2.42,423.1731516336311,423.1731516336311,846.3463032672622
2.4210000000000003,423.3943063317249,423.3943063317249,846.7886126634498
2.422,423.64577222386106,423.64577222386106,847.2915444477221
2.423,423.9049230549402,423.9049230549402,847.8098461098804
2.424,424.1465007112767,424.1465007112767,848.2930014225534
2.4250000000000003,424.34509036391995,424.34509036391995,848.6901807278399
2.426,424.4776721520987,424.4776721520987,848.9553443041974
2.427,424.5259777673203,424.5259777673203,849.0519555346406
2.428,424.47839948091627,424.47839948091627,848.9567989618325
2.4290000000000003,424.33124591844165,424.33124591844165,848.6624918368833
2.43,424.0892081562131,424.0892081562131,848.1784163124262
2.431,423.7649839547843,423.7649839547843,847.5299679095687
2.432,423.37809795967115,423.37809795967115,846.7561959193423
2.433,422.9530416618488,422.9530416618488,845.9060833236975
2.434,422.5169294330608,422.5169294330608,845.0338588661216
2.435,422.0969181222587,422.0969181222587,844.1938362445175
2.436,421.7176619523488,421.7176619523488,843.4353239046976
2.437,421.3990691793752,421.3990691793752,842.7981383587504
2.438,421.1545927993132,421.1545927993132,842.3091855986264
2.439,420.9902283111636,420.9902283111636,841.9804566223272
2.44,420.90431371953815,420.90431371953815,841.8086274390763
2.441,420.88813916319845,420.88813916319845,841.7762783263969
2.442,420.92728544727584,420.92728544727584,841.8545708945517
2.443,421.00353201239034,421.00353201239034,842.0070640247807
2.444,421.0971141210851,421.0971141210851,842.1942282421702
2.445,421.1890729101426,421.1890729101426,842.3781458202852
2.446,421.26343434881295,421.26343434881295,842.5268686976259
2.447,421.3089748057106,421.3089748057106,842.6179496114212
2.448,421.32037937536535,421.32037937536535,842.6407587507307
2.449,421.29866890714743,421.29866890714743,842.5973378142949
2.45,421.2508550199123,421.2508550199123,842.5017100398246
2.451,421.1888699910081,421.1888699910081,842.3777399820162
2.452,421.12790053156203,421.12790053156203,842.2558010631241
2.453,421.0843219699274,421.0843219699274,842.1686439398547
2.454,421.07347475555855,421.07347475555855,842.1469495111171
2.455,421.10754341508715,421.10754341508715,842.2150868301743
2.456,421.1937871033144,421.1937871033144,842.3875742066288
2.457,421.33333189587074,421.33333189587074,842.6666637917415
2.458,421.52067227622433,421.52067227622433,843.0413445524487
2.459,421.7439498180401,421.7439498180401,843.4878996360802
2.46,421.9859896604253,421.9859896604253,843.9719793208506
2.461,422.225989716817,422.225989716817,844.451979433634
2.462,422.44168316770237,422.44168316770237,844.8833663354047
2.463,422.61173995110903,422.61173995110903,845.2234799022181
2.464,422.71814382266194,422.71814382266194,845.4362876453239
2.465,422.74828142004554,422.74828142004554,845.4965628400911
2.466,422.69650874883854,422.69650874883854,845.3930174976771
2.467,422.5650155085508,422.5650155085508,845.1300310171016
2.468,422.3638827251971,422.3638827251971,844.7277654503941
2.469,422.1103160566879,422.1103160566879,844.2206321133758
2.47,421.8271263780772,421.8271263780772,843.6542527561544
2.471,421.5406110517338,421.5406110517338,843.0812221034676
2.472,421.2780546642593,421.2780546642593,842.5561093285186
2.473,421.06510978267215,421.06510978267215,842.1302195653443
2.474,420.9233318474292,420.9233318474292,841.8466636948584
2.475,420.86812617196733,420.86812617196733,841.7362523439347
2.476,420.90732090915134,420.90732090915134,841.8146418183027
2.477,421.04051259259603,421.04051259259603,842.0810251851921
2.478,421.2592478204945,421.2592478204945,842.518495640989
2.479,421.54801490447363,421.54801490447363,843.0960298089473
2.48,421.8859326680187,421.8859326680187,843.7718653360374
2.481,422.2489495097291,422.2489495097291,844.4978990194581
2.482,422.61231241708396,422.61231241708396,845.2246248341679
2.483,422.9530386201849,422.9530386201849,845.9060772403698
2.484,423.2521248929967,423.2521248929967,846.5042497859934
2.485,423.4962607955826,423.4962607955826,846.9925215911652
2.486,423.67886887258817,423.67886887258817,847.3577377451763
2.487,423.80037065510896,423.80037065510896,847.6007413102179
2.488,423.8676638360724,423.8676638360724,847.7353276721448
2.489,423.8928836213436,423.8928836213436,847.7857672426873
2.49,423.89160031310496,423.89160031310496,847.7832006262099
2.491,423.8806669360552,423.8806669360552,847.7613338721104
2.492,423.8759683744237,423.8759683744237,847.7519367488474
2.493,423.8903329278585,423.8903329278585,847.780665855717
2.494,423.9318474248512,423.9318474248512,847.8636948497024
2.495,424.00277029786986,424.00277029786986,848.0055405957397
2.496,424.0991685558684,424.0991685558684,848.1983371117368
2.497,424.21132202552883,424.21132202552883,848.4226440510577
2.498,424.324850772415,424.324850772415,848.64970154483
2.499,424.4224390009313,424.4224390009313,848.8448780018626
2.5,424.48596017720956,424.48596017720956,848.9719203544191
2.501,424.4987612781158,424.4987612781158,848.9975225562316
2.5020000000000002,424.4478441978581,424.4478441978581,848.8956883957162
2.503,424.32569171287116,424.32569171287116,848.6513834257423
2.504,424.1315230504852,424.1315230504852,848.2630461009704
2.505,423.87182592918606,423.87182592918606,847.7436518583721
2.5060000000000002,423.56009115710236,423.56009115710236,847.1201823142047
2.507,423.21576377356035,423.21576377356035,846.4315275471207
2.508,422.8625116034279,422.8625116034279,845.7250232068558
2.509,422.5259883662529,422.5259883662529,845.0519767325058
2.5100000000000002,422.23132569522534,422.23132569522534,844.4626513904507
2.511,422.00062021353654,422.00062021353654,844.0012404270731
2.512,421.85068461527266,421.85068461527266,843.7013692305453
2.513,421.7913051171173,421.7913051171173,843.5826102342346
2.5140000000000002,421.82419452889314,421.82419452889314,843.6483890577863
2.515,421.942756298438,421.942756298438,843.885512596876
2.516,422.1326882703125,422.1326882703125,844.265376540625
2.517,422.37336501250013,422.37336501250013,844.7467300250003
2.5180000000000002,422.639854228749,422.639854228749,845.279708457498
2.519,422.9053550892489,422.9053550892489,845.8107101784979
2.52,423.14380166536216,423.14380166536216,846.2876033307243
2.521,423.3323579033915,423.3323579033915,846.664715806783
2.5220000000000002,423.45354351443655,423.45354351443655,846.9070870288731
2.523,423.4967713307453,423.4967713307453,846.9935426614906
2.524,423.459141526429,423.459141526429,846.918283052858
2.525,423.3454194722333,423.3454194722333,846.6908389444666
2.5260000000000002,423.1672129364316,423.1672129364316,846.3344258728632
2.527,422.9414510856774,422.9414510856774,845.8829021713548
2.528,422.688342768643,422.688342768643,845.376685537286
2.529,422.4290466754563,422.4290466754563,844.8580933509126
2.5300000000000002,422.1833151600487,422.1833151600487,844.3666303200974
2.531,421.9673736606549,421.9673736606549,843.9347473213098
2.532,421.79226883540593,421.79226883540593,843.5845376708119
2.533,421.6628640221099,421.6628640221099,843.3257280442198
2.5340000000000003,421.57758654331116,421.57758654331116,843.1551730866223
2.535,421.52894597430554,421.52894597430554,843.0578919486111
2.536,421.5047552782934,421.5047552782934,843.0095105565867
2.537,421.48990738391296,421.48990738391296,842.9798147678259
2.5380000000000003,421.4684971481027,421.4684971481027,842.9369942962054
2.539,421.42603966713756,421.42603966713756,842.8520793342751
2.54,421.35152490095703,421.35152490095703,842.7030498019141
2.541,421.2390667867654,421.2390667867654,842.4781335735308
2.5420000000000003,421.0889504238919,421.0889504238919,842.1779008477838
2.543,420.90794848212033,420.90794848212033,841.8158969642407
2.544,420.7088602274381,420.7088602274381,841.4177204548762
2.545,420.5093143456223,420.5093143456223,841.0186286912445
2.5460000000000003,420.32996032296006,420.32996032296006,840.6599206459201
2.547,420.1922432148032,420.1922432148032,840.3844864296065
2.548,420.1160053776523,420.1160053776523,840.2320107553046
2.549,420.1171806865177,420.1171806865177,840.2343613730354
2.5500000000000003,420.2058393871977,420.2058393871977,840.4116787743955
2.551,420.3848057581813,420.3848057581813,840.7696115163626
2.552,420.6490100535599,420.6490100535599,841.2980201071198
2.553,420.9856573760136,420.9856573760136,841.9713147520272
2.5540000000000003,421.37520780610276,421.37520780610276,842.7504156122055
2.555,421.7930739703461,421.7930739703461,843.5861479406922
2.556,422.2118639412455,422.2118639412455,844.423727882491
2.557,422.6039375331497,422.6039375331497,845.2078750662994
2.5580000000000003,422.9440092764634,422.9440092764634,845.8880185529268
2.559,423.2115254630316,423.2115254630316,846.4230509260632
2.56,423.39256633322736,423.39256633322736,846.7851326664547
2.561,423.4810751523994,423.4810751523994,846.9621503047988
2.562,423.4792880710498,423.4792880710498,846.9585761420996
2.563,423.39732439546236,423.39732439546236,846.7946487909247
2.564,423.25198684240735,423.25198684240735,846.5039736848147
2.565,423.0649056853407,423.0649056853407,846.1298113706814
2.566,422.86023021662703,422.86023021662703,845.7204604332541
2.567,422.6621180828639,422.6621180828639,845.3242361657278
2.568,422.49229269742176,422.49229269742176,844.9845853948435
2.569,422.3679290209675,422.3679290209675,844.735858041935
2.57,422.300089703882,422.300089703882,844.600179407764
2.571,422.29287120000646,422.29287120000646,844.5857424000129
2.572,422.34333992772423,422.34333992772423,844.6866798554485
2.573,422.4422506861361,422.4422506861361,844.8845013722722
2.574,422.5754530471079,422.5754530471079,845.1509060942158
2.575,422.72581588383304,422.72581588383304,845.4516317676661
2.576,422.8754438853892,422.8754438853892,845.7508877707784
2.577,423.00792902576603,423.00792902576603,846.0158580515321
2.578,423.1103778646471,423.1103778646471,846.2207557292942
2.579,423.1749824249559,423.1749824249559,846.3499648499118
2.58,423.1999551809479,423.1999551809479,846.3999103618958
2.581,423.18972149317256,423.18972149317256,846.3794429863451
2.582,423.1543475207401,423.1543475207401,846.3086950414802
2.583,423.10826878887303,423.10826878887303,846.2165375777461
2.584,423.0684644809076,423.0684644809076,846.1369289618152
2.585,423.0522862515374,423.0522862515374,846.1045725030748
2.586,423.0751908032993,423.0751908032993,846.1503816065986
2.587,423.1486380887191,423.1486380887191,846.2972761774382
2.588,423.2784003342007,423.2784003342007,846.5568006684014
2.589,423.4634829106549,423.4634829106549,846.9269658213098
2.59,423.6957912315196,423.6957912315196,847.3915824630392
2.591,423.96059569063993,423.96059569063993,847.9211913812799
2.592,424.23775821817696,424.23775821817696,848.4755164363539
2.593,424.5035990994214,424.5035990994214,849.0071981988428
2.594,424.7332106680606,424.7332106680606,849.4664213361212
2.595,424.9029733451564,424.9029733451564,849.8059466903128
2.596,424.9930049518223,424.9930049518223,849.9860099036446
2.597,424.98927906095497,424.98927906095497,849.9785581219099
2.598,424.88518192497406,424.88518192497406,849.7703638499481
2.599,424.6823365921282,424.6823365921282,849.3646731842564
2.6,424.39060078658395,424.39060078658395,848.7812015731679
2.601,424.027233477826,424.027233477826,848.054466955652
2.602,423.6153141549747,423.6153141549747,847.2306283099495
2.603,423.1815789157276,423.1815789157276,846.3631578314552
2.604,422.7538998248289,422.7538998248289,845.5077996496578
2.605,422.35867178562535,422.35867178562535,844.7173435712507
2.606,422.01838028648734,422.01838028648734,844.0367605729747
2.607,421.7496028633153,421.7496028633153,843.4992057266306
2.608,421.56164924277283,421.56164924277283,843.1232984855457
2.609,421.4559751796488,421.4559751796488,842.9119503592976
2.61,421.4264206733827,421.4264206733827,842.8528413467654
2.611,421.4602338085943,421.4602338085943,842.9204676171886
2.612,421.53975672498007,421.53975672498007,843.0795134499601
2.613,421.64457946247944,421.64457946247944,843.2891589249589
2.614,421.7539183732375,421.7539183732375,843.507836746475
2.615,421.84895376416057,421.84895376416057,843.6979075283211
2.616,421.91486876702197,421.91486876702197,843.8297375340439
2.617,421.94236721994037,421.94236721994037,843.8847344398807
2.618,421.9285085394436,421.9285085394436,843.8570170788872
2.619,421.87677543265374,421.87677543265374,843.7535508653075
2.62,421.796377168239,421.796377168239,843.592754336478
2.621,421.70087733393655,421.70087733393655,843.4017546678731
2.622,421.60631098422954,421.60631098422954,843.2126219684591
2.623,421.5290133941408,421.5290133941408,843.0580267882816
2.624,421.48341492895986,421.48341492895986,842.9668298579197
2.625,421.48006023686713,421.48006023686713,842.9601204737343
2.626,421.52408466584524,421.52408466584524,843.0481693316905
2.6270000000000002,421.6143293088046,421.6143293088046,843.2286586176092
2.628,421.7432041085303,421.7432041085303,843.4864082170606
2.629,421.89732399826414,421.89732399826414,843.7946479965283
2.63,422.05885549701856,422.05885549701856,844.1177109940371
2.6310000000000002,422.2074302576686,422.2074302576686,844.4148605153372
2.632,422.32241679450084,422.32241679450084,844.6448335890017
2.633,422.3852992894564,422.3852992894564,844.7705985789128
2.634,422.38189775946233,422.38189775946233,844.7637955189247
2.6350000000000002,422.3041786710024,422.3041786710024,844.6083573420048
2.636,422.1514477737619,422.1514477737619,844.3028955475238
2.637,421.93078287187234,421.93078287187234,843.8615657437447
2.638,421.65664626243404,421.65664626243404,843.3132925248681
2.6390000000000002,421.34970566542637,421.34970566542637,842.6994113308527
2.64,421.0349788693282,421.0349788693282,842.0699577386564
2.641,420.7394915255346,420.7394915255346,841.4789830510692
2.642,420.4896913713888,420.4896913713888,840.9793827427776
2.6430000000000002,420.3088897029407,420.3088897029407,840.6177794058814
2.644,420.21499909390195,420.21499909390195,840.4299981878039
2.645,420.21880532734804,420.21880532734804,840.4376106546961
2.646,420.3229546370812,420.3229546370812,840.6459092741624
2.6470000000000002,420.52176084742564,420.52176084742564,841.0435216948513
2.648,420.8018492090297,420.8018492090297,841.6036984180594
2.649,421.14356424502466,421.14356424502466,842.2871284900493
2.65,421.522987518683,421.522987518683,843.045975037366
2.6510000000000002,421.9143467892196,421.9143467892196,843.8286935784392
2.652,422.29255754617105,422.29255754617105,844.5851150923421
2.653,422.6356257756933,422.6356257756933,845.2712515513866
2.654,422.92665826736976,422.92665826736976,845.8533165347395
2.6550000000000002,423.1552718181585,423.1552718181585,846.310543636317
2.656,423.3182603016181,423.3182603016181,846.6365206032362
2.657,423.41946124331747,423.41946124331747,846.8389224866349
2.658,423.46885213115087,423.46885213115087,846.9377042623017
2.6590000000000003,423.48099141167876,423.48099141167876,846.9619828233575
2.66,423.4729906448241,423.4729906448241,846.9459812896482
2.661,423.4622547475758,423.4622547475758,846.9245094951516
2.662,423.46425113123365,423.46425113123365,846.9285022624673
2.6630000000000003,423.49056325225035,423.49056325225035,846.9811265045007
2.664,423.54745030938096,423.54745030938096,847.0949006187619
2.665,423.63507633976,423.63507633976,847.27015267952
2.666,423.747495335304,423.747495335304,847.494990670608
2.6670000000000003,423.87339276697105,423.87339276697105,847.7467855339421
2.668,423.9974976771007,423.9974976771007,847.9949953542014
2.669,424.1025028860424,424.1025028860424,848.2050057720847
2.67,424.1712723999878,424.1712723999878,848.3425447999756
2.6710000000000003,424.18908133327056,424.18908133327056,848.3781626665411
2.672,424.14562836764514,424.14562836764514,848.2912567352903
2.673,424.0365846054841,424.0365846054841,848.0731692109682
2.674,423.8644930478993,423.8644930478993,847.7289860957986
2.6750000000000003,423.6389043127499,423.6389043127499,847.2778086254998
2.676,423.37571873639007,423.37571873639007,846.7514374727801
2.677,423.0957933437537,423.0957933437537,846.1915866875074
2.678,422.8229545524831,422.8229545524831,845.6459091049662
2.6790000000000003,422.5816247669936,422.5816247669936,845.1632495339873
2.68,422.3943157352316,422.3943157352316,844.7886314704632
2.681,422.27925867819044,422.27925867819044,844.5585173563809
2.682,422.2484287846945,422.2484287846945,844.496857569389
2.6830000000000003,422.3061809679118,422.3061809679118,844.6123619358236
2.684,422.44864919609364,422.44864919609364,844.8972983921873
2.685,422.66398026208054,422.66398026208054,845.3279605241611
2.686,422.9333834302315,422.9333834302315,845.866766860463
2.6870000000000003,423.2328897672164,423.2328897672164,846.4657795344328
2.688,423.53563870712793,423.53563870712793,847.0712774142559
2.689,423.81445286122926,423.81445286122926,847.6289057224585
2.69,424.04443143770885,424.04443143770885,848.0888628754177
2.691,424.20529122660764,424.20529122660764,848.4105824532153
2.692,424.28321206246926,424.28321206246926,848.5664241249385
2.693,424.27199791452034,424.27199791452034,848.5439958290407
2.694,424.1734393037125,424.1734393037125,848.346878607425
2.695,423.99684941793333,423.99684941793333,847.9936988358667
2.696,423.7578355811671,423.7578355811671,847.5156711623342
2.697,423.4764498464253,423.4764498464253,846.9528996928506
2.698,423.1749284466061,423.1749284466061,846.3498568932122
2.699,422.8752724641717,422.8752724641717,845.7505449283434
2.7,422.5969367626973,422.5969367626973,845.1938735253946
2.701,422.35487943987096,422.35487943987096,844.7097588797419
2.702,422.1581815414584,422.1581815414584,844.3163630829168
2.703,422.0093813042211,422.0093813042211,844.0187626084422
2.704,421.90458608289316,421.90458608289316,843.8091721657863
2.705,421.8343373879127,421.8343373879127,843.6686747758254
2.706,421.7851198599524,421.7851198599524,843.5702397199047
2.707,421.7413329183065,421.7413329183065,843.482665836613
2.708,421.68749223056267,421.68749223056267,843.3749844611253
2.709,421.6104027700305,421.6104027700305,843.220805540061
2.71,421.50104885566964,421.50104885566964,843.0020977113393
2.711,421.35597878966684,421.35597878966684,842.7119575793337
2.712,421.1780189322016,421.1780189322016,842.3560378644032
2.713,420.9762279190136,420.9762279190136,841.9524558380272
2.714,420.7650878021431,420.7650878021431,841.5301756042862
2.715,420.56301560631243,420.56301560631243,841.1260312126249
2.716,420.3903564913959,420.3903564913959,840.7807129827918
2.717,420.26707973131283,420.26707973131283,840.5341594626257
2.718,420.2104343436368,420.2104343436368,840.4208686872736
2.719,420.2328284050005,420.2328284050005,840.465656810001
2.72,420.3401739757592,420.3401739757592,840.6803479515185
2.721,420.53089048360823,420.53089048360823,841.0617809672165
2.722,420.79568871348226,420.79568871348226,841.5913774269645
2.723,421.11817295146784,421.11817295146784,842.2363459029357
2.724,421.47620961247725,421.47620961247725,842.9524192249545
2.725,421.8439266498184,421.8439266498184,843.6878532996368
2.726,422.19413845012315,422.19413845012315,844.3882769002463
2.727,422.5009434360973,422.5009434360973,845.0018868721946
2.728,422.74222148851163,422.74222148851163,845.4844429770233
2.729,422.90176781311743,422.90176781311743,845.8035356262349
2.73,422.97083802223796,422.97083802223796,845.9416760444759
2.731,422.948941836119,422.948941836119,845.897883672238
2.732,422.84380310828277,422.84380310828277,845.6876062165655
2.733,422.6704930758782,422.6704930758782,845.3409861517564
2.734,422.44983208904597,422.44983208904597,844.8996641780919
2.735,422.20623293721104,422.20623293721104,844.4124658744221
2.736,421.9652177757581,421.9652177757581,843.9304355515162
2.737,421.7508741636086,421.7508741636086,843.5017483272172
2.738,421.58352024225013,421.58352024225013,843.1670404845003
2.739,421.4778241978131,421.4778241978131,842.9556483956262
2.74,421.44157165833127,421.44157165833127,842.8831433166625
2.741,421.4752023153458,421.4752023153458,842.9504046306917
2.742,421.572151834736,421.572151834736,843.144303669472
2.743,421.7199464487667,421.7199464487667,843.4398928975334
2.744,421.90191527448985,421.90191527448985,843.8038305489797
2.745,422.0993184415364,422.0993184415364,844.1986368830728
2.746,422.2936448795955,422.2936448795955,844.587289759191
2.747,422.46881693431504,422.46881693431504,844.9376338686301
2.748,422.6130516192707,422.6130516192707,845.2261032385414
2.749,422.7201687950447,422.7201687950447,845.4403375900894
2.75,422.7902003387631,422.7902003387631,845.5804006775262
2.751,422.8292342990149,422.8292342990149,845.6584685980298
2.7520000000000002,422.848515207883,422.848515207883,845.697030415766
2.753,422.8629064319311,422.8629064319311,845.7258128638622
2.754,422.8888932520557,422.8888932520557,845.7777865041114
2.755,422.9423581531895,422.9423581531895,845.884716306379
2.7560000000000002,423.0363866822753,423.0363866822753,846.0727733645506
2.757,423.1793601713083,423.1793601713083,846.3587203426166
2.758,423.3735608031373,423.3735608031373,846.7471216062746
2.759,423.61445829126944,423.61445829126944,847.2289165825389
2.7600000000000002,423.89077203918504,423.89077203918504,847.7815440783701
2.761,424.1853163634781,424.1853163634781,848.3706327269562
2.762,424.4765487499246,424.4765487499246,848.9530974998492
2.763,424.74066186810967,424.74066186810967,849.4813237362193
2.7640000000000002,424.9539979968213,424.9539979968213,849.9079959936425
2.765,425.0955265274117,425.0955265274117,850.1910530548234
2.766,425.1491155887694,425.1491155887694,850.2982311775388
2.767,425.10534872886404,425.10534872886404,850.2106974577281
2.7680000000000002,424.9626848975539,424.9626848975539,849.9253697951078
2.769,424.72782958483987,424.72782958483987,849.4556591696797
2.77,424.4152692983745,424.4152692983745,848.830538596749
2.771,424.0460114056337,424.0460114056337,848.0920228112674
2.7720000000000002,423.64565689541183,423.64565689541183,847.2913137908237
2.773,423.2420054702945,423.2420054702945,846.484010940589
2.774,422.86244270069614,422.86244270069614,845.7248854013923
2.775,422.53138224572666,422.53138224572666,845.0627644914533
2.7760000000000002,422.2680298356405,422.2680298356405,844.536059671281
2.777,422.08470051871393,422.08470051871393,844.1694010374279
2.778,421.9858604725746,421.9858604725746,843.9717209451492
2.779,421.9679860770947,421.9679860770947,843.9359721541894
2.7800000000000002,422.0202445659236,422.0202445659236,844.0404891318472
2.781,422.12591210240885,422.12591210240885,844.2518242048177
2.782,422.2643662455474,422.2643662455474,844.5287324910948
2.783,422.41342909675706,422.41342909675706,844.8268581935141
2.7840000000000003,422.5518015471255,422.5518015471255,845.103603094251
2.785,422.6613218358182,422.6613218358182,845.3226436716365
2.786,422.72880377978396,422.72880377978396,845.4576075595679
2.787,422.7472590035267,422.7472590035267,845.4945180070534
2.7880000000000003,422.7163777941402,422.7163777941402,845.4327555882804
2.789,422.6422269962725,422.6422269962725,845.284453992545
2.79,422.5362113330093,422.5362113330093,845.0724226660186
2.791,422.41342693353636,422.41342693353636,844.8268538670727
2.7920000000000003,422.29060353955066,422.29060353955066,844.5812070791013
2.793,422.18387736153943,422.18387736153943,844.3677547230789
2.794,422.1066548406301,422.1066548406301,844.2133096812602
2.795,422.06781663894486,422.06781663894486,844.1356332778897
2.7960000000000003,422.0704722686021,422.0704722686021,844.1409445372042
2.797,422.1114132166321,422.1114132166321,844.2228264332642
2.798,422.181333192346,422.181333192346,844.362666384692
2.799,422.2657970295727,422.2657970295727,844.5315940591454
2.8000000000000003,422.34685451062785,422.34685451062785,844.6937090212557
2.801,422.40512143943766,422.40512143943766,844.8102428788753
2.802,422.422095930352,422.422095930352,844.844191860704
2.803,422.3824491906508,422.3824491906508,844.7648983813016
2.8040000000000003,422.2760303182546,422.2760303182546,844.5520606365092
2.805,422.0993538744467,422.0993538744467,844.1987077488934
2.806,421.85639408027697,421.85639408027697,843.7127881605539
2.807,421.55858441751695,421.55858441751695,843.1171688350339
2.8080000000000003,421.22400798048517,421.22400798048517,842.4480159609703
2.809,420.8758526143731,420.8758526143731,841.7517052287462
2.81,420.54028592765906,420.54028592765906,841.0805718553181
2.811,420.2439697435303,420.2439697435303,840.4879394870605
2.8120000000000003,420.011474330267,420.011474330267,840.022948660534
2.813,419.8628652917979,419.8628652917979,839.7257305835958
2.814,419.8117188728255,419.8117188728255,839.623437745651
2.815,419.86377646088,419.86377646088,839.72755292176
2.816,420.0163811316035,420.0163811316035,840.032762263207
2.817,420.25875558751704,420.25875558751704,840.5175111750341
2.818,420.57309089777095,420.57309089777095,841.1461817955419
2.819,420.9363288777806,420.9363288777806,841.8726577555612
2.82,421.32244720189635,421.32244720189635,842.6448944037927
2.821,421.70500345729454,421.70500345729454,843.4100069145891
2.822,422.05966806708994,422.05966806708994,844.1193361341799
2.823,422.3664791549371,422.3664791549371,844.7329583098742
2.824,422.61158457916036,422.61158457916036,845.2231691583207
2.825,422.78829393408813,422.78829393408813,845.5765878681763
2.826,422.89733991588867,422.89733991588867,845.7946798317773
2.827,422.9463356150069,422.9463356150069,845.8926712300138
2.828,422.9485024156685,422.9485024156685,845.897004831337
2.829,422.9208225563883,422.9208225563883,845.8416451127766
2.83,422.8818323175818,422.8818323175818,845.7636646351637
2.831,422.84930947890984,422.84930947890984,845.6986189578197
2.832,422.8381180428335,422.8381180428335,845.676236085667
2.833,422.85845330066945,422.85845330066945,845.7169066013389
2.834,422.91468340964906,422.91468340964906,845.8293668192981
2.835,423.00491502309796,423.00491502309796,846.0098300461959
2.836,423.1213278379656,423.1213278379656,846.2426556759312
2.837,423.25123541079387,423.25123541079387,846.5024708215877
2.838,423.37874699036627,423.37874699036627,846.7574939807325
2.839,423.4868366195432,423.4868366195432,846.9736732390865
2.84,423.5595790009081,423.5595790009081,847.1191580018162
2.841,423.58429182137377,423.58429182137377,847.1685836427475
2.842,423.5533336220875,423.5533336220875,847.106667244175
2.843,423.4653438780467,423.4653438780467,846.9306877560934
2.844,423.3257735864919,423.3257735864919,846.6515471729838
2.845,423.1466335525968,423.1466335525968,846.2932671051936
2.846,422.94547498228,422.94547498228,845.89094996456
2.847,422.7437032637571,422.7437032637571,845.4874065275142
2.848,422.5644013711206,422.5644013711206,845.1288027422412
2.849,422.4298957522907,422.4298957522907,844.8597915045814
2.85,422.3593285649383,422.3593285649383,844.7186571298766
2.851,422.3665021877157,422.3665021877157,844.7330043754314
2.852,422.4582347363484,422.4582347363484,844.9164694726968
2.853,422.63341175561544,422.63341175561544,845.2668235112309
2.854,422.8828451480724,422.8828451480724,845.7656902961448
2.855,423.1899638186911,423.1899638186911,846.3799276373823
2.856,423.5322709246852,423.5322709246852,847.0645418493704
2.857,423.8834198274434,423.8834198274434,847.7668396548868
2.858,424.2156939180854,424.2156939180854,848.4313878361708
2.859,424.5026317646387,424.5026317646387,849.0052635292774
2.86,424.7215233003757,424.7215233003757,849.4430466007514
2.861,424.85551676319125,424.85551676319125,849.7110335263825
2.862,424.8951182696978,424.8951182696978,849.7902365393956
2.863,424.8389316395384,424.8389316395384,849.6778632790767
2.864,424.6935681690223,424.6935681690223,849.3871363380446
2.865,424.4727454947491,424.4727454947491,848.9454909894982
2.866,424.1956816958325,424.1956816958325,848.391363391665
2.867,423.884965845719,423.884965845719,847.769931691438
2.868,423.56414115520874,423.56414115520874,847.1282823104175
2.869,423.25526568624605,423.25526568624605,846.5105313724921
2.87,422.9767152799077,422.9767152799077,845.9534305598154
2.871,422.74146396604175,422.74146396604175,845.4829279320835
2.872,422.55602203815,422.55602203815,845.1120440763
2.873,422.420137344171,422.420137344171,844.840274688342
2.874,422.327279465485,422.327279465485,844.65455893097
2.875,422.26583886286977,422.26583886286977,844.5316777257395
2.876,422.2208934628746,422.2208934628746,844.4417869257492
2.8770000000000002,422.1763323464878,422.1763323464878,844.3526646929756
2.878,422.11708711915685,422.11708711915685,844.2341742383137
2.879,422.03121048692907,422.03121048692907,844.0624209738581
2.88,421.9115597282743,421.9115597282743,843.8231194565486
2.8810000000000002,421.75688808611045,421.75688808611045,843.5137761722209
2.882,421.5722145487821,421.5722145487821,843.1444290975642
2.883,421.36842452970376,421.36842452970376,842.7368490594075
2.884,421.1611414599198,421.1611414599198,842.3222829198396
2.8850000000000002,420.9689925324561,420.9689925324561,841.9379850649123
2.886,420.8114615059631,420.8114615059631,841.6229230119262
2.887,420.7065698055198,420.7065698055198,841.4131396110396
2.888,420.66864872386253,420.66864872386253,841.3372974477251
2.8890000000000002,420.70645785734615,420.70645785734615,841.4129157146923
2.89,420.8218687711405,420.8218687711405,841.643737542281
2.891,421.0092721925139,421.0092721925139,842.0185443850278
2.892,421.2557884167548,421.2557884167548,842.5115768335096
2.8930000000000002,421.54227270671925,421.54227270671925,843.0845454134385
2.894,421.8450199454308,421.8450199454308,843.6900398908616
2.895,422.13799530898507,422.13799530898507,844.2759906179701
2.896,422.3953588238898,422.3953588238898,844.7907176477796
2.8970000000000002,422.5940178864441,422.5940178864441,845.1880357728882
2.898,422.71593692617927,422.71593692617927,845.4318738523585
2.899,422.7499579940591,422.7499579940591,845.4999159881182
2.9,422.69293751254224,422.69293751254224,845.3858750250845
2.9010000000000002,422.5500771505252,422.5500771505252,845.1001543010505
2.902,422.33441285497844,422.33441285497844,844.6688257099569
2.903,422.0655160886237,422.0655160886237,844.1310321772474
2.904,421.76754546030617,421.76754546030617,843.5350909206123
2.9050000000000002,421.46685600848485,421.46685600848485,842.9337120169697
2.906,421.1894198803699,421.1894198803699,842.3788397607398
2.907,420.9583309938127,420.9583309938127,841.9166619876254
2.908,420.7916554662113,420.7916554662113,841.5833109324226
2.9090000000000003,420.7008503897638,420.7008503897638,841.4017007795276
2.91,420.6899102867943,420.6899102867943,841.3798205735886
2.911,420.7553202876658,420.7553202876658,841.5106405753316
2.912,420.886806593681,420.886806593681,841.773613187362
2.9130000000000003,421.0687878597672,421.0687878597672,842.1375757195344
2.914,421.2823553090633,421.2823553090633,842.5647106181266
2.915,421.5075529848902,421.5075529848902,843.0151059697804
2.916,421.72569870996415,421.72569870996415,843.4513974199283
2.9170000000000003,421.9214843804563,421.9214843804563,843.8429687609126
2.918,422.084621299605,422.084621299605,844.16924259921
2.919,422.21084927090465,422.21084927090465,844.4216985418093
2.92,422.3022011791992,422.3022011791992,844.6044023583984
2.9210000000000003,422.3664996390993,422.3664996390993,844.7329992781986
2.922,422.41614953111144,422.41614953111144,844.8322990622229
2.923,422.46637016689635,422.46637016689635,844.9327403337927
2.924,422.5330745333686,422.5330745333686,845.0661490667372
2.9250000000000003,422.63064346861717,422.63064346861717,845.2612869372343
2.926,422.7698552135203,422.7698552135203,845.5397104270406
2.927,422.9562141379771,422.9562141379771,845.9124282759542
2.928,423.18887837842084,423.18887837842084,846.3777567568417
2.9290000000000003,423.4603195043813,423.4603195043813,846.9206390087626
2.93,423.7567655229218,423.7567655229218,847.5135310458436
2.931,424.0593905903284,424.0593905903284,848.1187811806568
2.932,424.34613048240044,424.34613048240044,848.6922609648009
2.9330000000000003,424.5939315451854,424.5939315451854,849.1878630903708
2.934,424.7811904537556,424.7811904537556,849.5623809075112
2.935,424.8901182949273,424.8901182949273,849.7802365898546
2.936,424.9087679825181,424.9087679825181,849.8175359650362
2.9370000000000003,424.83249830378406,424.83249830378406,849.6649966075681
2.938,424.6647072995747,424.6647072995747,849.3294145991493
2.939,424.41674574143826,424.41674574143826,848.8334914828765
2.94,424.10700966455835,424.10700966455835,848.2140193291167
2.9410000000000003,423.7592995962547,423.7592995962547,847.5185991925094
2.942,423.40061356967857,423.40061356967857,846.8012271393571
2.943,423.05860251805933,423.05860251805933,846.1172050361187
2.944,422.75895345540454,422.75895345540454,845.5179069108091
2.945,422.52297391946485,422.52297391946485,845.0459478389297
2.946,422.3656295879125,422.3656295879125,844.731259175825
2.947,422.29423813488944,422.29423813488944,844.5884762697789
2.948,422.3079516192201,422.3079516192201,844.6159032384402
2.949,422.3980747371859,422.3980747371859,844.7961494743718
2.95,422.5491764313735,422.5491764313735,845.098352862747
2.951,422.74086744907794,422.74086744907794,845.4817348981559
2.952,422.95004576139416,422.95004576139416,845.9000915227883
2.953,423.15336298630774,423.15336298630774,846.3067259726155
2.954,423.3296433854324,423.3296433854324,846.6592867708648
2.955,423.46199490615254,423.46199490615254,846.9239898123051
2.956,423.53938815414676,423.53938815414676,847.0787763082935
2.957,423.55754000427794,423.55754000427794,847.1150800085559
2.958,423.5190170079906,423.5190170079906,847.0380340159812
2.959,423.432561119224,423.432561119224,846.865122238448
2.96,423.31172685741063,423.31172685741063,846.6234537148213
2.961,423.1729952759683,423.1729952759683,846.3459905519366
2.962,423.0335875875091,423.0335875875091,846.0671751750182
2.963,422.90923368064347,422.90923368064347,845.8184673612869
2.964,422.8121545017825,422.8121545017825,845.624309003565
2.965,422.749491999228,422.749491999228,845.498983998456
2.966,422.7223688821941,422.7223688821941,845.4447377643882
2.967,422.72568858013204,422.72568858013204,845.4513771602641
2.968,422.7487015072591,422.7487015072591,845.4974030145182
2.969,422.7762764303104,422.7762764303104,845.5525528606208
2.97,422.79073512993233,422.79073512993233,845.5814702598647
2.971,422.77404362648184,422.77404362648184,845.5480872529637
2.972,422.7101112661341,422.7101112661341,845.4202225322682
2.973,422.58693465452257,422.58693465452257,845.1738693090451
2.974,422.3983384446057,422.3983384446057,844.7966768892114
2.975,422.14510774947195,422.14510774947195,844.2902154989439
2.976,421.8353728022626,421.8353728022626,843.6707456045252
2.977,421.48418820530856,421.48418820530856,842.9683764106171
2.978,421.11233771262687,421.11233771262687,842.2246754252537
2.979,420.7444812106952,420.7444812106952,841.4889624213904
2.98,420.4068339377881,420.4068339377881,840.8136678755762
2.981,420.12462089150324,420.12462089150324,840.2492417830065
2.982,419.91957593675386,419.91957593675386,839.8391518735077
2.983,419.8077523520075,419.8077523520075,839.615504704015
2.984,419.7978796714494,419.7978796714494,839.5957593428988
2.985,419.8904441257545,419.8904441257545,839.780888251509
2.986,420.07759300863825,420.07759300863825,840.1551860172765
2.987,420.34387529190934,420.34387529190934,840.6877505838187
2.988,420.6677413850295,420.6677413850295,841.335482770059
2.989,421.02364385192806,421.02364385192806,842.0472877038561
2.99,421.3845170091476,421.3845170091476,842.7690340182952
2.991,421.72437359887147,421.72437359887147,843.4487471977429
2.992,422.02074546883586,422.02074546883586,844.0414909376717
2.993,422.2567135837466,422.2567135837466,844.5134271674932
2.994,422.42231867039516,422.42231867039516,844.8446373407903
2.995,422.5152122671758,422.5152122671758,845.0304245343516
2.996,422.5404913519785,422.5404913519785,845.080982703957
2.997,422.5097488755881,422.5097488755881,845.0194977511762
2.998,422.4394576297393,422.4394576297393,844.8789152594786
2.999,422.3488765924251,422.3488765924251,844.6977531848502
3.0,422.25771937229257,422.25771937229257,844.5154387445851
3.001,422.1838481281094,422.1838481281094,844.3676962562188
3.0020000000000002,422.1412508352058,422.1412508352058,844.2825016704116
3.003,422.1385257094204,422.1385257094204,844.2770514188408
3.004,422.17803783483106,422.17803783483106,844.3560756696621
3.005,422.2558361539035,422.2558361539035,844.511672307807
3.0060000000000002,422.36233254305955,422.36233254305955,844.7246650861191
3.007,422.48365833540265,422.48365833540265,844.9673166708053
3.008,422.6035369703638,422.6035369703638,845.2070739407276
3.009,422.70545297277135,422.70545297277135,845.4109059455427
3.0100000000000002,422.77486369465646,422.77486369465646,845.5497273893129
3.011,422.8011949540924,422.8011949540924,845.6023899081848
3.012,422.77938548125474,422.77938548125474,845.5587709625095
3.013,422.71079531255805,422.71079531255805,845.4215906251161
3.0140000000000002,422.60336440313296,422.60336440313296,845.2067288062659
3.015,422.47099187739053,422.47099187739053,844.9419837547811
3.016,422.33219417579596,422.33219417579596,844.6643883515919
3.017,422.2081821303642,422.2081821303642,844.4163642607284
3.0180000000000002,422.12056361512924,422.12056361512924,844.2411272302585
3.019,422.088922436394,422.088922436394,844.177844872788
3.02,422.1285406015155,422.1285406015155,844.257081203031
3.021,422.2485181191579,422.2485181191579,844.4970362383158
3.0220000000000002,422.45050337207044,422.45050337207044,844.9010067441409
3.023,422.72818230445364,422.72818230445364,845.4563646089073
3.024,423.0675932377652,423.0675932377652,846.1351864755304
3.025,423.4482449729463,423.4482449729463,846.8964899458927
3.0260000000000002,423.84492871978307,423.84492871978307,847.6898574395661
3.027,424.23003887161815,424.23003887161815,848.4600777432363
3.028,424.5761620098871,424.5761620098871,849.1523240197743
3.029,424.8586638962855,424.8586638962855,849.717327792571
3.0300000000000002,425.0580038592525,425.0580038592525,850.116007718505
3.031,425.1615349640452,425.1615349640452,850.3230699280904
3.032,425.1646035127077,425.1646035127077,850.3292070254154
3.033,425.07083672215407,425.07083672215407,850.1416734443081
3.0340000000000003,424.89159463869777,424.89159463869777,849.7831892773955
3.035,424.6446519277903,424.6446519277903,849.2893038555806
3.036,424.35225733861614,424.35225733861614,848.7045146772323
3.037,424.0387844191713,424.0387844191713,848.0775688383426
3.0380000000000003,423.7282292931356,423.7282292931356,847.4564585862712
3.039,423.4418254455178,423.4418254455178,846.8836508910356
3.04,423.19603003509496,423.19603003509496,846.3920600701899
3.041,423.00109304687635,423.00109304687635,846.0021860937527
3.0420000000000003,422.86035445903,422.86035445903,845.72070891806
3.043,422.7703328842031,422.7703328842031,845.5406657684063
3.044,422.72158091589625,422.72158091589625,845.4431618317925
3.045,422.70019742917793,422.70019742917793,845.4003948583559
3.0460000000000003,422.6898147381032,422.6898147381032,845.3796294762064
3.047,422.6738267745067,422.6738267745067,845.3476535490134
3.048,422.63759900799744,422.63759900799744,845.2751980159949
3.049,422.5704044414131,422.5704044414131,845.1408088828261
3.0500000000000003,422.46686223524046,422.46686223524046,844.9337244704809
3.051,422.3277127152445,422.3277127152445,844.655425430489
3.052,422.1598383096523,422.1598383096523,844.3196766193046
3.053,421.9755258963446,421.9755258963446,843.9510517926892
3.0540000000000003,421.7910525429933,421.7910525429933,843.5821050859867
3.055,421.62475405525606,421.62475405525606,843.2495081105121
3.056,421.49479547265736,421.49479547265736,842.9895909453147
3.057,421.4168979886273,421.4168979886273,842.8337959772546
3.0580000000000003,421.4022837375736,421.4022837375736,842.8045674751472
3.059,421.4560776445526,421.4560776445526,842.9121552891052
3.06,421.5763564638777,421.5763564638777,843.1527129277554
3.061,421.753964607109,421.753964607109,843.507929214218
3.0620000000000003,421.97313212689306,421.97313212689306,843.9462642537861
3.063,422.2128415594815,422.2128415594815,844.425683118963
3.064,422.44880702079473,422.44880702079473,844.8976140415895
3.065,422.65586021145884,422.65586021145884,845.3117204229177
3.0660000000000003,422.81049143880324,422.81049143880324,845.6209828776065
3.067,422.89327460016267,422.89327460016267,845.7865492003253
3.068,422.89091547757135,422.89091547757135,845.7818309551427
3.069,422.79770160485333,422.79770160485333,845.5954032097067
3.0700000000000003,422.6161951846892,422.6161951846892,845.2323903693784
3.071,422.35709118059077,422.35709118059077,844.7141823611815
3.072,422.0382519914261,422.0382519914261,844.0765039828522
3.073,421.6830182848534,421.6830182848534,843.3660365697068
3.074,421.31797298920935,421.31797298920935,842.6359459784187
3.075,420.9703936664739,420.9703936664739,841.9407873329478
3.076,420.66566116361395,420.66566116361395,841.3313223272279
3.077,420.42489602164335,420.42489602164335,840.8497920432867
3.078,420.2630682596,420.2630682596,840.5261365192
3.079,420.18777372287934,420.18777372287934,840.3755474457587
3.08,420.19879698216164,420.19879698216164,840.3975939643233
3.081,420.28849485351896,420.28849485351896,840.5769897070379
3.082,420.4429454291051,420.4429454291051,840.8858908582102
3.083,420.6437248510786,420.6437248510786,841.2874497021572
3.084,420.8701069840021,420.8701069840021,841.7402139680042
3.085,421.10143696622725,421.10143696622725,842.2028739324545
3.086,421.31941313541006,421.31941313541006,842.6388262708201
3.087,421.51002475240296,421.51002475240296,843.0200495048059
3.088,421.66493376781267,421.66493376781267,843.3298675356253
3.089,421.78215298576845,421.78215298576845,843.5643059715369
3.09,421.8659532127931,421.8659532127931,843.7319064255862
3.091,421.9260193963921,421.9260193963921,843.8520387927842
3.092,421.975960634828,421.975960634828,843.951921269656
3.093,422.03135184494937,422.03135184494937,844.0627036898987
3.094,422.1075377116201,422.1075377116201,844.2150754232403
3.095,422.21745644222193,422.21745644222193,844.4349128844439
3.096,422.36973882273685,422.36973882273685,844.7394776454737
3.097,422.5673073363041,422.5673073363041,845.1346146726082
3.098,422.8066440637242,422.8066440637242,845.6132881274484
3.099,423.07782094975425,423.07782094975425,846.1556418995085
3.1,423.36530012351005,423.36530012351005,846.7306002470201
3.101,423.64942484202453,423.64942484202453,847.2988496840491
3.102,423.9084429671383,423.9084429671383,847.8168859342766
3.103,424.1208434488776,424.1208434488776,848.2416868977552
3.104,424.267748942805,424.267748942805,848.53549788561
3.105,424.33509865119936,424.33509865119936,848.6701973023987
3.106,424.3153758437746,424.3153758437746,848.6307516875492
3.107,424.20868213292596,424.20868213292596,848.4173642658519
3.108,424.0230302894491,424.0230302894491,848.0460605788982
3.109,423.7738115799753,423.7738115799753,847.5476231599506
3.11,423.482483070317,423.482483070317,846.964966140634
3.111,423.1746052574778,423.1746052574778,846.3492105149556
3.112,422.8774314401606,422.8774314401606,845.7548628803212
3.113,422.6172995983236,422.6172995983236,845.2345991966472
3.114,422.4170997852184,422.4170997852184,844.8341995704368
3.115,422.2940826723247,422.2940826723247,844.5881653446494
3.116,422.2582387067912,422.2582387067912,844.5164774135824
3.117,422.31141628206973,422.31141628206973,844.6228325641395
3.118,422.44726805383385,422.44726805383385,844.8945361076677
3.119,422.6520257191501,422.6520257191501,845.3040514383002
3.12,422.90601492416835,422.90601492416835,845.8120298483367
3.121,423.1857431566524,423.1857431566524,846.3714863133048
3.122,423.4663331076497,423.4663331076497,846.9326662152994
3.123,423.7240386112313,423.7240386112313,847.4480772224626
3.124,423.9385736987824,423.9385736987824,847.8771473975648
3.125,424.095008171119,424.095008171119,848.190016342238
3.126,424.18503279705374,424.18503279705374,848.3700655941075
3.1270000000000002,424.2074682427616,424.2074682427616,848.4149364855232
3.128,424.16797624091924,424.16797624091924,848.3359524818385
3.129,424.0780199784024,424.0780199784024,848.1560399568048
3.13,423.95320344196136,423.95320344196136,847.9064068839227
3.1310000000000002,423.8111873864408,423.8111873864408,847.6223747728816
3.132,423.6694252078695,423.6694252078695,847.338850415739
3.133,423.54298032006,423.54298032006,847.08596064012
3.134,423.4426756814944,423.4426756814944,846.8853513629888
3.1350000000000002,423.3737871748467,423.3737871748467,846.7475743496934
3.136,423.33542997948445,423.33542997948445,846.6708599589689
3.137,423.3207078867225,423.3207078867225,846.641415773445
3.138,423.3176085176931,423.3176085176931,846.6352170353862
3.1390000000000002,423.31054230678683,423.31054230678683,846.6210846135737
3.14,423.28234939283317,423.28234939283317,846.5646987856663
3.141,423.2165444401907,423.2165444401907,846.4330888803814
3.142,423.09954094855664,423.09954094855664,846.1990818971133
3.1430000000000002,422.92259701972625,422.92259701972625,845.8451940394525
3.144,422.6832538508449,422.6832538508449,845.3665077016898
3.145,422.38609323454233,422.38609323454233,844.7721864690847
3.146,422.0427150322882,422.0427150322882,844.0854300645764
3.1470000000000002,421.6709217260956,421.6709217260956,843.3418434521913
3.148,421.2931852416437,421.2931852416437,842.5863704832874
3.149,420.93455153602565,420.93455153602565,841.8691030720513
3.15,420.6202020601362,420.6202020601362,841.2404041202724
3.1510000000000002,420.0391402796335,420.0391402796335,840.078280559267
3.152,419.5432483953196,419.5432483953196,839.0864967906392
3.153,419.1439972806112,419.1439972806112,838.2879945612224
3.154,418.8449863061392,418.8449863061392,837.6899726122784
3.1550000000000002,418.6414771395726,418.6414771395726,837.2829542791452
3.156,418.5207672047778,418.5207672047778,837.0415344095557
3.157,418.4633677960915,418.4633677960915,836.926735592183
3.158,418.44486558401104,418.44486558401104,836.8897311680221
3.1590000000000003,418.4382730575502,418.4382730575502,836.8765461151004
3.16,418.4166213225707,418.4166213225707,836.8332426451414
3.161,418.35552330134374,418.35552330134374,836.7110466026875
3.162,418.2354395082118,418.2354395082118,836.4708790164236
3.1630000000000003,418.0434117245023,418.0434117245023,836.0868234490046
3.164,417.774088395447,417.774088395447,835.548176790894
3.165,417.4299429780018,417.4299429780018,834.8598859560036
3.166,417.0206742694224,417.0206742694224,834.0413485388448
3.1670000000000003,416.5618663014138,416.5618663014138,833.1237326028275
3.168,416.07306498550844,416.07306498550844,832.1461299710169
3.169,415.5754906352044,415.5754906352044,831.1509812704088
3.17,415.0896430215624,415.0896430215624,830.1792860431248
3.1710000000000003,414.63306469394007,414.63306469394007,829.2661293878801
3.172,414.2185080124488,414.2185080124488,828.4370160248976
3.173,413.8527040294207,413.8527040294207,827.7054080588414
3.174,413.5358623384247,413.5358623384247,827.0717246768494
3.1750000000000003,413.26194798511034,413.26194798511034,826.5238959702207
3.176,413.0196937448447,413.0196937448447,826.0393874896894
3.177,412.79422327260113,412.79422327260113,825.5884465452023
3.178,412.56909201180264,412.56909201180264,825.1381840236053
3.1790000000000003,412.32850592218074,412.32850592218074,824.6570118443615
3.18,412.0594582429776,412.0594582429776,824.1189164859552
3.181,411.75353384388495,411.75353384388495,823.5070676877699
3.182,411.40816819233595,411.40816819233595,822.8163363846719
3.1830000000000003,411.02720942100296,411.02720942100296,822.0544188420059
3.184,410.6207105908609,410.6207105908609,821.2414211817218
3.185,410.2039662825578,410.2039662825578,820.4079325651156
3.186,409.79589343908094,409.79589343908094,819.5917868781619
3.1870000000000003,409.41693137944617,409.41693137944617,818.8338627588923
3.188,409.08669174250224,409.08669174250224,818.1733834850045
3.189,408.8216195461291,408.8216195461291,817.6432390922582
3.19,408.63292810574774,408.63292810574774,817.2658562114955
3.1910000000000003,408.5250429785491,408.5250429785491,817.0500859570982
3.192,408.4947363363965,408.4947363363965,816.989472672793
3.193,408.5310590677352,408.5310590677352,817.0621181354704
3.194,408.6160915684774,408.6160915684774,817.2321831369547
3.1950000000000003,408.72644506875884,408.72644506875884,817.4528901375177
3.196,408.83536324353673,408.83536324353673,817.6707264870735
3.197,408.915207800844,408.915207800844,817.830415601688
3.198,408.94006901157167,408.94006901157167,817.8801380231433
3.1990000000000003,408.88822746437967,408.88822746437967,817.7764549287593
3.2,408.74420834875906,408.74420834875906,817.4884166975181
3.201,408.50021267982584,408.50021267982584,817.0004253596517
3.202,408.156776388782,408.156776388782,816.313552777564
3.203,407.7225908541665,407.7225908541665,815.445181708333
3.204,407.21350821237934,407.21350821237934,814.4270164247587
3.205,406.65084185588455,406.65084185588455,813.3016837117691
3.206,406.05914739950776,406.05914739950776,812.1182947990155
3.207,405.46372391089636,405.46372391089636,810.9274478217927
3.208,404.88810344432324,404.88810344432324,809.7762068886465
3.209,404.3517958628594,404.3517958628594,808.7035917257188
3.21,403.86852577967954,403.86852577967954,807.7370515593591
3.211,403.4451425894201,403.4451425894201,806.8902851788401
3.212,403.0813092101342,403.0813092101342,806.1626184202684
3.213,402.76998866388925,402.76998866388925,805.5399773277785
3.214,402.4986595489774,402.4986595489774,804.9973190979548
3.215,402.25111151492996,402.25111151492996,804.5022230298599
3.216,402.00960884347245,402.00960884347245,804.0192176869449
3.217,401.75717107939073,401.75717107939073,803.5143421587815
3.218,401.4797086132494,401.4797086132494,802.9594172264988
3.219,401.1677693455358,401.1677693455358,802.3355386910716
3.22,400.8176979709368,400.8176979709368,801.6353959418736
3.221,400.43207691633705,400.43207691633705,800.8641538326741
3.222,400.01940000836936,400.01940000836936,800.0388000167387
3.223,399.5930173896635,399.5930173896635,799.186034779327
3.224,399.16947330518525,399.16947330518525,798.3389466103705
3.225,398.76642788112594,398.76642788112594,797.5328557622519
3.226,398.40040216513586,398.40040216513586,796.8008043302717
3.227,398.0846070994991,398.0846070994991,796.1692141989982
3.228,397.82710933109115,397.82710933109115,795.6542186621823
3.229,397.6295506284341,397.6295506284341,795.2591012568682
3.23,397.48657712642853,397.48657712642853,794.9731542528571
3.231,397.3860563134634,397.3860563134634,794.7721126269269
3.232,397.3100722502179,397.3100722502179,794.6201445004358
3.233,397.23660262528443,397.23660262528443,794.4732052505689
3.234,397.1417045284304,397.1417045284304,794.2834090568608
3.235,397.0019777724819,397.0019777724819,794.0039555449638
3.236,396.7970416890778,396.7970416890778,793.5940833781556
3.237,396.51175727070336,396.51175727070336,793.0235145414067
3.238,396.13795186769414,396.13795186769414,792.2759037353883
3.239,395.675455675625,395.675455675625,791.35091135125
3.24,395.13233232649236,395.13233232649236,790.2646646529847
3.241,394.5242720651093,394.5242720651093,789.0485441302186
3.242,393.8732058414589,393.8732058414589,787.7464116829178
3.243,393.2052823586304,393.2052823586304,786.4105647172609
3.244,392.54841852962943,392.54841852962943,785.0968370592589
3.245,391.9296794341724,391.9296794341724,783.8593588683448
3.246,391.3727617445951,391.3727617445951,782.7455234891902
3.247,390.89584276910006,390.89584276910006,781.7916855382001
3.248,390.51001705899984,390.51001705899984,781.0200341179997
3.249,390.21847837427407,390.21847837427407,780.4369567485481
3.25,390.0165237516235,390.0165237516235,780.033047503247
3.251,389.8923673703851,389.8923673703851,779.7847347407702
3.2520000000000002,389.8286646292028,389.8286646292028,779.6573292584056
3.253,389.80457088634347,389.80457088634347,779.6091417726869
3.254,389.79810297457794,389.79810297457794,779.5962059491559
3.255,389.7885410006985,389.7885410006985,779.577082001397
3.2560000000000002,389.7586063584247,389.7586063584247,779.5172127168494
3.257,389.6961793972087,389.6961793972087,779.3923587944174
3.258,389.5953736660354,389.5953736660354,779.1907473320708
3.259,389.4568570995428,389.4568570995428,778.9137141990856
3.2600000000000002,389.2873957475322,389.2873957475322,778.5747914950643
3.261,389.09868319286585,389.09868319286585,778.1973663857317
3.262,388.90559893999114,388.90559893999114,777.8111978799823
3.263,388.7241029021968,388.7241029021968,777.4482058043936
3.2640000000000002,388.5690135991988,388.5690135991988,777.1380271983976
3.265,388.45193032129544,388.45193032129544,776.9038606425909
3.266,388.37954293428345,388.37954293428345,776.7590858685669
3.267,388.352529044187,388.352529044187,776.705058088374
3.2680000000000002,388.3651718023834,388.3651718023834,776.7303436047667
3.269,388.40575009511684,388.40575009511684,776.8115001902337
3.27,388.45766529078367,388.45766529078367,776.9153305815673
3.271,388.5011848546891,388.5011848546891,777.0023697093782
3.2720000000000002,388.51561232477803,388.51561232477803,777.0312246495561
3.273,388.4816432799942,388.4816432799942,776.9632865599884
3.274,388.3836436232866,388.3836436232866,776.7672872465732
3.275,388.21159241181687,388.21159241181687,776.4231848236337
3.2760000000000002,387.9624660381846,387.9624660381846,775.9249320763691
3.277,387.64090007001954,387.64090007001954,775.2818001400391
3.278,387.25904300197493,387.25904300197493,774.5180860039499
3.279,386.8356040272498,386.8356040272498,773.6712080544996
3.2800000000000002,386.39418505036497,386.39418505036497,772.7883701007299
3.281,385.9610658480808,385.9610658480808,771.9221316961616
3.282,385.5626718719337,385.5626718719337,771.1253437438673
3.283,385.2229899823711,385.2229899823711,770.4459799647422
3.2840000000000003,384.961204435203,384.961204435203,769.922408870406
3.285,384.7898028857808,384.7898028857808,769.5796057715615
3.286,384.71335246196895,384.71335246196895,769.4267049239379
3.287,384.7280744924342,384.7280744924342,769.4561489848684
3.2880000000000003,384.8222610586817,384.8222610586817,769.6445221173634
3.289,384.9774864952437,384.9774864952437,769.9549729904874
3.29,385.1704821255137,385.1704821255137,770.3409642510273
3.291,385.3754721483971,385.3754721483971,770.7509442967942
3.2920000000000003,385.56672034756394,385.56672034756394,771.1334406951279
3.293,385.7210164099614,385.7210164099614,771.4420328199228
3.294,385.8198393341301,385.8198393341301,771.6396786682602
3.295,385.8509726518911,385.8509726518911,771.7019453037822
3.2960000000000003,385.80940781469934,385.80940781469934,771.6188156293987
3.297,385.69745127065016,385.69745127065016,771.3949025413003
3.298,385.52403872423633,385.52403872423633,771.0480774484727
3.299,385.3033471216255,385.3033471216255,770.606694243251
3.3000000000000003,385.05287145195126,385.05287145195126,770.1057429039025
3.301,384.7911910886498,384.7911910886498,769.5823821772996
3.302,384.535682805874,384.535682805874,769.071365611748
3.303,384.3004412819896,384.3004412819896,768.6008825639792
3.3040000000000003,384.09464251563105,384.09464251563105,768.1892850312621
3.305,383.9215340159842,383.9215340159842,767.8430680319684
3.306,383.77816366844434,383.77816366844434,767.5563273368887
3.307,383.65587485378575,383.65587485378575,767.3117497075715
3.3080000000000003,383.54150811182416,383.54150811182416,767.0830162236483
3.309,383.4191691118634,383.4191691118634,766.8383382237269
3.31,383.27235789320497,383.27235789320497,766.5447157864099
3.311,383.0862124970422,383.0862124970422,766.1724249940844
3.3120000000000003,382.84960590973805,382.84960590973805,765.6992118194761
3.313,382.55685029770785,382.55685029770785,765.1137005954157
3.314,382.2088052134742,382.2088052134742,764.4176104269484
3.315,381.81325210273155,381.81325210273155,763.6265042054631
3.3160000000000003,381.3844788058359,381.3844788058359,762.7689576116718
3.317,380.9421058350738,380.9421058350738,761.8842116701476
3.318,380.5092712729776,380.5092712729776,761.0185425459553
3.319,380.1103637453102,380.1103637453102,760.2207274906204
3.3200000000000003,379.76854500231406,379.76854500231406,759.5370900046281
3.321,379.50332937195174,379.50332937195174,759.0066587439035
3.322,379.3284838036713,379.3284838036713,758.6569676073426
3.323,379.2504796970162,379.2504796970162,758.5009593940324
3.3240000000000003,379.2676696947535,379.2676696947535,758.535339389507
3.325,379.37028541474984,379.37028541474984,758.7405708294997
3.326,379.54126411786535,379.54126411786535,759.0825282357307
3.327,379.7578231744373,379.7578231744373,759.5156463488746
3.3280000000000003,379.9936206505199,379.9936206505199,759.9872413010398
3.329,380.22127720264353,380.22127720264353,760.4425544052871
3.33,380.41499565688116,380.41499565688116,760.8299913137623
3.331,380.55300439928055,380.55300439928055,761.1060087985611
3.332,380.6195701326195,380.6195701326195,761.239140265239
3.333,380.60637251675735,380.60637251675735,761.2127450335147
3.334,380.5131025461049,380.5131025461049,761.0262050922098
3.335,380.34723061758046,380.34723061758046,760.6944612351609
3.336,380.1229798837438,380.1229798837438,760.2459597674876
3.337,379.85962584990693,379.85962584990693,759.7192516998139
3.338,379.5793149261501,379.5793149261501,759.1586298523002
3.339,379.3046449612519,379.3046449612519,758.6092899225038
3.34,379.0562742119034,379.0562742119034,758.1125484238069
3.341,378.8508192521634,378.8508192521634,757.7016385043268
3.342,378.69926775908306,378.69926775908306,757.3985355181661
3.343,378.6060728275752,378.6060728275752,757.2121456551504
3.344,378.56901809623986,378.56901809623986,757.1380361924797
3.345,378.5798561160729,378.5798561160729,757.1597122321458
3.346,378.6256357084336,378.6256357084336,757.2512714168672
3.347,378.6905571468459,378.6905571468459,757.3811142936918
3.348,378.7581353740443,378.7581353740443,757.5162707480886
3.349,378.81341761120177,378.81341761120177,757.6268352224035
3.35,378.84499636053226,378.84499636053226,757.6899927210645
3.351,378.8465825142629,378.8465825142629,757.6931650285258
3.352,378.8179534078751,378.8179534078751,757.6359068157502
3.353,378.76516161000103,378.76516161000103,757.5303232200021
3.354,378.6999741304692,378.6999741304692,757.3999482609383
3.355,378.6385992184956,378.6385992184956,757.2771984369912
3.356,378.5998392755016,378.5998392755016,757.1996785510032
3.357,378.602874553236,378.602874553236,757.205749106472
3.358,378.6649258540156,378.6649258540156,757.3298517080312
3.359,378.7990604956229,378.7990604956229,757.5981209912458
3.36,379.01239248556374,379.01239248556374,758.0247849711275
3.361,379.30488655080717,379.30488655080717,758.6097731016143
3.362,379.668910869017,379.668910869017,759.337821738034
3.363,380.0896021299477,380.0896021299477,760.1792042598954
3.364,380.5460178312959,380.5460178312959,761.0920356625918
3.365,381.01296423697147,381.01296423697147,762.0259284739429
3.366,381.46331372264837,381.46331372264837,762.9266274452967
3.367,381.87057054874765,381.87057054874765,763.7411410974953
3.368,382.2114154903311,382.2114154903311,764.4228309806622
3.369,382.4679604141613,382.4679604141613,764.9359208283227
3.37,382.62947381046285,382.62947381046285,765.2589476209257
3.371,382.69339423309043,382.69339423309043,765.3867884661809
3.372,382.66552449002086,382.66552449002086,765.3310489800417
3.373,382.55938697866213,382.55938697866213,765.1187739573243
3.374,382.3948102186288,382.3948102186288,764.7896204372576
3.375,382.1958986093143,382.1958986093143,764.3917972186287
3.376,381.98860278760736,381.98860278760736,763.9772055752147
3.3770000000000002,381.79814956805023,381.79814956805023,763.5962991361005
3.378,381.6466038094413,381.6466038094413,763.2932076188825
3.379,381.55081826812307,381.55081826812307,763.1016365362461
3.38,381.52098342469077,381.52098342469077,763.0419668493815
3.3810000000000002,381.5599223124217,381.5599223124217,763.1198446248434
3.382,381.66319294391786,381.66319294391786,763.3263858878357
3.383,381.8199721271604,381.8199721271604,763.6399442543208
3.384,382.01460906777993,382.01460906777993,764.0292181355599
3.3850000000000002,382.2286645610009,382.2286645610009,764.4573291220019
3.386,382.44319974562285,382.44319974562285,764.8863994912457
3.387,382.6410529795083,382.6410529795083,765.2821059590166
3.388,382.8088471302111,382.8088471302111,765.6176942604222
3.3890000000000002,382.9385019591458,382.9385019591458,765.8770039182916
3.39,383.02808364884254,383.02808364884254,766.0561672976851
3.391,383.08189945581626,383.08189945581626,766.1637989116325
3.392,383.1098314933553,383.1098314933553,766.2196629867105
3.3930000000000002,383.1259901755312,383.1259901755312,766.2519803510623
3.394,383.1468452520418,383.1468452520418,766.2936905040837
3.395,383.18905201459194,383.18905201459194,766.3781040291839
3.396,383.26722550958834,383.26722550958834,766.5344510191767
3.3970000000000002,383.3919225037257,383.3919225037257,766.7838450074514
3.398,383.56806871499003,383.56806871499003,767.1361374299801
3.399,383.7940198698482,383.7940198698482,767.5880397396965
3.4,384.0613748708384,384.0613748708384,768.1227497416768
3.4010000000000002,384.3555755205326,384.3555755205326,768.7111510410652
3.402,384.65723912466177,384.65723912466177,769.3144782493235
3.403,384.94408765526913,384.94408765526913,769.8881753105383
3.404,385.1932691710579,385.1932691710579,770.3865383421158
3.4050000000000002,385.38382144007636,385.38382144007636,770.7676428801527
3.406,385.4990093216237,385.4990093216237,770.9980186432474
3.407,385.52827856147076,385.52827856147076,771.0565571229415
3.408,385.46860811126953,385.46860811126953,770.9372162225391
3.4090000000000003,385.32510664664954,385.32510664664954,770.6502132932991
3.41,385.1107797149449,385.1107797149449,770.2215594298898
3.411,384.845483076688,384.845483076688,769.690966153376
3.412,384.5541655659359,384.5541655659359,769.1083311318718
3.4130000000000003,384.26458157355023,384.26458157355023,768.5291631471005
3.414,384.00471064196887,384.00471064196887,768.0094212839377
3.415,383.80015335972917,383.80015335972917,767.6003067194583
3.416,383.6717752840465,383.6717752840465,767.343550568093
3.4170000000000003,383.63384372270707,383.63384372270707,767.2676874454141
3.418,383.6928488231184,383.6928488231184,767.3856976462368
3.419,383.84712640042244,383.84712640042244,767.6942528008449
3.42,384.0873134008236,384.0873134008236,768.1746268016472
3.4210000000000003,384.39757731915546,384.39757731915546,768.7951546383109
3.422,384.7574780724363,384.7574780724363,769.5149561448726
3.423,385.14425381945966,385.14425381945966,770.2885076389193
3.424,385.53527830598097,385.53527830598097,771.0705566119619
3.4250000000000003,385.9104212501253,385.9104212501253,771.8208425002506
3.426,386.2540567363346,386.2540567363346,772.5081134726692
3.427,386.5565059793779,386.5565059793779,773.1130119587558
3.428,386.8147654986625,386.8147654986625,773.629530997325
3.4290000000000003,387.03245249490897,387.03245249490897,774.0649049898179
3.43,387.21898707345923,387.21898707345923,774.4379741469185
3.431,387.3881161699573,387.3881161699573,774.7762323399146
3.432,387.55595717146633,387.55595717146633,775.1119143429327
3.4330000000000003,387.73879220517415,387.73879220517415,775.4775844103483
3.434,387.9508710450689,387.9508710450689,775.9017420901378
3.435,388.20247860760685,388.20247860760685,776.4049572152137
3.436,388.49849232493284,388.49849232493284,776.9969846498657
3.4370000000000003,388.8375987351399,388.8375987351399,777.6751974702798
3.438,389.2122636509504,389.2122636509504,778.4245273019008
3.439,389.6094646095399,389.6094646095399,779.2189292190798
3.44,390.01210750289187,390.01210750289187,780.0242150057837
3.4410000000000003,390.40097100856804,390.40097100856804,780.8019420171361
3.442,390.75696141668607,390.75696141668607,781.5139228333721
3.443,391.06342350841464,391.06342350841464,782.1268470168293
3.444,391.3082444528255,391.3082444528255,782.616488905651
3.4450000000000003,391.48550829812336,391.48550829812336,782.9710165962467
3.446,391.59650634453186,391.59650634453186,783.1930126890637
3.447,391.649978302228,391.649978302228,783.299956604456
3.448,391.6615430306666,391.6615430306666,783.3230860613332
3.4490000000000003,391.65236660617666,391.65236660617666,783.3047332123533
3.45,391.64719967795037,391.64719967795037,783.2943993559007
3.451,391.6719862576781,391.6719862576781,783.3439725153562
3.452,391.751294483111,391.751294483111,783.502588966222
3.4530000000000003,391.90584112437415,391.90584112437415,783.8116822487483
3.454,392.1503732674191,392.1503732674191,784.3007465348383
3.455,392.49213356122453,392.49213356122453,784.9842671224491
3.456,392.9300736586722,392.9300736586722,785.8601473173444
3.457,393.4549007359345,393.4549007359345,786.909801471869
3.458,394.0499529401553,394.0499529401553,788.0999058803106
3.459,394.69281101069765,394.69281101069765,789.3856220213953
3.46,395.35747481917014,395.35747481917014,790.7149496383403
3.461,396.0168737416888,396.0168737416888,792.0337474833776
3.462,396.64544512595614,396.64544512595614,793.2908902519123
3.463,397.2215093917843,397.2215093917843,794.4430187835686
3.464,397.7291940756558,397.7291940756558,795.4583881513116
3.465,398.1597097291516,398.1597097291516,796.3194194583032
3.466,398.5118523972849,398.5118523972849,797.0237047945698
3.467,398.7916925036931,398.7916925036931,797.5833850073863
3.468,399.0114989763466,399.0114989763466,798.0229979526932
3.469,399.18803056844445,399.18803056844445,798.3760611368889
3.47,399.34039443946045,399.34039443946045,798.6807888789209
3.471,399.48771770716604,399.48771770716604,798.9754354143321
3.472,399.64689590059623,399.64689590059623,799.2937918011925
3.473,399.8306711101473,399.8306711101473,799.6613422202946
3.474,400.0462534638421,400.0462534638421,800.0925069276842
3.475,400.29463677477105,400.29463677477105,800.5892735495421
3.476,400.57067982689426,400.57067982689426,801.1413596537885
3.477,400.8639376463971,400.8639376463971,801.7278752927942
3.478,401.1601419442913,401.1601419442913,802.3202838885826
3.479,401.4431561895125,401.4431561895125,802.886312379025
3.48,401.69717668486487,401.69717668486487,803.3943533697297
3.481,401.9089225957785,401.9089225957785,803.817845191557
3.482,402.0695583029214,402.0695583029214,804.1391166058428
3.483,402.1761206950097,402.1761206950097,804.3522413900193
3.484,402.2322788714679,402.2322788714679,804.4645577429358
3.485,402.2483281270947,402.2483281270947,804.4966562541894
3.486,402.2404058096753,402.2404058096753,804.4808116193506
3.487,402.229004178505,402.229004178505,804.45800835701
3.488,402.23693503285494,402.23693503285494,804.4738700657099
3.489,402.28696376766516,402.28696376766516,804.5739275353303
3.49,402.3993696289415,402.3993696289415,804.798739257883
3.491,402.5896998770528,402.5896998770528,805.1793997541056
3.492,402.86696701891765,402.86696701891765,805.7339340378353
3.493,403.2324921866362,403.2324921866362,806.4649843732724
3.494,403.6795291059896,403.6795291059896,807.3590582119792
3.495,404.1937193913447,404.1937193913447,808.3874387826894
3.496,404.7543402726641,404.7543402726641,809.5086805453282
3.497,405.33622011907727,405.33622011907727,810.6724402381545
3.498,405.9121246703593,405.9121246703593,811.8242493407186
3.499,406.4553656716075,406.4553656716075,812.910731343215
3.5,406.942359251615,406.942359251615,813.88471850323
3.501,407.3548665718458,407.3548665718458,814.7097331436916
3.5020000000000002,407.681683441005,407.681683441005,815.36336688201
3.503,407.9196050020849,407.9196050020849,815.8392100041698
3.504,408.0735697495436,408.0735697495436,816.1471394990872
3.505,408.15597546765315,408.15597546765315,816.3119509353063
3.5060000000000002,408.1852485308749,408.1852485308749,816.3704970617498
3.507,408.18382766072625,408.18382766072625,816.3676553214525
3.508,408.1757850000405,408.1757850000405,816.351570000081
3.509,408.18434453072234,408.18434453072234,816.3686890614447
3.5100000000000002,408.22956642501333,408.22956642501333,816.4591328500267
3.511,408.32644503448563,408.32644503448563,816.6528900689713
3.512,408.4836202790586,408.4836202790586,816.9672405581172
3.513,408.7028325685906,408.7028325685906,817.4056651371812
3.5140000000000002,408.97916782038374,408.97916782038374,817.9583356407675
3.515,409.30205089854644,409.30205089854644,818.6041017970929
3.516,409.6568626655727,409.6568626655727,819.3137253311454
3.517,410.026986992453,410.026986992453,820.053973984906
3.5180000000000002,410.3960471164819,410.3960471164819,820.7920942329638
3.519,410.7500708288092,410.7500708288092,821.5001416576184
3.52,411.07933327878754,411.07933327878754,822.1586665575751
3.521,411.37966362304064,411.37966362304064,822.7593272460813
3.5220000000000002,411.65306312972734,411.65306312972734,823.3061262594547
3.523,411.9075608254086,411.9075608254086,823.8151216508172
3.524,412.1563196006978,412.1563196006978,824.3126392013957
3.525,412.4160912008709,412.4160912008709,824.8321824017418
3.5260000000000002,412.7051931900182,412.7051931900182,825.4103863800364
3.527,413.0412364593525,413.0412364593525,826.082472918705
3.528,413.43886193763706,413.43886193763706,826.8777238752741
3.529,413.9077464471955,413.9077464471955,827.815492894391
3.5300000000000002,414.451109911386,414.451109911386,828.902219822772
3.531,415.06490235069174,415.06490235069174,830.1298047013835
3.532,415.7377751820911,415.7377751820911,831.4755503641823
3.533,416.4518553766545,416.4518553766545,832.903710753309
3.5340000000000003,417.1842524951332,417.1842524951332,834.3685049902664
3.535,417.9091472747964,417.9091472747964,835.8182945495928
3.536,418.6002452726416,418.6002452726416,837.2004905452832
3.537,419.2333373034645,419.2333373034645,838.466674606929
3.5380000000000003,419.7886947049584,419.7886947049584,839.5773894099168
3.539,420.253043394727,420.253043394727,840.506086789454
3.54,420.62090457819244,420.62090457819244,841.2418091563849
3.541,420.89515706995246,420.89515706995246,841.7903141399049
3.5420000000000003,421.0867591991269,421.0867591991269,842.1735183982538
3.543,421.21365812562004,421.21365812562004,842.4273162512401
3.544,421.29900128747323,421.29900128747323,842.5980025749465
3.545,421.36883914110706,421.36883914110706,842.7376782822141
3.5460000000000003,421.4495622240336,421.4495622240336,842.8991244480673
3.547,421.5653430002494,421.5653430002494,843.1306860004988
3.548,421.73585098164887,421.73585098164887,843.4717019632977
3.549,421.97447852115107,421.97447852115107,843.9489570423021
3.5500000000000003,422.2872579075624,422.2872579075624,844.5745158151248
3.551,422.33878344640965,422.33878344640965,844.6775668928193
3.552,422.45413037302217,422.45413037302217,844.9082607460443
3.553,422.6187297068829,422.6187297068829,845.2374594137658
3.5540000000000003,422.81401721474447,422.81401721474447,845.6280344294889
3.555,423.01966735088473,423.01966735088473,846.0393347017695
3.556,423.215949245302,423.215949245302,846.431898490604
3.557,423.3859401495496,423.3859401495496,846.7718802990992
3.5580000000000003,423.51735022617623,423.51735022617623,847.0347004523525
3.559,423.603758259833,423.603758259833,847.207516519666
3.56,423.64512563820097,423.64512563820097,847.2902512764019
3.561,423.64753822715693,423.64753822715693,847.2950764543139
3.5620000000000003,423.6222133796593,423.6222133796593,847.2444267593186
3.563,423.58389252305403,423.58389252305403,847.1677850461081
3.564,423.5488093130818,423.5488093130818,847.0976186261636
3.565,423.53247149282356,423.53247149282356,847.0649429856471
3.5660000000000003,423.5475159938594,423.5475159938594,847.0950319877188
3.567,423.60188907491045,423.60188907491045,847.2037781498209
3.568,423.69756725186267,423.69756725186267,847.3951345037253
3.569,423.829974413419,423.829974413419,847.659948826838
3.5700000000000003,423.9881725199202,423.9881725199202,847.9763450398405
3.571,424.15581629278745,424.15581629278745,848.3116325855749
3.572,424.31277596998245,424.31277596998245,848.6255519399649
3.573,424.43725612159034,424.43725612159034,848.8745122431807
3.5740000000000003,424.50818116276105,424.50818116276105,849.0163623255221
3.575,424.50758598594274,424.50758598594274,849.0151719718855
3.576,424.42274671039604,424.42274671039604,848.8454934207921
3.577,424.24781239089833,424.24781239089833,848.4956247817967
3.5780000000000003,423.9847508866078,423.9847508866078,847.9695017732156
3.579,423.64349528348805,423.64349528348805,847.2869905669761
3.58,423.24126330207474,423.24126330207474,846.4825266041495
3.581,422.80111159159657,422.80111159159657,845.6022231831931
3.5820000000000003,422.3498699045347,422.3498699045347,844.6997398090695
3.583,421.9156677432032,421.9156677432032,843.8313354864064
3.584,421.52531074418624,421.52531074418624,843.0506214883725
3.585,421.2017808998396,421.2017808998396,842.4035617996792
3.586,420.9621218428537,420.9621218428537,841.9242436857074
3.587,420.8159292325306,420.8159292325306,841.6318584650612
3.588,420.7646012778239,420.7646012778239,841.5292025556478
3.589,420.8014227211794,420.8014227211794,841.6028454423588
3.59,420.9124661266892,420.9124661266892,841.8249322533784
3.591,421.0782068498222,421.0782068498222,842.1564136996444
3.592,421.2756721676195,421.2756721676195,842.551344335239
3.593,421.48088899076987,421.48088899076987,842.9617779815397
3.594,421.6713644458219,421.6713644458219,843.3427288916438
3.595,421.8283326333228,421.8283326333228,843.6566652666456
3.596,421.93852905270523,421.93852905270523,843.8770581054105
3.597,421.99530834591855,421.99530834591855,843.9906166918371
3.598,421.9989951043619,421.9989951043619,843.9979902087238
3.599,421.9564432786553,421.9564432786553,843.9128865573106
3.6,502.4678167275517,502.4678167275517,1004.9356334551034
3.601,503.4092442181373,503.4092442181373,1006.8184884362746
3.602,504.361495320888,504.361495320888,1008.722990641776
3.603,505.34119027121085,505.34119027121085,1010.6823805424217
3.604,506.3620529023885,506.3620529023885,1012.724105804777
3.605,507.43316834093355,507.43316834093355,1014.8663366818671
3.606,508.55782039457745,508.55782039457745,1017.1156407891549
3.607,509.73304303693,509.73304303693,1019.46608607386
3.608,510.9499389591143,510.9499389591143,1021.8998779182286
3.609,512.1947307604427,512.1947307604427,1024.3894615208853
3.61,513.4504267238963,513.4504267238963,1026.9008534477925
3.611,514.6989125892612,514.6989125892612,1029.3978251785225
3.612,515.9232311720264,515.9232311720264,1031.8464623440527
3.613,517.1097886360551,517.1097886360551,1034.2195772721102
3.614,518.250232334709,518.250232334709,1036.500464669418
3.615,519.3427797844021,519.3427797844021,1038.6855595688041
3.616,520.392837760214,520.392837760214,1040.785675520428
3.617,521.4128281903193,521.4128281903193,1042.8256563806385
3.618,522.4212249281811,522.4212249281811,1044.8424498563622
3.619,523.4408929626611,523.4408929626611,1046.8817859253222
3.62,524.4968995231826,524.4968995231826,1048.9937990463652
3.621,525.6140262258498,525.6140262258498,1051.2280524516996
3.622,526.8142462542753,526.8142462542753,1053.6284925085506
3.623,528.1144366678153,528.1144366678153,1056.2288733356306
3.624,529.5245725296982,529.5245725296982,1059.0491450593963
3.625,531.0465991413191,531.0465991413191,1062.0931982826382
3.626,532.6741067211418,532.6741067211418,1065.3482134422836
3.6270000000000002,534.392846213749,534.392846213749,1068.785692427498
3.628,536.1820349041828,536.1820349041828,1072.3640698083657
3.629,538.016315976206,538.016315976206,1076.032631952412
3.63,539.8681663245043,539.8681663245043,1079.7363326490085
3.6310000000000002,541.7104994318161,541.7104994318161,1083.4209988636321
3.632,543.5191901235962,543.5191901235962,1087.0383802471924
3.633,545.2752576682072,545.2752576682072,1090.5505153364145
3.634,546.966481898648,546.966481898648,1093.932963797296
3.6350000000000002,548.5882895604582,548.5882895604582,1097.1765791209164
3.636,550.1438280434734,550.1438280434734,1100.2876560869468
3.637,551.643232233336,551.643232233336,1103.286464466672
3.638,553.1021776891171,553.1021776891171,1106.2043553782341
3.6390000000000002,554.5398901219492,554.5398901219492,1109.0797802438983
3.64,555.9768388168062,555.9768388168062,1111.9536776336124
3.641,557.4323739251352,557.4323739251352,1114.8647478502703
3.642,558.9225709882522,558.9225709882522,1117.8451419765045
3.6430000000000002,560.4585203472592,560.4585203472592,1120.9170406945184
3.644,562.0452471880195,562.0452471880195,1124.090494376039
3.645,563.6813756824719,563.6813756824719,1127.3627513649437
3.646,565.3595660870358,565.3595660870358,1130.7191321740715
3.6470000000000002,567.0676661630455,567.0676661630455,1134.135332326091
3.648,568.7904376201337,568.7904376201337,1137.5808752402675
3.649,570.5116534123741,570.5116534123741,1141.0233068247483
3.65,572.2163198430798,572.2163198430798,1144.4326396861595
3.6510000000000002,573.8927632089396,573.8927632089396,1147.7855264178793
3.652,575.5343357219238,575.5343357219238,1151.0686714438475
3.653,577.1405380301671,577.1405380301671,1154.2810760603343
3.654,578.7174210993909,578.7174210993909,1157.4348421987818
3.6550000000000002,580.277211258639,580.277211258639,1160.554422517278
3.656,581.8371898654841,581.8371898654841,1163.6743797309682
3.657,583.4179435706519,583.4179435706519,1166.8358871413038
3.658,585.0411731572676,585.0411731572676,1170.0823463145352
3.6590000000000003,586.7273003656143,586.7273003656143,1173.4546007312285
3.66,588.4931372216535,588.4931372216535,1176.986274443307
3.661,590.3498782990706,590.3498782990706,1180.6997565981412
3.662,592.301643413229,592.301643413229,1184.603286826458
3.6630000000000003,594.3447400095049,594.3447400095049,1188.6894800190098
3.664,596.4677373043424,596.4677373043424,1192.935474608685
3.665,598.6523565039367,598.6523565039367,1197.3047130078735
3.666,600.875092775748,600.875092775748,1201.750185551496
3.6670000000000003,603.1094048116764,603.1094048116764,1206.2188096233529
3.668,605.3282455729598,605.3282455729598,1210.6564911459195
3.669,607.506669998556,607.506669998556,1215.013339997112
3.67,609.6242462665372,609.6242462665372,1219.2484925330743
3.6710000000000003,611.6670176599921,611.6670176599921,1223.3340353199842
3.672,613.6288099899124,613.6288099899124,1227.2576199798248
3.673,615.511749642397,615.511749642397,1231.023499284794
3.674,617.3259419849282,617.3259419849282,1234.6518839698565
3.6750000000000003,619.0883498318962,619.0883498318962,1238.1766996637923
3.676,620.8209971024517,620.8209971024517,1241.6419942049033
3.677,622.5486943790708,622.5486943790708,1245.0973887581415
3.678,624.2965329980086,624.2965329980086,1248.5930659960172
3.6790000000000003,626.0874171648718,626.0874171648718,1252.1748343297436
3.68,627.9398969610794,627.9398969610794,1255.8797939221588
3.681,629.8665298056203,629.8665298056203,1259.7330596112406
3.682,631.8729379280737,631.8729379280737,1263.7458758561474
3.6830000000000003,633.9576513716634,633.9576513716634,1267.9153027433267
3.684,636.112738629969,636.112738629969,1272.225477259938
3.685,638.3251398959521,638.3251398959521,1276.6502797919043
3.686,640.578540684981,640.578540684981,1281.157081369962
3.6870000000000003,642.8555647914768,642.8555647914768,1285.7111295829536
3.688,645.1400316093254,645.1400316093254,1290.2800632186509
3.689,647.4190174869535,647.4190174869535,1294.838034973907
3.69,649.6844845299189,649.6844845299189,1299.3689690598378
3.6910000000000003,651.9342904151866,651.9342904151866,1303.8685808303733
3.692,654.1724637263843,654.1724637263843,1308.3449274527686
3.693,656.408713141541,656.408713141541,1312.817426283082
3.694,658.657226162244,658.657226162244,1317.314452324488
3.6950000000000003,660.934894232767,660.934894232767,1321.869788465534
3.696,663.2591670117525,663.2591670117525,1326.518334023505
3.697,665.6457818666294,665.6457818666294,1331.2915637332587
3.698,668.1066305026782,668.1066305026782,1336.2132610053563
3.6990000000000003,670.6480111958192,670.6480111958192,1341.2960223916384
3.7,673.2694737953306,673.2694737953306,1346.538947590661
3.701,675.9634000130461,675.9634000130461,1351.9268000260922
3.702,678.7153806242688,678.7153806242688,1357.4307612485377
3.7030000000000003,681.5053629874346,681.5053629874346,1363.0107259748693
3.704,684.3094564855023,684.3094564855023,1368.6189129710046
3.705,687.102209595062,687.102209595062,1374.204419190124
3.706,689.8591184958195,689.8591184958195,1379.718236991639
3.7070000000000003,692.5590994383925,692.5590994383925,1385.118198876785
3.708,695.1866586218107,695.1866586218107,1390.3733172436214
3.709,697.7335240107241,697.7335240107241,1395.4670480214481
3.71,700.1995600560267,700.1995600560267,1400.3991201120534
3.7110000000000003,702.5928625345548,702.5928625345548,1405.1857250691096
3.712,704.9290183828123,704.9290183828123,1409.8580367656245
3.713,707.2296048951075,707.2296048951075,1414.459209790215
3.714,709.5200842082616,709.5200842082616,1419.040168416523
3.715,711.8273136906678,711.8273136906678,1423.6546273813356
3.716,714.1769336273604,714.1769336273604,1428.3538672547209
3.717,716.5909060034569,716.5909060034569,1433.1818120069138
3.718,719.0854609062634,719.0854609062634,1438.1709218125268
3.719,721.6696620189142,721.6696620189142,1443.3393240378284
3.72,724.3447348371553,724.3447348371553,1448.6894696743107
3.721,727.1042180724326,727.1042180724326,1454.2084361448651
3.722,729.9349093482429,729.9349093482429,1459.8698186964857
3.723,732.8184905576115,732.8184905576115,1465.636981115223
3.724,735.7336455188304,735.7336455188304,1471.4672910376607
3.725,738.6584307877972,738.6584307877972,1477.3168615755944
3.726,741.5726352815534,741.5726352815534,1483.1452705631068
3.727,744.4598684239188,744.4598684239188,1488.9197368478376
3.728,747.3091492950773,747.3091492950773,1494.6182985901546
3.729,750.1158270397248,750.1158270397248,1500.2316540794495
3.73,752.8817390961972,752.8817390961972,1505.7634781923944
3.731,755.6146001470604,755.6146001470604,1511.2292002941208
3.732,758.3267014587977,758.3267014587977,1516.6534029175955
3.733,761.0330778379401,761.0330778379401,1522.0661556758803
3.734,763.7493591770459,763.7493591770459,1527.4987183540918
3.735,766.4895588708819,766.4895588708819,1532.9791177417637
3.736,769.2640583387767,769.2640583387767,1538.5281166775535
3.737,772.0780247259609,772.0780247259609,1544.1560494519217
3.738,774.9304500373013,774.9304500373013,1549.8609000746026
3.739,777.8139299009911,777.8139299009911,1555.6278598019821
3.74,780.7152166460347,780.7152166460347,1561.4304332920694
3.741,783.6164936829769,783.6164936829769,1567.2329873659537
3.742,786.4972360530833,786.4972360530833,1572.9944721061665
3.743,789.3364546029729,789.3364546029729,1578.6729092059459
3.744,792.1150760792212,792.1150760792212,1584.2301521584425
3.745,794.8181935998971,794.8181935998971,1589.6363871997942
3.746,797.4369335131183,797.4369335131183,1594.8738670262367
3.747,799.9697244169561,799.9697244169561,1599.9394488339121
3.748,802.4228177929585,802.4228177929585,1604.845635585917
3.749,804.8099903521506,804.8099903521506,1609.6199807043013
3.75,807.1514469787589,807.1514469787589,1614.3028939575179
3.751,809.4720303413776,809.4720303413776,1618.9440606827552
3.7520000000000002,811.7989192423844,811.7989192423844,1623.5978384847688
3.753,814.1590542278508,814.1590542278508,1628.3181084557016
3.754,816.5765596536949,816.5765596536949,1633.1531193073897
3.755,819.0704328954096,819.0704328954096,1638.1408657908191
3.7560000000000002,821.6527434954874,821.6527434954874,1643.3054869909747
3.757,824.3275307859269,824.3275307859269,1648.6550615718538
3.758,827.0905138177013,827.0905138177013,1654.1810276354026
3.759,829.9296404325679,829.9296404325679,1659.8592808651358
3.7600000000000002,832.8264125295445,832.8264125295445,1665.652825059089
3.761,835.7578418142891,835.7578418142891,1671.5156836285782
3.762,838.6988236035531,838.6988236035531,1677.3976472071063
3.763,841.6246728485601,841.6246728485601,1683.2493456971201
3.7640000000000002,844.513551134328,844.513551134328,1689.027102268656
3.765,847.3485276193048,847.3485276193048,1694.6970552386097
3.766,850.1190590586806,850.1190590586806,1700.2381181173612
3.767,852.8217394907716,852.8217394907716,1705.6434789815432
3.7680000000000002,855.4602515950053,855.4602515950053,1710.9205031900105
3.769,858.044540141079,858.044540141079,1716.089080282158
3.77,860.5893135789518,860.5893135789518,1721.1786271579035
3.771,863.112053230368,863.112053230368,1726.224106460736
3.7720000000000002,865.6307626625999,865.6307626625999,1731.2615253251997
3.773,868.1617168369006,868.1617168369006,1736.3234336738012
3.774,870.7174686061986,870.7174686061986,1741.4349372123972
3.775,873.3053393824594,873.3053393824594,1746.6106787649187
3.7760000000000002,875.9265647784814,875.9265647784814,1751.8531295569628
3.777,878.5761910204667,878.5761910204667,1757.1523820409334
3.778,881.2437322956752,881.2437322956752,1762.4874645913503
3.779,883.9145124863993,883.9145124863993,1767.8290249727986
3.7800000000000002,886.5715366080766,886.5715366080766,1773.1430732161532
3.781,889.1976764250412,889.1976764250412,1778.3953528500824
3.782,891.7779179572274,891.7779179572274,1783.5558359144547
3.783,894.3014100427911,894.3014100427911,1788.6028200855822
3.7840000000000003,896.7630737883267,896.7630737883267,1793.5261475766533
3.785,899.1645803854226,899.1645803854226,1798.3291607708452
3.786,901.5145741727079,901.5145741727079,1803.0291483454157
3.787,903.8281013318201,903.8281013318201,1807.6562026636402
3.7880000000000003,906.1252930052688,906.1252930052688,1812.2505860105375
3.789,908.4294351376489,908.4294351376489,1816.8588702752977
3.79,910.7646267147214,910.7646267147214,1821.5292534294429
3.791,913.1532755966855,913.1532755966855,1826.306551193371
3.7920000000000003,915.6137014983453,915.6137014983453,1831.2274029966907
3.793,918.1581065301727,918.1581065301727,1836.3162130603455
3.794,920.7911359959785,920.7911359959785,1841.582271991957
3.795,923.5091899072172,923.5091899072172,1847.0183798144344
3.7960000000000003,926.3005656857586,926.3005656857586,1852.601131371517
3.797,929.1464235106353,929.1464235106353,1858.2928470212705
3.798,932.022477445416,932.022477445416,1864.044954890832
3.799,934.9012375183811,934.9012375183811,1869.8024750367622
3.8000000000000003,937.7545688441937,937.7545688441937,1875.5091376883875
3.801,940.5563001311846,940.5563001311846,1881.1126002623691
3.802,943.2846091922192,943.2846091922192,1886.5692183844385
3.803,945.9239378657405,945.9239378657405,1891.847875731481
3.8040000000000003,948.4662403167083,948.4662403167083,1896.9324806334166
3.805,950.9114413498519,950.9114413498519,1901.8228826997038
3.806,953.2670671462811,953.2670671462811,1906.5341342925622
3.807,955.5471003156489,955.5471003156489,1911.0942006312978
3.8080000000000003,957.7701945336134,957.7701945336134,1915.540389067227
3.809,959.957452188203,959.957452188203,1919.914904376406
3.81,962.1300139585403,962.1300139585403,1924.2600279170806
3.811,964.306727170668,964.306727170668,1928.613454341336
3.8120000000000003,966.5021482394395,966.5021482394395,1933.004296478879
3.813,968.7250948835024,968.7250948835024,1937.4501897670048
3.814,970.9779005583753,970.9779005583753,1941.9558011167505
3.815,973.2564437555615,973.2564437555615,1946.512887511123
3.8160000000000003,975.5509373455324,975.5509373455324,1951.1018746910647
3.817,977.8473777155052,977.8473777155052,1955.6947554310104
3.818,980.1294795461127,980.1294795461127,1960.2589590922255
3.819,982.3808678743495,982.3808678743495,1964.761735748699
3.8200000000000003,984.5872706026289,984.5872706026289,1969.1745412052578
3.821,986.7384549805854,986.7384549805854,1973.4769099611708
3.822,988.8296807522249,988.8296807522249,1977.6593615044499
3.823,990.862497376833,990.862497376833,1981.724994753666
3.8240000000000003,992.8447869140039,992.8447869140039,1985.6895738280077
3.825,994.7900395656169,994.7900395656169,1989.5800791312338
3.826,996.7159359947541,996.7159359947541,1993.4318719895082
3.827,998.6423896972885,998.6423896972885,1997.284779394577
3.8280000000000003,1000.5892650621711,1000.5892650621711,2001.1785301243422
3.829,1002.5740253456897,1002.5740253456897,2005.1480506913795
3.83,1004.6095752489358,1004.6095752489358,2009.2191504978716
3.831,1006.7025438768101,1006.7025438768101,2013.4050877536201
3.8320000000000003,1008.8522075677745,1008.8522075677745,2017.704415135549
3.833,1011.050183441454,1011.050183441454,2022.100366882908
3.834,1013.2809410190574,1013.2809410190574,2026.5618820381148
3.835,1015.5230900844017,1015.5230900844017,2031.0461801688034
3.8360000000000003,1017.7513178708787,1017.7513178708787,2035.5026357417573
3.837,1019.9387770464215,1019.9387770464215,2039.877554092843
3.838,1022.0596757220513,1022.0596757220513,2044.1193514441027
3.839,1024.0917973891737,1024.0917973891737,2048.1835947783475
3.84,1026.0186849041484,1026.0186849041484,2052.0373698082967
3.841,1027.8312577526153,1027.8312577526153,2055.6625155052307
3.842,1029.5286920349652,1029.5286920349652,2059.0573840699303
3.843,1031.1184713573002,1031.1184713573002,2062.2369427146004
3.844,1032.615605493801,1032.615605493801,2065.231210987602
3.845,1034.0411026218185,1034.0411026218185,2068.082205243637
3.846,1035.4198604104556,1035.4198604104556,2070.839720820911
3.847,1036.7782025999559,1036.7782025999559,2073.5564051999118
3.848,1038.1413242708356,1038.1413242708356,2076.2826485416713
3.849,1039.5309168241054,1039.5309168241054,2079.0618336482107
3.85,1040.9632219922505,1040.9632219922505,2081.926443984501
3.851,1042.4477154335198,1042.4477154335198,2084.8954308670395
3.852,1043.9865500580663,1043.9865500580663,2087.9731001161326
3.853,1045.5748049917747,1045.5748049917747,2091.1496099835495
3.854,1047.20149730866,1047.20149730866,2094.40299461732
3.855,1048.8512301435455,1048.8512301435455,2097.702460287091
3.856,1050.506281723291,1050.506281723291,2101.012563446582
3.857,1052.1488928065505,1052.1488928065505,2104.297785613101
3.858,1053.7634901328238,1053.7634901328238,2107.5269802656476
3.859,1055.3385928760003,1055.3385928760003,2110.6771857520007
3.86,1056.868186658513,1056.868186658513,2113.736373317026
3.861,1058.352411177274,1058.352411177274,2116.704822354548
3.862,1059.7974860435231,1059.7974860435231,2119.5949720870462
3.863,1061.2148862839483,1061.2148862839483,2122.4297725678966
3.864,1062.619864414076,1062.619864414076,2125.239728828152
3.865,1064.0294905579003,1064.0294905579003,2128.0589811158006
3.866,1065.4604374402975,1065.4604374402975,2130.920874880595
3.867,1066.9267670404677,1066.9267670404677,2133.8535340809353
3.868,1068.4379768981084,1068.4379768981084,2136.875953796217
3.869,1069.9975363288872,1069.9975363288872,2139.9950726577745
3.87,1071.6020891598841,1071.6020891598841,2143.2041783197683
3.871,1073.241425942612,1073.241425942612,2146.482851885224
3.872,1074.899243069231,1074.899243069231,2149.798486138462
3.873,1076.5546182634303,1076.5546182634303,2153.1092365268605
3.874,1078.1840512822155,1078.1840512822155,2156.368102564431
3.875,1079.763854298516,1079.763854298516,2159.527708597032
3.876,1081.2726355067803,1081.2726355067803,2162.5452710135605
3.8770000000000002,1082.6936066008677,1082.6936066008677,2165.3872132017354
3.878,1084.0164614286068,1084.0164614286068,2168.0329228572136
3.879,1085.238617590256,1085.238617590256,2170.477235180512
3.88,1086.3656802138898,1086.3656802138898,2172.7313604277797
3.8810000000000002,1087.411070266468,1087.411070266468,2174.822140532936
3.882,1088.3948494701192,1088.3948494701192,2176.7896989402384
3.883,1089.3418603801063,1089.3418603801063,2178.6837207602125
3.884,1090.2793739796189,1090.2793739796189,2180.5587479592377
3.8850000000000002,1091.234490178591,1091.234490178591,2182.468980357182
3.886,1092.231563065382,1092.231563065382,2184.463126130764
3.887,1093.2899197608474,1093.2899197608474,2186.579839521695
3.888,1094.422109604557,1094.422109604557,2188.844219209114
3.8890000000000002,1095.6328626963148,1095.6328626963148,2191.2657253926295
3.89,1096.9188598600176,1096.9188598600176,2193.8377197200352
3.891,1098.2693283343924,1098.2693283343924,2196.538656668785
3.892,1099.6673885454466,1099.6673885454466,2199.334777090893
3.8930000000000002,1101.091996915161,1101.091996915161,2202.183993830322
3.894,1102.5202665926624,1102.5202665926624,2205.040533185325
3.895,1103.929909120923,1103.929909120923,2207.859818241846
3.896,1105.3015295637147,1105.3015295637147,2210.6030591274293
3.8970000000000002,1106.6205265720012,1106.6205265720012,2213.2410531440023
3.898,1107.8783950787479,1107.8783950787479,2215.7567901574957
3.899,1109.0732975884125,1109.0732975884125,2218.146595176825
3.9,1110.2098527588712,1110.2098527588712,2220.4197055177424
3.9010000000000002,1111.298177963362,1111.298177963362,2222.596355926724
3.902,1112.3523060061277,1112.3523060061277,2224.7046120122554
3.903,1113.3881658983705,1113.3881658983705,2226.776331796741
3.904,1114.4213658654812,1114.4213658654812,2228.8427317309624
3.9050000000000002,1115.4650382228126,1115.4650382228126,2230.930076445625
3.906,1116.5279980697553,1116.5279980697553,2233.0559961395106
3.907,1117.6134317881852,1117.6134317881852,2235.2268635763703
3.908,1118.7182711043922,1118.7182711043922,2237.4365422087844
3.9090000000000003,1119.833330687651,1119.833330687651,2239.666661375302
3.91,1120.9442005675023,1120.9442005675023,2241.8884011350046
3.911,1122.0327987022722,1122.0327987022722,2244.0655974045444
3.912,1123.0794133957208,1123.0794133957208,2246.1588267914417
3.9130000000000003,1124.0650083764358,1124.0650083764358,2248.1300167528716
3.914,1124.9735315976836,1124.9735315976836,2249.9470631953673
3.915,1125.7939657826819,1125.7939657826819,2251.5879315653638
3.916,1126.5218848566456,1126.5218848566456,2253.043769713291
3.9170000000000003,1127.1603328739745,1127.1603328739745,2254.320665747949
3.918,1127.7199151500467,1127.7199151500467,2255.4398303000935
3.919,1128.2180770360492,1128.2180770360492,2256.4361540720984
3.92,1128.6776347170003,1128.6776347170003,2257.3552694340005
3.9210000000000003,1129.1247047806999,1129.1247047806999,2258.2494095613997
3.922,1129.586246018674,1129.586246018674,2259.172492037348
3.923,1130.0874706071377,1130.0874706071377,2260.1749412142753
3.924,1130.6493976260786,1130.6493976260786,2261.298795252157
3.9250000000000003,1131.2868080149094,1131.2868080149094,2262.573616029819
3.926,1132.006817997961,1132.006817997961,2264.013635995922
3.927,1132.8082223044526,1132.8082223044526,2265.616444608905
3.928,1133.6816763149532,1133.6816763149532,2267.3633526299063
3.9290000000000003,1134.610696560024,1134.610696560024,2269.221393120048
3.93,1135.573371571852,1135.573371571852,2271.146743143704
3.931,1136.5445994893457,1136.5445994893457,2273.0891989786915
3.932,1137.498613283447,1137.498613283447,2274.997226566894
3.9330000000000003,1138.4115250376444,1138.4115250376444,2276.823050075289
3.934,1139.2636205549832,1139.2636205549832,2278.5272411099663
3.935,1140.0411646177822,1140.0411646177822,2280.0823292355644
3.936,1140.7375322423895,1140.7375322423895,2281.475064484779
3.9370000000000003,1141.3535561446733,1141.3535561446733,2282.7071122893467
3.938,1141.8970670861004,1141.8970670861004,2283.7941341722008
3.939,1142.3816922700382,1142.3816922700382,2284.7633845400765
3.94,1142.8250577608342,1142.8250577608342,2285.6501155216683
3.9410000000000003,1143.2466051283577,1143.2466051283577,2286.4932102567154
3.942,1143.6652731464112,1143.6652731464112,2287.3305462928224
3.943,1144.097307980923,1144.097307980923,2288.194615961846
3.944,1144.554448581753,1144.554448581753,2289.108897163506
3.9450000000000003,1145.0426898731623,1145.0426898731623,2290.0853797463246
3.946,1145.5617597833261,1145.5617597833261,2291.1235195666522
3.947,1146.1053646012317,1146.1053646012317,2292.2107292024634
3.948,1146.662169692133,1146.662169692133,2293.324339384266
3.9490000000000003,1147.2173989803816,1147.2173989803816,2294.4347979607633
3.95,1147.7548661310884,1147.7548661310884,2295.509732262177
3.951,1148.2592008801726,1148.2592008801726,2296.518401760345
3.952,1148.7180109983876,1148.7180109983876,2297.4360219967753
3.9530000000000003,1149.1237265118064,1149.1237265118064,2298.2474530236127
3.954,1149.4749073959742,1149.4749073959742,2298.9498147919485
3.955,1149.7768552141133,1149.7768552141133,2299.5537104282266
3.956,1150.0414465441993,1150.0414465441993,2300.0828930883986
3.9570000000000003,1150.286192981434,1150.286192981434,2300.572385962868
3.958,1150.5326193848941,1150.5326193848941,2301.0652387697883
3.959,1150.8041292235619,1150.8041292235619,2301.6082584471237
3.96,1151.1235847860676,1151.1235847860676,2302.247169572135
3.9610000000000003,1151.510864072646,1151.510864072646,2303.021728145292
3.962,1151.9806615412258,1151.9806615412258,2303.9613230824516
3.963,1152.540775845817,1152.540775845817,2305.081551691634
3.964,1153.1910768361217,1153.1910768361217,2306.3821536722435
3.9650000000000003,1153.9232718946805,1153.9232718946805,2307.846543789361
3.966,1154.7215060396766,1154.7215060396766,2309.443012079353
3.967,1155.5637404769088,1155.5637404769088,2311.1274809538177
3.968,1156.4237702647702,1156.4237702647702,2312.8475405295403
3.969,1157.2736726643334,1157.2736726643334,2314.547345328667
3.97,1158.0864311546834,1158.0864311546834,2316.172862309367
3.971,1158.8384611089127,1158.8384611089127,2317.6769222178254
3.972,1159.5117738293472,1159.5117738293472,2319.0235476586945
3.973,1160.0955548565523,1160.0955548565523,2320.1911097131047
3.974,1160.5869958941853,1160.5869958941853,2321.1739917883706
3.975,1160.9913003766321,1160.9913003766321,2321.9826007532643
3.976,1161.3208718072651,1161.3208718072651,2322.6417436145302
3.977,1161.5937817565296,1161.5937817565296,2323.187563513059
3.978,1161.831691234634,1161.831691234634,2323.663382469268
3.979,1162.0574566618475,1162.0574566618475,2324.114913323695
3.98,1162.2926836046177,1162.2926836046177,2324.5853672092353
3.981,1162.5554944036621,1162.5554944036621,2325.1109888073242
3.982,1162.8587495621257,1162.8587495621257,2325.7174991242514
3.983,1163.2089102765185,1163.2089102765185,2326.417820553037
3.984,1163.6056566537673,1163.6056566537673,2327.2113133075345
3.985,1164.0422910714376,1164.0422910714376,2328.084582142875
3.986,1164.5068682494632,1164.5068682494632,2329.0137364989264
3.987,1164.9839126484305,1164.9839126484305,2329.967825296861
3.988,1165.4565187476394,1165.4565187476394,2330.913037495279
3.989,1165.9085877709977,1165.9085877709977,2331.8171755419953
3.99,1166.3269401423152,1166.3269401423152,2332.6538802846303
3.991,1166.7030579126242,1166.7030579126242,2333.4061158252484
3.992,1167.034253917122,1167.034253917122,2334.068507834244
3.993,1167.324129739915,1167.324129739915,2334.64825947983
3.994,1167.5822654140713,1167.5822654140713,2335.1645308281427
3.995,1167.8231711618994,1167.8231711618994,2335.6463423237988
3.996,1168.0646156572243,1168.0646156572243,2336.1292313144486
3.997,1168.3255168869953,1168.3255168869953,2336.6510337739905
3.998,1168.6236327091951,1168.6236327091951,2337.2472654183903
3.999,1168.9733129240199,1168.9733129240199,2337.9466258480397
4.0,1169.3835702777988,1169.3835702777988,2338.7671405555975
4.001,1169.8566947057604,1169.8566947057604,2339.713389411521
4.002,1170.387576870513,1170.387576870513,2340.775153741026
4.003,1170.9638300338365,1170.9638300338365,2341.927660067673
4.0040000000000004,1171.5667119618302,1171.5667119618302,2343.1334239236603
4.005,1172.172760514661,1172.172760514661,2344.345521029322
4.006,1172.7559775157044,1172.7559775157044,2345.511955031409
4.007,1173.2903341611086,1173.2903341611086,2346.580668322217
4.008,1173.752334413545,1173.752334413545,2347.50466882709
4.009,1174.1233646300811,1174.1233646300811,2348.2467292601623
4.01,1174.3915790693993,1174.3915790693993,2348.7831581387986
4.011,1174.5531196235524,1174.5531196235524,2349.106239247105
4.0120000000000005,1174.612538839077,1174.612538839077,2349.225077678154
4.013,1174.5823803256874,1174.5823803256874,2349.1647606513748
4.014,1174.4819607179084,1174.4819607179084,2348.9639214358167
4.015,1174.3354826216778,1174.3354826216778,2348.6709652433556
4.016,1174.169679136946,1174.169679136946,2348.339358273892
4.017,1174.011239841533,1174.011239841533,2348.022479683066
4.018,1173.8842901962635,1173.8842901962635,2347.768580392527
4.019,1173.8081888221905,1173.8081888221905,2347.616377644381
4.0200000000000005,1173.7958708914985,1173.7958708914985,2347.591741782997
4.021,1173.8529049974168,1173.8529049974168,2347.7058099948335
4.022,1173.9773520611695,1173.9773520611695,2347.954704122339
4.023,1174.160426790783,1174.160426790783,2348.320853581566
4.024,1174.3878746228565,1174.3878746228565,2348.775749245713
4.025,1174.641899580966,1174.641899580966,2349.283799161932
4.026,1174.903419570911,1174.903419570911,2349.806839141822
4.027,1175.1543917365643,1175.1543917365643,2350.3087834731286
4.0280000000000005,1175.3799452819082,1175.3799452819082,2350.7598905638165
4.029,1175.5700831132258,1175.5700831132258,2351.1401662264516
4.03,1175.7207640349006,1175.7207640349006,2351.4415280698013
4.031,1175.8342483885663,1175.8342483885663,2351.6684967771325
4.032,1175.9186740123907,1175.9186740123907,2351.8373480247815
4.033,1175.9869168568787,1175.9869168568787,2351.9738337137574
4.034,1176.0548717909426,1176.0548717909426,2352.109743581885
4.035,1176.1393550323248,1176.1393550323248,2352.2787100646497
4.0360000000000005,1176.2558729041652,1176.2558729041652,2352.5117458083305
4.037,1176.4165174296,1176.4165174296,2352.8330348592
4.038,1176.6282358482515,1176.6282358482515,2353.256471696503
4.039,1176.8916799340686,1176.8916799340686,2353.7833598681373
4.04,1177.2007765564997,1177.2007765564997,2354.4015531129994
4.041,1177.5430803804197,1177.5430803804197,2355.0861607608394
4.042,1177.900881862856,1177.900881862856,2355.801763725712
4.043,1178.2529585042064,1178.2529585042064,2356.505917008413
4.0440000000000005,1178.5767841110733,1178.5767841110733,2357.1535682221465
4.045,1178.8509577788727,1178.8509577788727,2357.7019155577455
4.046,1179.0575873439657,1179.0575873439657,2358.1151746879314
4.047,1179.1843642555186,1179.1843642555186,2358.3687285110373
4.048,1179.2260980323006,1179.2260980323006,2358.452196064601
4.049,1179.1855353549079,1179.1855353549079,2358.3710707098157
4.05,1179.0733652206404,1179.0733652206404,2358.146730441281
4.051,1178.9073991210842,1178.9073991210842,2357.8147982421683
4.0520000000000005,1178.711004315871,1178.711004315871,2357.422008631742
4.053,1178.510949207576,1178.510949207576,2357.021898415152
4.054,1178.3348836973144,1178.3348836973144,2356.6697673946287
4.055,1178.2087172077627,1178.2087172077627,2356.4174344155253
4.056,1178.1541684260276,1178.1541684260276,2356.308336852055
4.057,1178.1867424872553,1178.1867424872553,2356.3734849745106
4.058,1178.3143452922025,1178.3143452922025,2356.628690584405
4.059,1178.536675966218,1178.536675966218,2357.073351932436
4.0600000000000005,1178.8454546437322,1178.8454546437322,2357.6909092874644
4.061,1179.2254529771155,1179.2254529771155,2358.450905954231
4.062,1179.656208842821,1179.656208842821,2359.312417685642
4.063,1180.1142340374097,1180.1142340374097,2360.2284680748194
4.064,1180.5754722409406,1180.5754722409406,2361.150944481881
4.065,1181.0177397578034,1181.0177397578034,2362.0354795156068
4.066,1181.4228861588758,1181.4228861588758,2362.8457723177517
4.067,1181.778445341032,1181.778445341032,2363.556890682064
4.0680000000000005,1182.0786059213033,1182.0786059213033,2364.1572118426066
4.069,1182.3244067764012,1182.3244067764012,2364.6488135528025
4.07,1182.5231503804089,1182.5231503804089,2365.0463007608178
4.071,1182.6871137588819,1182.6871137588819,2365.3742275177638
4.072,1182.8317147222133,1182.8317147222133,2365.6634294444266
4.073,1182.9733509665907,1182.9733509665907,2365.9467019331814
4.074,1183.127165033639,1183.127165033639,2366.254330067278
4.075,1183.3049951189007,1183.3049951189007,2366.6099902378014
4.0760000000000005,1183.5137495837037,1183.5137495837037,2367.0274991674073
4.077,1183.7543942527639,1183.7543942527639,2367.5087885055277
4.078,1184.0216716208527,1184.0216716208527,2368.0433432417053
4.079,1184.3045877438483,1184.3045877438483,2368.6091754876966
4.08,1184.5876151357584,1184.5876151357584,2369.1752302715167
4.081,1184.8524781752717,1184.8524781752717,2369.7049563505434
4.082,1185.0803204653316,1185.0803204653316,2370.1606409306632
4.083,1185.2540087803545,1185.2540087803545,2370.508017560709
4.0840000000000005,1185.3603107128163,1185.3603107128163,2370.7206214256325
4.085,1185.3916949115737,1185.3916949115737,2370.7833898231474
4.086,1185.347542663516,1185.347542663516,2370.695085327032
4.087,1185.2346231729496,1185.2346231729496,2370.469246345899
4.088,1185.0667652704374,1185.0667652704374,2370.1335305408747
4.089,1184.8637465984739,1184.8637465984739,2369.7274931969478
4.09,1184.6495078457247,1184.6495078457247,2369.2990156914493
4.091,1184.4498747840162,1184.4498747840162,2368.8997495680323
4.0920000000000005,1184.2900263850154,1184.2900263850154,2368.5800527700308
4.093,1184.1919769896879,1184.1919769896879,2368.3839539793757
4.094,1184.1723410389004,1184.1723410389004,2368.344682077801
4.095,1184.2406201159918,1184.2406201159918,2368.4812402319835
4.096,1184.3981970893337,1184.3981970893337,2368.7963941786675
4.097,1184.638146944214,1184.638146944214,2369.276293888428
4.098,1184.9458866549312,1184.9458866549312,2369.8917733098624
4.099,1185.3005966921257,1185.3005966921257,2370.6011933842515
4.1,1185.6772642888454,1185.6772642888454,2371.354528577691
4.101,1186.0491324053178,1186.0491324053178,2372.0982648106356
4.102,1186.3902956525058,1186.3902956525058,2372.7805913050115
4.103,1186.6781698931945,1186.6781698931945,2373.356339786389
4.104,1186.8955773819089,1186.8955773819089,2373.7911547638178
4.105,1187.0322324189578,1187.0322324189578,2374.0644648379157
4.106,1187.0854787993142,1187.0854787993142,2374.1709575986283
4.107,1187.0602125142968,1187.0602125142968,2374.1204250285937
4.108,1186.9680121616327,1186.9680121616327,2373.9360243232654
4.109,1186.8255855517118,1186.8255855517118,2373.6511711034236
4.11,1186.6527146230417,1186.6527146230417,2373.3054292460833
4.111,1186.4699339400945,1186.4699339400945,2372.939867880189
4.112,1186.2962049541857,1186.2962049541857,2372.5924099083713
4.113,1186.1468459809266,1186.1468459809266,2372.2936919618533
4.114,1186.031946825089,1186.031946825089,2372.063893650178
4.115,1185.9554406845727,1185.9554406845727,2371.9108813691455
4.116,1185.9149306972763,1185.9149306972763,2371.8298613945526
4.117,1185.902282655443,1185.902282655443,2371.804565310886
4.118,1185.90490855888,1185.90490855888,2371.80981711776
4.119,1185.9075874717464,1185.9075874717464,2371.815174943493
4.12,1185.8946092824583,1185.8946092824583,2371.7892185649166
4.121,1185.851990211038,1185.851990211038,2371.703980422076
4.122,1185.769500356314,1185.769500356314,2371.539000712628
4.123,1185.6422641921745,1185.6422641921745,2371.284528384349
4.124,1185.471742437937,1185.471742437937,2370.943484875874
4.125,1185.2659728881363,1185.2659728881363,2370.5319457762726
4.126,1185.0390309320976,1185.0390309320976,2370.078061864195
4.127,1184.8097584048087,1184.8097584048087,2369.6195168096174
4.128,1184.599892328434,1184.599892328434,2369.199784656868
4.1290000000000004,1184.431793806773,1184.431793806773,2368.863587613546
4.13,1184.3260241589253,1184.3260241589253,2368.6520483178506
4.131,1184.2990350651135,1184.2990350651135,2368.598070130227
4.132,1184.3612297776615,1184.3612297776615,2368.722459555323
4.133,1184.5156142967683,1184.5156142967683,2369.0312285935365
4.134,1184.7571949360017,1184.7571949360017,2369.5143898720034
4.135,1185.0731987068484,1185.0731987068484,2370.146397413697
4.136,1185.444104177469,1185.444104177469,2370.888208354938
4.1370000000000005,1185.8453826304549,1185.8453826304549,2371.6907652609098
4.138,1186.249772090891,1186.249772090891,2372.499544181782
4.139,1186.629848602119,1186.629848602119,2373.259697204238
4.14,1186.9606263908358,1186.9606263908358,2373.9212527816717
4.141,1187.2219148946876,1187.2219148946876,2374.4438297893753
4.142,1187.4001864461165,1187.4001864461165,2374.800372892233
4.143,1187.4897609033496,1187.4897609033496,2374.9795218066993
4.144,1187.493186954893,1187.493186954893,2374.986373909786
4.1450000000000005,1187.4207861652426,1187.4207861652426,2374.841572330485
4.146,1187.2894156332702,1187.2894156332702,2374.5788312665404
4.147,1187.1205885853385,1187.1205885853385,2374.241177170677
4.148,1186.938160214358,1186.938160214358,2373.876320428716
4.149,1186.765831203928,1186.765831203928,2373.531662407856
4.15,1186.6247387647659,1186.6247387647659,2373.2494775295318
4.151,1186.5313928360147,1186.5313928360147,2373.0627856720293
4.152,1186.4961747973393,1186.4961747973393,2372.9923495946787
4.1530000000000005,1186.5225521224324,1186.5225521224324,2373.045104244865
4.154,1186.6070819950196,1186.6070819950196,2373.214163990039
4.155,1186.740188923461,1186.740188923461,2373.480377846922
4.156,1186.9076155670411,1186.9076155670411,2373.8152311340823
4.157,1187.092371807396,1187.092371807396,2374.184743614792
4.158,1187.276952741011,1187.276952741011,2374.553905482022
4.159,1187.4455677078868,1187.4455677078868,2374.8911354157735
4.16,1187.5861228191031,1187.5861228191031,2375.1722456382063
4.1610000000000005,1187.6917286096627,1187.6917286096627,2375.3834572193255
4.162,1187.7615591376375,1187.7615591376375,2375.523118275275
4.163,1187.8009629637522,1187.8009629637522,2375.6019259275045
4.164,1187.8208117136428,1187.8208117136428,2375.6416234272856
4.165,1187.836158848481,1187.836158848481,2375.672317696962
4.166,1187.8643601633748,1187.8643601633748,2375.7287203267497
4.167,1187.9228695981424,1187.9228695981424,2375.8457391962847
4.168,1188.0269622429412,1188.0269622429412,2376.0539244858824
4.1690000000000005,1188.1876466414603,1188.1876466414603,2376.3752932829207
4.17,1188.4100094336052,1188.4100094336052,2376.8200188672104
4.171,1188.6921890766023,1188.6921890766023,2377.3843781532046
4.172,1189.0251068967107,1189.0251068967107,2378.0502137934213
4.173,1189.39300057503,1189.39300057503,2378.78600115006
4.174,1189.7747165170374,1189.7747165170374,2379.549433034075
4.175,1190.1456331787683,1190.1456331787683,2380.2912663575366
4.176,1190.480016651832,1190.480016651832,2380.960033303664
4.1770000000000005,1190.7535604904094,1190.7535604904094,2381.507120980819
4.178,1190.945839392036,1190.945839392036,2381.891678784072
4.179,1191.0424134582695,1191.0424134582695,2382.084826916539
4.18,1191.0363556591972,1191.0363556591972,2382.0727113183943
4.181,1190.929035939214,1190.929035939214,2381.858071878428
4.182,1190.7300745205123,1190.7300745205123,2381.4601490410246
4.183,1190.456465758535,1190.456465758535,2380.91293151707
4.184,1190.1309626848374,1190.1309626848374,2380.261925369675
4.1850000000000005,1189.7798914392442,1189.7798914392442,2379.5597828784885
4.186,1189.4306255102158,1189.4306255102158,2378.8612510204316
4.187,1189.1089854482184,1189.1089854482184,2378.217970896437
4.188,1188.836836610433,1188.836836610433,2377.673673220866
4.189,1188.6301348215873,1188.6301348215873,2377.2602696431745
4.19,1188.4976201241193,1188.4976201241193,2376.9952402482386
4.191,1188.4402875340857,1188.4402875340857,2376.8805750681713
4.192,1188.4516787677567,1188.4516787677567,2376.9033575355134
4.1930000000000005,1188.5189496004134,1188.5189496004134,2377.037899200827
4.194,1188.624583668896,1188.624583668896,2377.249167337792
4.195,1188.748554321265,1188.748554321265,2377.49710864253
4.196,1188.8706891103134,1188.8706891103134,2377.7413782206268
4.197,1188.9729718228925,1188.9729718228925,2377.945943645785
4.198,1189.041526615013,1189.041526615013,2378.083053230026
4.199,1189.068066719021,1189.068066719021,2378.136133438042
4.2,1189.0506520255842,1189.0506520255842,2378.1013040511684
4.2010000000000005,1188.993678703114,1188.993678703114,2377.987357406228
4.202,1188.9071111116918,1188.9071111116918,2377.8142222233837
4.203,1188.8050519087976,1188.8050519087976,2377.6101038175952
4.204,1188.7038209130938,1188.7038209130938,2377.4076418261875
4.205,1188.6197686968023,1188.6197686968023,2377.2395373936047
4.206,1188.5670808638592,1188.5670808638592,2377.1341617277185
4.207,1188.555830207501,1188.555830207501,2377.111660415002
4.208,1188.5905062836155,1188.5905062836155,2377.181012567231
4.2090000000000005,1188.6691984463437,1188.6691984463437,2377.3383968926873
4.21,1188.7835349983784,1188.7835349983784,2377.567069996757
4.211,1188.919395950542,1188.919395950542,2377.838791901084
4.212,1189.0583294167895,1189.0583294167895,2378.116658833579
4.213,1189.1795216130565,1189.1795216130565,2378.359043226113
4.214,1189.262106696009,1189.262106696009,2378.524213392018
4.215,1189.28756239275,1189.28756239275,2378.5751247855
4.216,1189.2419250753405,1189.2419250753405,2378.483850150681
4.2170000000000005,1189.117575079568,1189.117575079568,2378.235150159136
4.218,1188.91438786127,1188.91438786127,2377.82877572254
4.219,1188.6401141761794,1188.6401141761794,2377.280228352359
4.22,1188.3099354881967,1188.3099354881967,2376.6198709763935
4.221,1187.9452301704498,1187.9452301704498,2375.8904603408996
4.222,1187.5716719645723,1187.5716719645723,2375.1433439291445
4.223,1187.2168551724976,1187.2168551724976,2374.4337103449952
4.224,1186.9076931424768,1186.9076931424768,2373.8153862849535
4.225,1186.6678620366033,1186.6678620366033,2373.3357240732066
4.226,1186.51555781264,1186.51555781264,2373.03111562528
4.227,1186.4618012333938,1186.4618012333938,2372.9236024667875
4.228,1186.5094671359002,1186.5094671359002,2373.0189342718004
4.229,1186.653136546907,1186.653136546907,2373.306273093814
4.23,1186.879782006754,1186.879782006754,2373.759564013508
4.231,1187.1702073035397,1187.1702073035397,2374.3404146070793
4.232,1187.5010824621063,1187.5010824621063,2375.0021649242126
4.233,1187.8473520418963,1187.8473520418963,2375.6947040837927
4.234,1188.1847564002526,1188.1847564002526,2376.369512800505
4.235,1188.4921957120957,1188.4921957120957,2376.9843914241915
4.236,1188.7536862016186,1188.7536862016186,2377.5073724032372
4.237,1188.9597049877084,1188.9597049877084,2377.919409975417
4.238,1189.1077889267583,1189.1077889267583,2378.2155778535166
4.239,1189.2023361930671,1189.2023361930671,2378.4046723861343
4.24,1189.253647837963,1189.253647837963,2378.507295675926
4.241,1189.2763304341859,1189.2763304341859,2378.5526608683717
4.242,1189.2872508915975,1189.2872508915975,2378.574501783195
4.243,1189.3032829233102,1189.3032829233102,2378.6065658466205
4.244,1189.3391061457294,1189.3391061457294,2378.6782122914587
4.245,1189.4053110915775,1189.4053110915775,2378.810622183155
4.246,1189.5070274175653,1189.5070274175653,2379.0140548351305
4.247,1189.6432323466915,1189.6432323466915,2379.286464693383
4.248,1189.806818631282,1189.806818631282,2379.613637262564
4.249,1189.9854147270244,1189.9854147270244,2379.9708294540487
4.25,1190.16286407905,1190.16286407905,2380.3257281581
4.251,1190.3211949982265,1190.3211949982265,2380.642389996453
4.252,1190.442855962151,1190.442855962151,2380.885711924302
4.253,1190.5129596460222,1190.5129596460222,2381.0259192920444
4.2540000000000004,1190.5212761290863,1190.5212761290863,2381.0425522581727
4.255,1190.463741913919,1190.463741913919,2380.927483827838
4.256,1190.343303800747,1190.343303800747,2380.686607601494
4.257,1190.1699895322795,1190.1699895322795,2380.339979064559
4.258,1189.9601824458023,1189.9601824458023,2379.9203648916045
4.259,1189.7351657271474,1189.7351657271474,2379.470331454295
4.26,1189.519083490929,1189.519083490929,2379.038166981858
4.261,1189.3365317729183,1189.3365317729183,2378.6730635458366
4.2620000000000005,1189.2100352960592,1189.2100352960592,2378.4200705921185
4.263,1189.1576807755048,1189.1576807755048,2378.3153615510096
4.264,1189.1911628360747,1189.1911628360747,2378.3823256721494
4.265,1189.3144558582921,1189.3144558582921,2378.6289117165843
4.266,1189.523258866349,1189.523258866349,2379.046517732698
4.267,1189.8052781255224,1189.8052781255224,2379.6105562510447
4.268,1190.1413224222988,1190.1413224222988,2380.2826448445976
4.269,1190.5070988557188,1190.5070988557188,2381.0141977114376
4.2700000000000005,1190.8755218973572,1190.8755218973572,2381.7510437947144
4.271,1191.2192936827848,1191.2192936827848,2382.4385873655697
4.272,1191.51348495892,1191.51348495892,2383.02696991784
4.273,1191.7378469285597,1191.7378469285597,2383.4756938571195
4.274,1191.8786142841075,1191.8786142841075,2383.757228568215
4.275,1191.9296156794544,1191.9296156794544,2383.859231358909
4.276,1191.892583585967,1191.892583585967,2383.785167171934
4.277,1191.7766425904358,1191.7766425904358,2383.5532851808716
4.2780000000000005,1191.5970441532081,1191.5970441532081,2383.1940883064162
4.279,1191.3732968991833,1191.3732968991833,2382.7465937983666
4.28,1191.1269057944983,1191.1269057944983,2382.2538115889965
4.281,1190.8789740607747,1190.8789740607747,2381.7579481215494
4.282,1190.647934021314,1190.647934021314,2381.295868042628
4.283,1190.4476559951115,1190.4476559951115,2380.895311990223
4.284,1190.2861398373607,1190.2861398373607,2380.5722796747214
4.285,1190.1649267765272,1190.1649267765272,2380.3298535530544
4.2860000000000005,1190.079287294601,1190.079287294601,2380.158574589202
4.287,1190.0191530567986,1190.0191530567986,2380.038306113597
4.288,1189.970677070732,1189.970677070732,2379.941354141464
4.289,1189.9182356488259,1189.9182356488259,2379.8364712976518
4.29,1189.8466361939827,1189.8466361939827,2379.6932723879654
4.291,1189.7432718208725,1189.7432718208725,2379.486543641745
4.292,1189.599969911585,1189.599969911585,2379.19993982317
4.293,1189.4143162057271,1189.4143162057271,2378.8286324114542
4.2940000000000005,1189.1902951102375,1189.1902951102375,2378.380590220475
4.295,1188.938164023817,1188.938164023817,2377.876328047634
4.296,1188.6735660418317,1188.6735660418317,2377.3471320836634
4.297,1188.4159718196383,1188.4159718196383,2376.8319436392767
4.298,1188.186618011689,1188.186618011689,2376.373236023378
4.299,1188.0061680261492,1188.0061680261492,2376.0123360522985
4.3,1187.8923543108438,1187.8923543108438,2375.7847086216875
4.301,1187.8578662253453,1187.8578662253453,2375.7157324506907
4.3020000000000005,1187.9087231251247,1187.9087231251247,2375.8174462502493
4.303,1188.0433211890595,1188.0433211890595,2376.086642378119
4.304,1188.2522703125005,1188.2522703125005,2376.504540625001
4.305,1188.5190519556527,1188.5190519556527,2377.0381039113054
4.306,1188.8214395444472,1188.8214395444472,2377.6428790888945
4.307,1189.13353967298,1189.13353967298,2378.26707934596
4.308,1189.4282441194082,1189.4282441194082,2378.8564882388164
4.309,1189.6798370788515,1189.6798370788515,2379.359674157703
4.3100000000000005,1189.8664840781732,1189.8664840781732,2379.7329681563465
4.311,1189.9723407758006,1189.9723407758006,2379.944681551601
4.312,1189.9890600163264,1189.9890600163264,2379.978120032653
4.313,1189.916539736151,1189.916539736151,2379.833079472302
4.314,1189.7628355943102,1189.7628355943102,2379.5256711886204
4.315,1189.5432516535147,1189.5432516535147,2379.0865033070295
4.316,1189.278710288329,1189.278710288329,2378.557420576658
4.317,1188.9935791592025,1188.9935791592025,2377.987158318405
4.3180000000000005,1188.7131902068093,1188.7131902068093,2377.4263804136185
4.319,1188.4613169881975,1188.4613169881975,2376.922633976395
4.32,1188.2578789260888,1188.2578789260888,2376.5157578521776
4.321,1188.1171140089898,1188.1171140089898,2376.2342280179796
4.322,1188.0464082142807,1188.0464082142807,2376.0928164285615
4.323,1188.0458963596113,1188.0458963596113,2376.0917927192227
4.324,1188.10886337316,1188.10886337316,2376.21772674632
4.325,1188.2228865862169,1188.2228865862169,2376.4457731724337
4.3260000000000005,1188.371578344323,1188.371578344323,2376.743156688646
4.327,1188.5367229587123,1188.5367229587123,2377.0734459174246
4.328,1188.7005599449658,1188.7005599449658,2377.4011198899316
4.329,1188.8479512120164,1188.8479512120164,2377.6959024240327
4.33,1188.96818488343,1188.96818488343,2377.93636976686
4.331,1189.056211021043,1189.056211021043,2378.112422042086
4.332,1189.1131698948352,1189.1131698948352,2378.2263397896704
4.333,1189.146154298286,1189.146154298286,2378.292308596572
4.3340000000000005,1189.1672347302301,1189.1672347302301,2378.3344694604602
4.335,1189.1918603233257,1189.1918603233257,2378.3837206466515
4.336,1189.2368198294948,1189.2368198294948,2378.4736396589897
4.337,1189.3179978067478,1189.3179978067478,2378.6359956134957
4.338,1189.4481857032279,1189.4481857032279,2378.8963714064557
4.339,1189.6352030272383,1189.6352030272383,2379.2704060544766
4.34,1189.8805506698739,1189.8805506698739,2379.7611013397477
4.341,1190.1787603251782,1190.1787603251782,2380.3575206503565
4.3420000000000005,1190.5175272217343,1190.5175272217343,2381.0350544434687
4.343,1190.8786265001963,1190.8786265001963,2381.7572530003927
4.344,1191.23952614191,1191.23952614191,2382.47905228382
4.345,1191.5755310514155,1191.5755310514155,2383.151062102831
4.346,1191.862232407166,1191.862232407166,2383.724464814332
4.347,1192.0780004572937,1192.0780004572937,2384.1560009145874
4.348,1192.2062515928005,1192.2062515928005,2384.412503185601
4.349,1192.237242677386,1192.237242677386,2384.474485354772
4.3500000000000005,1192.1691949039991,1192.1691949039991,2384.3383898079983
4.351,1192.0086205454897,1192.0086205454897,2384.0172410909795
4.352,1191.7698111279487,1191.7698111279487,2383.5396222558975
4.353,1191.473535483545,1191.473535483545,2382.94707096709
4.354,1191.1450810053798,1191.1450810053798,2382.2901620107596
4.355,1190.811841949245,1190.811841949245,2381.62368389849
4.356,1190.5007070945621,1190.5007070945621,2381.0014141891243
4.357,1190.2355201951482,1190.2355201951482,2380.4710403902964
4.358,1190.0348781253686,1190.0348781253686,2380.069756250737
4.359,1189.910494415631,1189.910494415631,2379.820988831262
4.36,1189.8662940754298,1189.8662940754298,2379.7325881508596
4.361,1189.8983260174716,1189.8983260174716,2379.7966520349432
4.362,1189.9954907623662,1189.9954907623662,2379.9909815247324
4.363,1190.140993141099,1190.140993141099,2380.281986282198
4.364,1190.3143520547392,1190.3143520547392,2380.6287041094783
4.365,1190.493740481736,1190.493740481736,2380.987480963472
4.366,1190.658395245487,1190.658395245487,2381.316790490974
4.367,1190.7908311870608,1190.7908311870608,2381.5816623741216
4.368,1190.878618768244,1190.878618768244,2381.757237536488
4.369,1190.9155349716762,1190.9155349716762,2381.8310699433523
4.37,1190.9019689667098,1190.9019689667098,2381.8039379334195
4.371,1190.8445483883484,1190.8445483883484,2381.6890967766967
4.372,1190.7550398500903,1190.7550398500903,2381.5100797001805
4.373,1190.648658736009,1190.648658736009,2381.297317472018
4.374,1190.5419893647027,1190.5419893647027,2381.0839787294053
4.375,1190.450759972189,1190.450759972189,2380.901519944378
4.376,1190.3877328274561,1190.3877328274561,2380.7754656549123
4.377,1190.360956428027,1190.360956428027,2380.721912856054
4.378,1190.372585620708,1190.372585620708,2380.745171241416
4.3790000000000004,1190.4184112279738,1190.4184112279738,2380.8368224559476
4.38,1190.4881604771117,1190.4881604771117,2380.9763209542234
4.381,1190.5665421518438,1190.5665421518438,2381.1330843036876
4.382,1190.6349256332626,1190.6349256332626,2381.269851266525
4.383,1190.6734703064271,1190.6734703064271,2381.3469406128543
4.384,1190.6634692940827,1190.6634692940827,2381.3269385881654
4.385,1190.5896450301416,1190.5896450301416,2381.179290060283
4.386,1190.4421368173053,1190.4421368173053,2380.8842736346105
4.3870000000000005,1190.2179520284026,1190.2179520284026,2380.435904056805
4.388,1189.921709619306,1189.921709619306,2379.843419238612
4.389,1189.5655809100826,1189.5655809100826,2379.1311618201653
4.39,1189.16841980803,1189.16841980803,2378.33683961606
4.391,1188.7541632184705,1188.7541632184705,2377.508326436941
4.392,1188.3496625771722,1188.3496625771722,2376.6993251543445
4.393,1187.9821704090941,1187.9821704090941,2375.9643408181882
4.394,1187.6767446193483,1187.6767446193483,2375.3534892386965
4.3950000000000005,1187.4538435486968,1187.4538435486968,2374.9076870973936
4.396,1187.3273654954914,1187.3273654954914,2374.654730990983
4.397,1187.3033394916938,1187.3033394916938,2374.6066789833876
4.398,1187.379404723682,1187.379404723682,2374.758809447364
4.399,1187.5451316786255,1187.5451316786255,2375.090263357251
4.4,1187.7831480802056,1187.7831480802056,2375.566296160411
4.401,1188.0709467837582,1188.0709467837582,2376.1418935675165
4.402,1188.383180404291,1188.383180404291,2376.766360808582
4.4030000000000005,1188.6941964383896,1188.6941964383896,2377.388392876779
4.404,1188.980542546556,1188.980542546556,2377.961085093112
4.405,1189.2231770593978,1189.2231770593978,2378.4463541187956
4.406,1189.4091539915607,1189.4091539915607,2378.8183079831215
4.407,1189.5326110583894,1189.5326110583894,2379.065222116779
4.408,1189.594966818785,1189.594966818785,2379.18993363757
4.409,1189.604320526465,1189.604320526465,2379.20864105293
4.41,1189.5741359076492,1189.5741359076492,2379.1482718152984
4.4110000000000005,1189.5213682419094,1189.5213682419094,2379.0427364838188
4.412,1189.4642542134543,1189.4642542134543,2378.9285084269086
4.413,1189.4200194412344,1189.4200194412344,2378.840038882469
4.414,1189.402765540456,1189.402765540456,2378.805531080912
4.415,1189.4217763241872,1189.4217763241872,2378.8435526483745
4.416,1189.4804338601155,1189.4804338601155,2378.960867720231
4.417,1189.5758650394816,1189.5758650394816,2379.1517300789633
4.418,1189.699355916758,1189.699355916758,2379.398711833516
4.4190000000000005,1189.8374836360351,1189.8374836360351,2379.6749672720703
4.42,1189.9738340134822,1189.9738340134822,2379.9476680269645
4.421,1190.091105900838,1190.091105900838,2380.182211801676
4.422,1190.1733587777408,1190.1733587777408,2380.3467175554815
4.423,1190.2081426083967,1190.2081426083967,2380.4162852167933
4.424,1190.188260827285,1190.188260827285,2380.37652165457
4.425,1190.1129571249799,1190.1129571249799,2380.2259142499597
4.426,1189.9883801215547,1189.9883801215547,2379.9767602431093
4.4270000000000005,1189.8272600521125,1189.8272600521125,2379.654520104225
4.428,1189.6478194061326,1189.6478194061326,2379.295638812265
4.429,1189.4720253428604,1189.4720253428604,2378.944050685721
4.43,1189.3233661290956,1189.3233661290956,2378.646732258191
4.431,1189.2243885418798,1189.2243885418798,2378.4487770837595
4.432,1189.194262038083,1189.194262038083,2378.388524076166
4.433,1189.2466352460497,1189.2466352460497,2378.4932704920993
4.434,1189.3880209145184,1189.3880209145184,2378.776041829037
4.4350000000000005,1189.6168900074476,1189.6168900074476,2379.2337800148953
4.436,1189.9235801764526,1189.9235801764526,2379.847160352905
4.437,1190.2910366013452,1190.2910366013452,2380.5820732026905
4.438,1190.696313695459,1190.696313695459,2381.392627390918
4.439,1191.112684215691,1191.112684215691,2382.225368431382
4.44,1191.5121368677549,1191.5121368677549,2383.0242737355097
4.441,1191.8680017194251,1191.8680017194251,2383.7360034388503
4.442,1192.1574291985407,1192.1574291985407,2384.3148583970815
4.4430000000000005,1192.3634646312014,1192.3634646312014,2384.726929262403
4.444,1192.476504383203,1192.476504383203,2384.953008766406
4.445,1192.4949868567408,1192.4949868567408,2384.9899737134815
4.446,1192.425254489458,1192.425254489458,2384.850508978916
4.447,1192.28061241324,1192.28061241324,2384.56122482648
4.448,1192.07969575005,1192.07969575005,2384.1593915001
4.449,1191.844331210435,1191.844331210435,2383.68866242087
4.45,1191.5971316786572,1191.5971316786572,2383.1942633573144
4.4510000000000005,1191.3590890647072,1191.3590890647072,2382.7181781294144
4.452,1191.1474280430616,1191.1474280430616,2382.294856086123
4.453,1190.9739517728678,1190.9739517728678,2381.9479035457357
4.454,1190.8440538761356,1190.8440538761356,2381.688107752271
4.455,1190.7564951940674,1190.7564951940674,2381.5129903881348
4.456,1190.7039575803226,1190.7039575803226,2381.407915160645
4.457,1190.674299803181,1190.674299803181,2381.348599606362
4.458,1190.6523621830481,1190.6523621830481,2381.3047243660963
4.4590000000000005,1190.6221055735814,1190.6221055735814,2381.244211147163
4.46,1190.56883345032,1190.56883345032,2381.13766690064
4.461,1190.4812372620297,1190.4812372620297,2380.9624745240594
4.462,1190.3530257567468,1190.3530257567468,2380.7060515134935
4.463,1190.183946412249,1190.183946412249,2380.367892824498
4.464,1189.9800760962985,1189.9800760962985,2379.960152192597
4.465,1189.75334097811,1189.75334097811,2379.50668195622
4.466,1189.5203132867248,1189.5203132867248,2379.0406265734496
4.4670000000000005,1189.3004150165825,1189.3004150165825,2378.600830033165
4.468,1189.113726920852,1189.113726920852,2378.227453841704
4.469,1188.978647484464,1188.978647484464,2377.957294968928
4.47,1188.9096658213807,1188.9096658213807,2377.8193316427614
4.471,1188.9155023770054,1188.9155023770054,2377.831004754011
4.472,1188.9978329597902,1188.9978329597902,2377.9956659195805
4.473,1189.1507491295454,1189.1507491295454,2378.3014982590907
4.474,1189.3610281623912,1189.3610281623912,2378.7220563247824
4.4750000000000005,1189.6091974466524,1189.6091974466524,2379.218394893305
4.476,1189.8712909538806,1189.8712909538806,2379.742581907761
4.477,1190.1211189786354,1190.1211189786354,2380.242237957271
4.478,1190.3328150854886,1190.3328150854886,2380.6656301709772
4.479,1190.4833924790873,1190.4833924790873,2380.9667849581747
4.48,1190.5550393616322,1190.5550393616322,2381.1100787232645
4.481,1190.536909610529,1190.536909610529,2381.073819221058
4.482,1190.4262184153492,1190.4262184153492,2380.8524368306985
4.483,1190.2285265606954,1190.2285265606954,2380.457053121391
4.484,1189.9571837545645,1189.9571837545645,2379.914367509129
4.485,1189.631991313631,1189.631991313631,2379.263982627262
4.486,1189.2772278103268,1189.2772278103268,2378.5544556206537
4.487,1188.919248873299,1188.919248873299,2377.838497746598
4.488,1188.5839168520536,1188.5839168520536,2377.167833704107
4.489,1188.2941326838834,1188.2941326838834,2376.588265367767
4.49,1188.0677292774253,1188.0677292774253,2376.1354585548506
4.491,1187.91594455004,1187.91594455004,2375.83188910008
4.492,1187.8426275127165,1187.8426275127165,2375.685255025433
4.493,1187.844249655488,1187.844249655488,2375.688499310976
4.494,1187.9107053077646,1187.9107053077646,2375.821410615529
4.495,1188.0267983928268,1188.0267983928268,2376.0535967856536
4.496,1188.1742385508353,1188.1742385508353,2376.3484771016706
4.497,1188.33391513721,1188.33391513721,2376.66783027442
4.498,1188.4881890612542,1188.4881890612542,2376.9763781225083
4.499,1188.6229428886297,1188.6229428886297,2377.2458857772594
4.5,1188.7291589563931,1188.7291589563931,2377.4583179127862
4.501,1188.803850114572,1188.803850114572,2377.607700229144
4.502,1188.8502419657016,1188.8502419657016,2377.700483931403
4.503,1188.8771908349374,1188.8771908349374,2377.754381669875
4.5040000000000004,1188.8979086570098,1188.8979086570098,2377.7958173140196
4.505,1188.9281448305476,1188.9281448305476,2377.856289661095
4.506,1188.9840370836928,1188.9840370836928,2377.9680741673856
4.507,1189.079881607812,1189.079881607812,2378.159763215624
4.508,1189.2260828751,1189.2260828751,2378.4521657502
4.509,1189.4275244973398,1189.4275244973398,2378.8550489946797
4.51,1189.682556282819,1189.682556282819,2379.365112565638
4.511,1189.982724393752,1189.982724393752,2379.965448787504
4.5120000000000005,1190.3132887354857,1190.3132887354857,2380.6265774709714
4.513,1190.6544835783043,1190.6544835783043,2381.3089671566086
4.514,1190.9833936879081,1190.9833936879081,2381.9667873758162
4.515,1191.276248216333,1191.276248216333,2382.552496432666
4.516,1191.510886078338,1191.510886078338,2383.021772156676
4.517,1191.6691249461298,1191.6691249461298,2383.3382498922597
4.518,1191.7387738120804,1191.7387738120804,2383.4775476241607
4.519,1191.7150655303703,1191.7150655303703,2383.4301310607407
4.5200000000000005,1191.6013469319817,1191.6013469319817,2383.2026938639633
4.521,1191.4089433620843,1191.4089433620843,2382.8178867241686
4.522,1191.1562031650242,1191.1562031650242,2382.3124063300484
4.523,1190.8668160423729,1190.8668160423729,2381.7336320847458
4.524,1190.5675776552562,1190.5675776552562,2381.1351553105123
4.525,1190.2858327385593,1190.2858327385593,2380.5716654771186
4.526,1190.0468637765034,1190.0468637765034,2380.093727553007
4.527,1189.8714981436306,1189.8714981436306,2379.742996287261
4.5280000000000005,1189.7741829016659,1189.7741829016659,2379.5483658033318
4.529,1189.7617257627028,1189.7617257627028,2379.5234515254056
4.53,1189.8328286405206,1189.8328286405206,2379.665657281041
4.531,1189.978454616573,1189.978454616573,2379.956909233146
4.532,1190.182979421686,1190.182979421686,2380.365958843372
4.533,1190.4259944978212,1190.4259944978212,2380.8519889956424
4.534,1190.6845595376114,1190.6845595376114,2381.369119075223
4.535,1190.9356556369291,1190.9356556369291,2381.8713112738583
4.5360000000000005,1191.1585708966222,1191.1585708966222,2382.3171417932444
4.537,1191.3369605036464,1191.3369605036464,2382.673921007293
4.538,1191.460361789031,1191.460361789031,2382.920723578062
4.539,1191.5250071684895,1191.5250071684895,2383.050014336979
4.54,1191.5338572579312,1191.5338572579312,2383.0677145158625
4.541,1191.4958639971499,1191.4958639971499,2382.9917279942997
4.542,1191.4245596022756,1191.4245596022756,2382.8491192045512
4.543,1191.3361420803578,1191.3361420803578,2382.6722841607157
4.5440000000000005,1191.2472835960725,1191.2472835960725,2382.494567192145
4.545,1191.1729180521534,1191.1729180521534,2382.3458361043067
4.546,1191.1242655320525,1191.1242655320525,2382.248531064105
4.547,1191.107323648036,1191.107323648036,2382.214647296072
4.548,1191.122002435945,1191.122002435945,2382.24400487189
4.549,1191.162006194511,1191.162006194511,2382.324012389022
4.55,1191.2154807385202,1191.2154807385202,2382.4309614770405
4.551,1191.266357375773,1191.266357375773,2382.532714751546
4.5520000000000005,1191.2962452351678,1191.2962452351678,2382.5924904703356
4.553,1191.2866602534987,1191.2866602534987,2382.5733205069973
4.554,1191.2213392534718,1191.2213392534718,2382.4426785069436
4.555,1191.088375607731,1191.088375607731,2382.176751215462
4.556,1190.8819303883317,1190.8819303883317,2381.7638607766635
4.557,1190.6033178073408,1190.6033178073408,2381.2066356146815
4.558,1190.2613312757774,1190.2613312757774,2380.5226625515547
4.559,1189.8717591497755,1189.8717591497755,2379.743518299551
4.5600000000000005,1189.4561281043598,1189.4561281043598,2378.9122562087196
4.561,1189.0397972924266,1189.0397972924266,2378.079594584853
4.562,1188.6495986100463,1188.6495986100463,2377.2991972200925
4.563,1188.311269520816,1188.311269520816,2376.622539041632
4.564,1188.0469493154517,1188.0469493154517,2376.0938986309034
4.565,1187.8730046509934,1187.8730046509934,2375.7460093019868
4.566,1187.7984162137113,1187.7984162137113,2375.5968324274227
4.567,1187.8238990506325,1187.8238990506325,2375.647798101265
4.5680000000000005,1187.941850966763,1187.941850966763,2375.883701933526
4.569,1188.13713491134,1188.13713491134,2376.27426982268
4.57,1188.3886121354542,1188.3886121354542,2376.7772242709084
4.571,1188.6712628278635,1188.6712628278635,2377.342525655727
4.572,1188.9586686626615,1188.9586686626615,2377.917337325323
4.573,1189.225594002414,1189.225594002414,2378.451188004828
4.574,1189.4503934732334,1189.4503934732334,2378.9007869464667
4.575,1189.6169941956327,1189.6169941956327,2379.2339883912655
4.5760000000000005,1189.716248799753,1189.716248799753,2379.432497599506
4.577,1189.7465251670892,1189.7465251670892,2379.4930503341784
4.578,1189.7134829095728,1189.7134829095728,2379.4269658191456
4.579,1189.629075653569,1189.629075653569,2379.258151307138
4.58,1189.5099024418455,1189.5099024418455,2379.019804883691
4.581,1189.3751017498198,1189.3751017498198,2378.7502034996396
4.582,1189.244030049247,1189.244030049247,2378.488060098494
4.583,1189.1339882712675,1189.1339882712675,2378.267976542535
4.5840000000000005,1189.0582516410514,1189.0582516410514,2378.1165032821027
4.585,1189.0246221378372,1189.0246221378372,2378.0492442756745
4.586,1189.0346623677156,1189.0346623677156,2378.069324735431
4.587,1189.083691689269,1189.083691689269,2378.167383378538
4.588,1189.1615386982112,1189.1615386982112,2378.3230773964224
4.589,1189.2539583150742,1189.2539583150742,2378.5079166301484
4.59,1189.3445462844936,1189.3445462844936,2378.6890925689872
4.591,1189.416927279892,1189.416927279892,2378.833854559784
4.5920000000000005,1189.4569613185977,1189.4569613185977,2378.9139226371954
4.593,1189.454710348421,1189.454710348421,2378.909420696842
4.594,1189.4059330101436,1189.4059330101436,2378.811866020287
4.595,1189.3129278390118,1189.3129278390118,2378.6258556780235
4.596,1189.1846177714203,1189.1846177714203,2378.3692355428407
4.597,1189.0358537379,1189.0358537379,2378.0717074758
4.598,1188.8860029426178,1188.8860029426178,2377.7720058852356
4.599,1188.7569684090902,1188.7569684090902,2377.5139368181804
4.6000000000000005,1188.6708515085052,1188.6708515085052,2377.3417030170103
4.601,1188.64751121371,1188.64751121371,2377.29502242742
4.602,1188.702288011724,1188.702288011724,2377.404576023448
4.603,1188.844145098507,1188.844145098507,2377.688290197014
4.604,1189.0744362612063,1189.0744362612063,2378.1488725224126
4.605,1189.386443394309,1189.386443394309,2378.772886788618
4.606,1189.7657441343192,1189.7657441343192,2379.5314882686384
4.607,1190.1913806430866,1190.1913806430866,2380.3827612861733
4.6080000000000005,1190.637713915441,1190.637713915441,2381.275427830882
4.609,1191.0767736299335,1191.0767736299335,2382.153547259867
4.61,1191.4808596592625,1191.4808596592625,2382.961719318525
4.611,1191.8251238278801,1191.8251238278801,2383.6502476557603
4.612,1192.0898623763521,1192.0898623763521,2384.1797247527043
4.613,1192.262280669233,1192.262280669233,2384.524561338466
4.614,1192.3375485666963,1192.3375485666963,2384.6750971333927
4.615,1192.3190413420523,1192.3190413420523,2384.6380826841046
4.616,1192.2177486960732,1192.2177486960732,2384.4354973921463
4.617,1192.0509237006327,1192.0509237006327,2384.1018474012653
4.618,1191.8401246373012,1191.8401246373012,2383.6802492746024
4.619,1191.608866826597,1191.608866826597,2383.217733653194
4.62,1191.3801416955885,1191.3801416955885,2382.760283391177
4.621,1191.1740721762708,1191.1740721762708,2382.3481443525416
4.622,1191.0059558549092,1191.0059558549092,2382.0119117098184
4.623,1190.8849021435076,1190.8849021435076,2381.769804287015
4.624,1190.8132021803149,1190.8132021803149,2381.6264043606297
4.625,1190.7864877089464,1190.7864877089464,2381.572975417893
4.626,1190.794646985839,1190.794646985839,2381.589293971678
4.627,1190.8233815912076,1190.8233815912076,2381.6467631824153
4.628,1190.8562171759538,1190.8562171759538,2381.7124343519076
4.6290000000000004,1190.8767314840338,1190.8767314840338,2381.7534629680677
4.63,1190.8707399137165,1190.8707399137165,2381.741479827433
4.631,1190.8281849356038,1190.8281849356038,2381.6563698712075
4.632,1190.7445101544477,1190.7445101544477,2381.4890203088953
4.633,1190.6213588209264,1190.6213588209264,2381.242717641853
4.634,1190.4665135834762,1190.4665135834762,2380.9330271669523
4.635,1190.293080642208,1190.293080642208,2380.586161284416
4.636,1190.118007607465,1190.118007607465,2380.23601521493
4.6370000000000005,1189.9601006766939,1189.9601006766939,2379.9202013533877
4.638,1189.8377647104244,1189.8377647104244,2379.6755294208488
4.639,1189.766722922538,1189.766722922538,2379.533445845076
4.64,1189.7579774576893,1189.7579774576893,2379.5159549153786
4.641,1189.8162475265485,1189.8162475265485,2379.632495053097
4.642,1189.939070652248,1189.939070652248,2379.878141304496
4.643,1190.11668053238,1190.11668053238,2380.23336106476
4.644,1190.3326899482513,1190.3326899482513,2380.6653798965026
4.6450000000000005,1190.5655184188377,1190.5655184188377,2381.1310368376753
4.646,1190.7904216851705,1190.7904216851705,2381.580843370341
4.647,1190.9819127489557,1190.9819127489557,2381.9638254979113
4.648,1191.1163195403574,1191.1163195403574,2382.2326390807148
4.649,1191.1742073290131,1191.1742073290131,2382.3484146580263
4.65,1191.1424066556613,1191.1424066556613,2382.2848133113225
4.651,1191.0154285309884,1191.0154285309884,2382.030857061977
4.652,1190.7961134931768,1190.7961134931768,2381.5922269863536
4.6530000000000005,1190.4954427796697,1190.4954427796697,2380.9908855593394
4.654,1190.13152944386,1190.13152944386,2380.26305888772
4.655,1189.72789495345,1189.72789495345,2379.4557899069
4.656,1189.3112130665052,1189.3112130665052,2378.6224261330103
4.657,1188.908759271957,1188.908759271957,2377.817518543914
4.658,1188.545834652165,1188.545834652165,2377.09166930433
4.659,1188.2434343708223,1188.2434343708223,2376.4868687416447
4.66,1188.0164030132116,1188.0164030132116,2376.0328060264233
4.6610000000000005,1187.8722648277871,1187.8722648277871,2375.7445296555743
4.662,1187.810842530637,1187.810842530637,2375.621685061274
4.663,1187.8246919401222,1187.8246919401222,2375.6493838802444
4.664,1187.9002908164887,1187.9002908164887,2375.8005816329774
4.665,1188.01983865684,1188.01983865684,2376.03967731368
4.666,1188.1634587880133,1188.1634587880133,2376.3269175760265
4.667,1188.31155205414,1188.31155205414,2376.62310410828
4.668,1188.4470372688304,1188.4470372688304,2376.894074537661
4.6690000000000005,1188.5572288624999,1188.5572288624999,2377.1144577249997
4.67,1188.6351450245418,1188.6351450245418,2377.2702900490835
4.671,1188.6801052912997,1188.6801052912997,2377.3602105825994
4.672,1188.697557625533,1188.697557625533,2377.395115251066
4.673,1188.6981625334256,1188.6981625334256,2377.396325066851
4.674,1188.6962459340168,1188.6962459340168,2377.3924918680336
4.675,1188.707803973689,1188.707803973689,2377.415607947378
4.676,1188.7482938179942,1188.7482938179942,2377.4965876359884
4.6770000000000005,1188.8304689987813,1188.8304689987813,2377.6609379975625
4.678,1188.9625134069606,1188.9625134069606,2377.9250268139212
4.679,1189.146694981013,1189.146694981013,2378.293389962026
4.68,1189.3787021962673,1189.3787021962673,2378.7574043925347
4.681,1189.6477500229564,1189.6477500229564,2379.295500045913
4.682,1189.9374555616616,1189.9374555616616,2379.8749111233233
4.683,1190.2273966741027,1190.2273966741027,2380.4547933482054
4.684,1190.4951892580525,1190.4951892580525,2380.990378516105
4.6850000000000005,1190.7188590149794,1190.7188590149794,2381.437718029959
4.686,1190.8792483135542,1190.8792483135542,2381.7584966271083
4.687,1190.962192044771,1190.962192044771,2381.924384089542
4.688,1190.9602190336584,1190.9602190336584,2381.920438067317
4.689,1190.8735852159696,1190.8735852159696,2381.747170431939
4.69,1190.7105160241886,1190.7105160241886,2381.421032048377
4.691,1190.486620485028,1190.486620485028,2380.973240970056
4.692,1190.2235291045786,1190.2235291045786,2380.447058209157
4.6930000000000005,1189.94689189048,1189.94689189048,2379.89378378096
4.694,1189.6839425850526,1189.6839425850526,2379.367885170105
4.695,1189.4608826990054,1189.4608826990054,2378.921765398011
4.696,1189.30035901308,1189.30035901308,2378.60071802616
4.697,1189.2192986333548,1189.2192986333548,2378.4385972667096
4.698,1189.2273274763575,1189.2273274763575,2378.454654952715
4.699,1189.3259353938697,1189.3259353938697,2378.6518707877394
4.7,1189.5084708772179,1189.5084708772179,2379.0169417544357
4.7010000000000005,1189.7609591872022,1189.7609591872022,2379.5219183744043
4.702,1190.0636495809915,1190.0636495809915,2380.127299161983
4.703,1190.3931196837684,1190.3931196837684,2380.786239367537
4.704,1190.7247064444043,1190.7247064444043,2381.4494128888086
4.705,1191.0349998858358,1191.0349998858358,2382.0699997716715
4.706,1191.3041315794817,1191.3041315794817,2382.6082631589634
4.707,1191.5176148190594,1191.5176148190594,2383.035229638119
4.708,1191.6675449962718,1191.6675449962718,2383.3350899925435
4.7090000000000005,1191.7530409335827,1191.7530409335827,2383.5060818671654
4.71,1191.7798928800396,1191.7798928800396,2383.559785760079
4.711,1191.759471112583,1191.759471112583,2383.518942225166
4.712,1191.7070308500276,1191.7070308500276,2383.4140617000553
4.713,1191.6396154544054,1191.6396154544054,2383.279230908811
4.714,1191.5738033665361,1191.5738033665361,2383.1476067330723
4.715,1191.523560133613,1191.523560133613,2383.047120267226
4.716,1191.4984435269207,1191.4984435269207,2382.9968870538414
4.7170000000000005,1191.5023686518791,1191.5023686518791,2383.0047373037582
4.718,1191.5330757270283,1191.5330757270283,2383.0661514540566
4.719,1191.5823630216048,1191.5823630216048,2383.1647260432096
4.72,1191.637060229468,1191.637060229468,2383.274120458936
4.721,1191.6806330361126,1191.6806330361126,2383.361266072225
4.722,1191.6952372256724,1191.6952372256724,2383.3904744513447
4.723,1191.6639884586107,1191.6639884586107,2383.3279769172213
4.724,1191.5731876780424,1191.5731876780424,2383.1463753560847
4.7250000000000005,1191.4142449422757,1191.4142449422757,2382.8284898845513
4.726,1191.1850760909488,1191.1850760909488,2382.3701521818975
4.727,1190.890803602831,1190.890803602831,2381.781607205662
4.728,1190.5436690550728,1190.5436690550728,2381.0873381101455
4.729,1190.1621513824812,1190.1621513824812,2380.3243027649623
4.73,1189.7693730950455,1189.7693730950455,2379.538746190091
4.731,1189.3909560285817,1189.3909560285817,2378.7819120571635
4.732,1189.052550287476,1189.052550287476,2378.105100574952
4.7330000000000005,1188.7772978950752,1188.7772978950752,2377.5545957901504
4.734,1188.58350205815,1188.58350205815,2377.1670041163
4.735,1188.482752765126,1188.482752765126,2376.965505530252
4.736,1188.4787118131799,1188.4787118131799,2376.9574236263597
4.737,1188.566690455223,1188.566690455223,2377.133380910446
4.738,1188.7340682855493,1188.7340682855493,2377.4681365710985
4.739,1188.9615119709392,1188.9615119709392,2377.9230239418785
4.74,1189.2248668132256,1189.2248668132256,2378.4497336264512
4.741,1189.4975222526066,1189.4975222526066,2378.995044505213
4.742,1189.7530021345283,1189.7530021345283,2379.5060042690566
4.743,1189.9675073439093,1189.9675073439093,2379.9350146878187
4.744,1190.1221447652326,1190.1221447652326,2380.2442895304653
4.745,1190.2046117166874,1190.2046117166874,2380.409223433375
4.746,1190.2101651297435,1190.2101651297435,2380.420330259487
4.747,1190.1417831694034,1190.1417831694034,2380.283566338807
4.748,1190.0095150821323,1190.0095150821323,2380.0190301642647
4.749,1189.8291031368685,1189.8291031368685,2379.658206273737
4.75,1189.6200389265039,1189.6200389265039,2379.2400778530077
4.751,1189.4032764416547,1189.4032764416547,2378.8065528833095
4.752,1189.1988596605006,1189.1988596605006,2378.397719321001
4.753,1189.0237291092728,1189.0237291092728,2378.0474582185457
4.7540000000000004,1188.889949292326,1188.889949292326,2377.779898584652
4.755,1188.8035496544048,1188.8035496544048,2377.6070993088097
4.756,1188.7641013492303,1188.7641013492303,2377.5282026984605
4.757,1188.7650684056948,1188.7650684056948,2377.5301368113896
4.758,1188.7948842232634,1188.7948842232634,2377.5897684465267
4.759,1188.838622437959,1188.838622437959,2377.677244875918
4.76,1188.8800641772139,1188.8800641772139,2377.7601283544277
4.761,1188.9039190091646,1188.9039190091646,2377.807838018329
4.7620000000000005,1188.8979394559228,1188.8979394559228,2377.7958789118456
4.763,1188.8546807212842,1188.8546807212842,2377.7093614425685
4.764,1188.7726969809519,1188.7726969809519,2377.5453939619038
4.765,1188.6570288003513,1188.6570288003513,2377.3140576007027
4.766,1188.5189159725737,1188.5189159725737,2377.0378319451474
4.767,1188.3747574609063,1188.3747574609063,2376.7495149218125
4.768,1188.2444254808215,1188.2444254808215,2376.488850961643
4.769,1188.1491145723915,1188.1491145723915,2376.298229144783
4.7700000000000005,1188.1089605655459,1188.1089605655459,2376.2179211310918
4.771,1188.1406925707045,1188.1406925707045,2376.281385141409
4.772,1188.2555803239775,1188.2555803239775,2376.511160647955
4.773,1188.457909369763,1188.457909369763,2376.915818739526
4.774,1188.7441608713812,1188.7441608713812,2377.4883217427623
4.775,1189.1029973571895,1189.1029973571895,2378.205994714379
4.776,1189.516068683013,1189.516068683013,2379.032137366026
4.777,1189.9595634552406,1189.9595634552406,2379.9191269104813
4.7780000000000005,1190.4063498827672,1190.4063498827672,2380.8126997655345
4.779,1190.828485441374,1190.828485441374,2381.656970882748
4.78,1191.1998339492686,1191.1998339492686,2382.3996678985372
4.781,1191.4985161693226,1191.4985161693226,2382.997032338645
4.782,1191.7089372709052,1191.7089372709052,2383.4178745418103
4.783,1191.8231795430077,1191.8231795430077,2383.6463590860153
4.784,1191.8416167370528,1191.8416167370528,2383.6832334741057
4.785,1191.7726899044796,1191.7726899044796,2383.5453798089593
4.7860000000000005,1191.631874455237,1191.631874455237,2383.263748910474
4.787,1191.439954579077,1191.439954579077,2382.879909158154
4.788,1191.220794707969,1191.220794707969,2382.441589415938
4.789,1190.9988503439909,1190.9988503439909,2381.9977006879817
4.79,1190.7966866243496,1190.7966866243496,2381.593373248699
4.791,1190.6327696645687,1190.6327696645687,2381.2655393291375
4.792,1190.5197634653714,1190.5197634653714,2381.039526930743
4.793,1190.4635076208306,1190.4635076208306,2380.927015241661
4.7940000000000005,1190.4627746334986,1190.4627746334986,2380.925549266997
4.795,1190.5098188022685,1190.5098188022685,2381.019637604537
4.796,1190.5916410073178,1190.5916410073178,2381.1832820146356
4.797,1190.6918149506764,1190.6918149506764,2381.383629901353
4.798,1190.7926592005101,1190.7926592005101,2381.5853184010202
4.799,1190.8775024576403,1190.8775024576403,2381.7550049152806
4.8,1190.932780844522,1190.932780844522,2381.865561689044
4.801,1190.9497266021428,1190.9497266021428,2381.8994532042857
4.8020000000000005,1190.925455026833,1190.925455026833,2381.850910053666
4.803,1190.863325470864,1190.863325470864,2381.726650941728
4.804,1190.772535067465,1190.772535067465,2381.54507013493
4.805,1190.6669912899558,1190.6669912899558,2381.3339825799117
4.806,1190.5635917729724,1190.5635917729724,2381.1271835459447
4.807,1190.4801078356122,1190.4801078356122,2380.9602156712244
4.808,1190.4329142588208,1190.4329142588208,2380.8658285176416
4.809,1190.4348269129257,1190.4348269129257,2380.8696538258514
4.8100000000000005,1190.4932996326966,1190.4932996326966,2380.986599265393
4.811,1190.6091933620614,1190.6091933620614,2381.218386724123
4.812,1190.7762682272187,1190.7762682272187,2381.5525364544374
4.813,1190.9814696965987,1190.9814696965987,2381.9629393931973
4.814,1191.205992108365,1191.205992108365,2382.41198421673
4.815,1191.4270162925104,1191.4270162925104,2382.854032585021
4.816,1191.6199423589076,1191.6199423589076,2383.239884717815
4.817,1191.7608823537644,1191.7608823537644,2383.5217647075287
4.8180000000000005,1191.829146682287,1191.829146682287,2383.658293364574
4.819,1191.8094564264247,1191.8094564264247,2383.6189128528495
4.82,1191.6936412334483,1191.6936412334483,2383.3872824668965
4.821,1191.4816363687469,1191.4816363687469,2382.9632727374938
4.822,1191.181666965852,1191.181666965852,2382.363333931704
4.823,1190.8095943576125,1190.8095943576125,2381.619188715225
4.824,1190.3874891530068,1190.3874891530068,2380.7749783060135
4.825,1189.9415786239942,1189.9415786239942,2379.8831572479885
4.8260000000000005,1189.4997829260417,1189.4997829260417,2378.9995658520834
4.827,1189.0890983807828,1189.0890983807828,2378.1781967615657
4.828,1188.7331017367856,1188.7331017367856,2377.466203473571
4.829,1188.4498353053787,1188.4498353053787,2376.8996706107573
4.83,1188.2502907126714,1188.2502907126714,2376.5005814253427
4.831,1188.1376433707462,1188.1376433707462,2376.2752867414924
4.832,1188.107307876387,1188.107307876387,2376.214615752774
4.833,1188.1477953953154,1188.1477953953154,2376.2955907906307
4.8340000000000005,1188.2422674678241,1188.2422674678241,2376.4845349356483
4.835,1188.37060606788,1188.37060606788,2376.74121213576
4.836,1188.5117653137736,1188.5117653137736,2377.023530627547
4.837,1188.646141880893,1188.646141880893,2377.292283761786
4.838,1188.7577019386204,1188.7577019386204,2377.5154038772407
4.839,1188.8356321404933,1188.8356321404933,2377.6712642809866
4.84,1188.875337464711,1188.875337464711,2377.750674929422
4.841,1188.8786833393976,1188.8786833393976,2377.7573666787953
4.8420000000000005,1188.8534651724613,1188.8534651724613,2377.7069303449225
4.843,1188.8121756086475,1188.8121756086475,2377.624351217295
4.844,1188.7702188704934,1188.7702188704934,2377.540437740987
4.845,1188.7437836344866,1188.7437836344866,2377.487567268973
4.846,1188.7476241624788,1188.7476241624788,2377.4952483249576
4.847,1188.7930096100945,1188.7930096100945,2377.586019220189
4.848,1188.8860824410206,1188.8860824410206,2377.772164882041
4.849,1189.026820799259,1189.026820799259,2378.053641598518
4.8500000000000005,1189.208731646026,1189.208731646026,2378.417463292052
4.851,1189.4193190088047,1189.4193190088047,2378.8386380176094
4.852,1189.6412839764319,1189.6412839764319,2379.2825679528637
4.853,1189.8543298574514,1189.8543298574514,2379.7086597149028
4.854,1190.0373764646913,1190.0373764646913,2380.0747529293826
4.855,1190.1709395515818,1190.1709395515818,2380.3418791031636
4.856,1190.2394103901834,1190.2394103901834,2380.4788207803667
4.857,1190.232978765559,1190.232978765559,2380.465957531118
4.8580000000000005,1190.1489794474803,1190.1489794474803,2380.2979588949606
4.859,1189.9925035201095,1189.9925035201095,2379.985007040219
4.86,1189.7761951195348,1189.7761951195348,2379.5523902390696
4.861,1189.519242483207,1189.519242483207,2379.038484966414
4.862,1189.2456600621322,1189.2456600621322,2378.4913201242643
4.863,1188.9820361332486,1188.9820361332486,2377.964072266497
4.864,1188.7549793256826,1188.7549793256826,2377.509958651365
4.865,1188.5885312355765,1188.5885312355765,2377.177062471153
4.866,1188.5018171075155,1188.5018171075155,2377.003634215031
4.867,1188.5071818397396,1188.5071818397396,2377.014363679479
4.868,1188.609006998563,1188.609006998563,2377.218013997126
4.869,1188.803331724623,1188.803331724623,2377.606663449246
4.87,1189.0783143289539,1189.0783143289539,2378.1566286579077
4.871,1189.4154814150013,1189.4154814150013,2378.8309628300026
4.872,1189.791627349371,1189.791627349371,2379.583254698742
4.873,1190.1811580061851,1190.1811580061851,2380.3623160123702
4.874,1190.5586264275871,1190.5586264275871,2381.1172528551742
4.875,1190.9011893861511,1190.9011893861511,2381.8023787723023
4.876,1191.1907247739482,1191.1907247739482,2382.3814495478964
4.877,1191.4153889944018,1191.4153889944018,2382.8307779888037
4.878,1191.5704567036119,1191.5704567036119,2383.1409134072237
4.8790000000000004,1191.658365321599,1191.658365321599,2383.316730643198
4.88,1191.6879748474971,1191.6879748474971,2383.3759496949942
4.881,1191.6731399339048,1191.6731399339048,2383.3462798678097
4.882,1191.6307663772461,1191.6307663772461,2383.2615327544922
4.883,1191.5785798915936,1191.5785798915936,2383.157159783187
4.884,1191.532865148437,1191.532865148437,2383.065730296874
4.885,1191.5064343189001,1191.5064343189001,2383.0128686378002
4.886,1191.5070566794432,1191.5070566794432,2383.0141133588863
4.8870000000000005,1191.536527371076,1191.536527371076,2383.073054742152
4.888,1191.5904801231532,1191.5904801231532,2383.1809602463063
4.889,1191.6589638439536,1191.6589638439536,2383.3179276879073
4.89,1191.7277159044652,1191.7277159044652,2383.4554318089304
4.891,1191.7799854001341,1191.7799854001341,2383.5599708002683
4.892,1191.7986965335635,1191.7986965335635,2383.597393067127
4.893,1191.7687025686855,1191.7687025686855,2383.537405137371
4.894,1191.6788690165845,1191.6788690165845,2383.357738033169
4.8950000000000005,1191.5237421872412,1191.5237421872412,2383.0474843744823
4.896,1191.304604099573,1191.304604099573,2382.609208199146
4.897,1191.0297820668106,1191.0297820668106,2382.0595641336213
4.898,1190.7141636522554,1190.7141636522554,2381.4283273045107
4.899,1190.3779560300356,1190.3779560300356,2380.7559120600713
4.9,1190.0448133192046,1190.0448133192046,2380.0896266384093
4.901,1189.739526822353,1189.739526822353,2379.479053644706
4.902,1189.4855233635724,1189.4855233635724,2378.9710467271448
4.9030000000000005,1189.3024404698594,1189.3024404698594,2378.604880939719
4.904,1189.2040412945476,1189.2040412945476,2378.408082589095
4.905,1189.1966974941238,1189.1966974941238,2378.3933949882476
4.906,1189.2786084694058,1189.2786084694058,2378.5572169388115
4.907,1189.4398469647679,1189.4398469647679,2378.8796939295357
4.908,1189.6632325359653,1189.6632325359653,2379.3264650719307
4.909,1189.9259455141225,1189.9259455141225,2379.851891028245
4.91,1190.201714528865,1190.201714528865,2380.40342905773
4.9110000000000005,1190.4633491090653,1190.4633491090653,2380.9266982181307
4.912,1190.6853520830896,1190.6853520830896,2381.370704166179
4.913,1190.8463384660267,1190.8463384660267,2381.6926769320535
4.914,1190.9310091085165,1190.9310091085165,2381.862018217033
4.915,1190.9314762011659,1190.9314762011659,2381.8629524023318
4.916,1190.8478084059325,1190.8478084059325,2381.695616811865
4.917,1190.6877481545148,1190.6877481545148,2381.3754963090296
4.918,1190.4656432100226,1190.4656432100226,2380.931286420045
4.9190000000000005,1190.200719115853,1190.200719115853,2380.401438231706
4.92,1189.914889406606,1189.914889406606,2379.829778813212
4.921,1189.6303487673,1189.6303487673,2379.2606975346
4.922,1189.3672154638311,1189.3672154638311,2378.7344309276623
4.923,1189.1414810959643,1189.1414810959643,2378.2829621919286
4.924,1188.9634890552063,1188.9634890552063,2377.9269781104126
4.925,1188.8371021443636,1188.8371021443636,2377.674204288727
4.926,1188.7596414438221,1188.7596414438221,2377.5192828876443
4.9270000000000005,1188.7225914173578,1188.7225914173578,2377.4451828347155
4.928,1188.7129801136182,1188.7129801136182,2377.4259602272364
4.929,1188.7152676949172,1188.7152676949172,2377.4305353898344
4.93,1188.7135197940254,1188.7135197940254,2377.427039588051
4.931,1188.6936106424446,1188.6936106424446,2377.387221284889
4.932,1188.6451980160427,1188.6451980160427,2377.2903960320855
4.933,1188.5632381124651,1188.5632381124651,2377.1264762249302
4.934,1188.448860603622,1188.448860603622,2376.897721207244
4.9350000000000005,1188.3094964989073,1188.3094964989073,2376.6189929978145
4.936,1188.1582360638563,1188.1582360638563,2376.3164721277126
4.937,1188.012481457464,1188.012481457464,2376.024962914928
4.938,1187.8920392519926,1187.8920392519926,2375.7840785039853
4.939,1187.8168626097947,1187.8168626097947,2375.6337252195895
4.94,1187.8046943889299,1187.8046943889299,2375.6093887778597
4.941,1187.8688761577425,1187.8688761577425,2375.737752315485
4.942,1188.0165724101896,1188.0165724101896,2376.033144820379
4.9430000000000005,1188.2476158286445,1188.2476158286445,2376.495231657289
4.944,1188.5541129494795,1188.5541129494795,2377.108225898959
4.945,1188.9208673129915,1188.9208673129915,2377.841734625983
4.946,1189.3265881419843,1189.3265881419843,2378.6531762839686
4.947,1189.7457665736872,1189.7457665736872,2379.4915331473744
4.948,1190.1510279333525,1190.1510279333525,2380.302055866705
4.949,1190.5157155923498,1190.5157155923498,2381.0314311846996
4.95,1190.8164354536593,1190.8164354536593,2381.6328709073186
4.9510000000000005,1191.0352930095912,1191.0352930095912,2382.0705860191824
4.952,1191.1615869505995,1191.1615869505995,2382.323173901199
4.953,1191.192781002505,1191.192781002505,2382.38556200501
4.954,1191.1346527469354,1191.1346527469354,2382.269305493871
4.955,1191.0006062236243,1191.0006062236243,2382.0012124472487
4.956,1190.8102245081582,1190.8102245081582,2381.6204490163163
4.957,1190.5872194442313,1190.5872194442313,2381.1744388884626
4.958,1190.3569994524569,1190.3569994524569,2380.7139989049138
4.9590000000000005,1190.144115903668,1190.144115903668,2380.288231807336
4.96,1189.969859658605,1189.969859658605,2379.93971931721
4.961,1189.8502608913814,1189.8502608913814,2379.7005217827627
4.962,1189.7946993363935,1189.7946993363935,2379.589398672787
4.963,1189.8052637501337,1189.8052637501337,2379.6105275002674
4.964,1189.876916234055,1189.876916234055,2379.75383246811
4.965,1189.9984283096794,1189.9984283096794,2379.996856619359
4.966,1190.1539710604538,1190.1539710604538,2380.3079421209077
4.9670000000000005,1190.3251705650882,1190.3251705650882,2380.6503411301765
4.968,1190.4933900479587,1190.4933900479587,2380.9867800959173
4.969,1190.6419771027656,1190.6419771027656,2381.2839542055312
4.97,1190.7582204827984,1190.7582204827984,2381.5164409655968
4.971,1190.834795538331,1190.834795538331,2381.669591076662
4.972,1190.870536515271,1190.870536515271,2381.741073030542
4.973,1190.8704509921927,1190.8704509921927,2381.7409019843853
4.974,1190.8449781278625,1190.8449781278625,2381.689956255725
4.9750000000000005,1190.8085784921054,1190.8085784921054,2381.617156984211
4.976,1190.7778194694192,1190.7778194694192,2381.5556389388385
4.977,1190.7691780642672,1190.7691780642672,2381.5383561285344
4.978,1190.796815943514,1190.796815943514,2381.593631887028
4.979,1190.8705860204855,1190.8705860204855,2381.741172040971
4.98,1190.9945052744133,1190.9945052744133,2381.9890105488266
4.981,1191.1658774901928,1191.1658774901928,2382.3317549803855
4.982,1191.375177807145,1191.375177807145,2382.75035561429
4.9830000000000005,1191.606726303612,1191.606726303612,2383.213452607224
4.984,1191.8400896755388,1191.8400896755388,2383.6801793510776
4.985,1192.0520681548337,1192.0520681548337,2384.1041363096674
4.986,1192.2190582465319,1192.2190582465319,2384.4381164930637
4.987,1192.3195380537236,1192.3195380537236,2384.639076107447
4.988,1192.3364058189882,1192.3364058189882,2384.6728116379763
4.989,1192.258915711322,1192.258915711322,2384.517831422644
4.99,1192.0839964467045,1192.0839964467045,2384.167992893409
4.9910000000000005,1191.816803564073,1191.816803564073,2383.633607128146
4.992,1191.4704379901095,1191.4704379901095,2382.940875980219
4.993,1191.0648529868647,1191.0648529868647,2382.1297059737294
4.994,1190.6250589056117,1190.6250589056117,2381.2501178112234
4.995,1190.1788108126725,1190.1788108126725,2380.357621625345
4.996,1189.7540197282817,1189.7540197282817,2379.5080394565634
4.997,1189.376157834466,1189.376157834466,2378.752315668932
4.998,1189.0659283262241,1189.0659283262241,2378.1318566524483
4.999,1188.8374415787173,1188.8374415787173,2377.6748831574346
5.0,1188.6970841735456,1188.6970841735456,2377.394168347091
5.001,1188.643192124762,1188.643192124762,2377.286384249524
5.002,1188.666552621563,1188.666552621563,2377.333105243126
5.003,1188.7516692991235,1188.7516692991235,2377.503338598247
5.0040000000000004,1188.8786442389896,1188.8786442389896,2377.7572884779793
5.005,1189.0254645250534,1189.0254645250534,2378.050929050107
5.006,1189.1704393587077,1189.1704393587077,2378.3408787174153
5.007,1189.2945199827125,1189.2945199827125,2378.589039965425
5.008,1189.3832503956464,1189.3832503956464,2378.766500791293
5.009,1189.4281402251347,1189.4281402251347,2378.8562804502694
5.01,1189.4273172910202,1189.4273172910202,2378.8546345820405
5.011,1189.3853989481368,1189.3853989481368,2378.7707978962735
5.0120000000000005,1189.3126091843078,1189.3126091843078,2378.6252183686156
5.013,1189.2232529103824,1189.2232529103824,2378.4465058207647
5.014,1189.133730556586,1189.133730556586,2378.267461113172
5.015,1189.060327051332,1189.060327051332,2378.120654102664
5.016,1189.0170338757257,1189.0170338757257,2378.0340677514514
5.017,1189.0136584540112,1189.0136584540112,2378.0273169080224
5.018,1189.0544421736786,1189.0544421736786,2378.108884347357
5.019,1189.1373505094102,1189.1373505094102,2378.2747010188205
5.0200000000000005,1189.2541224894226,1189.2541224894226,2378.508244978845
5.021,1189.3910805725552,1189.3910805725552,2378.7821611451104
5.022,1189.5306154876278,1189.5306154876278,2379.0612309752555
5.023,1189.6531833573113,1189.6531833573113,2379.3063667146225
5.024,1189.7395931016954,1189.7395931016954,2379.479186203391
5.025,1189.7733273334654,1189.7733273334654,2379.546654666931
5.026,1189.7426336499364,1189.7426336499364,2379.4852672998727
5.027,1189.642146183834,1189.642146183834,2379.284292367668
5.0280000000000005,1189.4738470455482,1189.4738470455482,2378.9476940910963
5.029,1189.247248456768,1189.247248456768,2378.494496913536
5.03,1188.9787611474405,1188.9787611474405,2377.957522294881
5.031,1188.690303657071,1188.690303657071,2377.380607314142
5.032,1188.4072907483303,1188.4072907483303,2376.8145814966606
5.033,1188.1562079953237,1188.1562079953237,2376.3124159906474
5.034,1187.962026144244,1187.962026144244,2375.924052288488
5.035,1187.8457278977216,1187.8457278977216,2375.6914557954433
5.0360000000000005,1187.822209196977,1187.822209196977,2375.644418393954
5.037,1187.8987779715649,1187.8987779715649,2375.7975559431297
5.038,1188.074409931755,1188.074409931755,2376.14881986351
5.039,1188.3398401985091,1188.3398401985091,2376.6796803970183
5.04,1188.6784802156726,1188.6784802156726,2377.356960431345
5.041,1189.0680612243548,1189.0680612243548,2378.1361224487096
5.042,1189.4828282250412,1189.4828282250412,2378.9656564500824
5.043,1189.896050243635,1189.896050243635,2379.79210048727
5.0440000000000005,1190.2825801718486,1190.2825801718486,2380.5651603436972
5.045,1190.62119397843,1190.62119397843,2381.24238795686
5.046,1190.896464999621,1190.896464999621,2381.792929999242
5.047,1191.0999814025595,1191.0999814025595,2382.199962805119
5.048,1191.23078795818,1191.23078795818,2382.46157591636
5.049,1191.2950188840032,1191.2950188840032,2382.5900377680064
5.05,1191.3047772763452,1191.3047772763452,2382.6095545526905
5.051,1191.2763987727974,1191.2763987727974,2382.552797545595
5.0520000000000005,1191.228303546091,1191.228303546091,2382.456607092182
5.053,1191.178684250368,1191.178684250368,2382.357368500736
5.054,1191.1432933859091,1191.1432933859091,2382.2865867718183
5.055,1191.1335800489362,1191.1335800489362,2382.2671600978724
5.056,1191.1553847657588,1191.1553847657588,2382.3107695315175
5.057,1191.2083367211617,1191.2083367211617,2382.4166734423234
5.058,1191.2860173790878,1191.2860173790878,2382.5720347581755
5.059,1191.3768672151064,1191.3768672151064,2382.7537344302127
5.0600000000000005,1191.4657277558103,1191.4657277558103,2382.9314555116207
5.061,1191.5358387607446,1191.5358387607446,2383.071677521489
5.062,1191.57105824725,1191.57105824725,2383.1421164945
5.063,1191.5580469643492,1191.5580469643492,2383.1160939286983
5.064,1191.488161798585,1191.488161798585,2382.97632359717
5.065,1191.3588341611076,1191.3588341611076,2382.717668322215
5.066,1191.174266198044,1191.174266198044,2382.348532396088
5.067,1190.9453534216523,1190.9453534216523,2381.8907068433045
5.0680000000000005,1190.688828704634,1190.688828704634,2381.377657409268
5.069,1190.4257099554836,1190.4257099554836,2380.8514199109673
5.07,1190.179212509911,1190.179212509911,2380.358425019822
5.071,1189.972348583642,1189.972348583642,2379.944697167284
5.072,1189.8254731940729,1189.8254731940729,2379.6509463881457
5.073,1189.7540445959264,1189.7540445959264,2379.508089191853
5.074,1189.7668464412213,1189.7668464412213,2379.5336928824427
5.075,1189.8648707657223,1189.8648707657223,2379.7297415314447
5.0760000000000005,1190.0409907301475,1190.0409907301475,2380.081981460295
5.077,1190.2804674493882,1190.2804674493882,2380.5609348987764
5.078,1190.5622454691438,1190.5622454691438,2381.1244909382876
5.079,1190.8609063200458,1190.8609063200458,2381.7218126400917
5.08,1191.1490784185428,1191.1490784185428,2382.2981568370856
5.081,1191.4000521899452,1191.4000521899452,2382.8001043798904
5.082,1191.590327076722,1191.590327076722,2383.180654153444
5.083,1191.7018244991036,1191.7018244991036,2383.4036489982072
5.0840000000000005,1191.723537042194,1191.723537042194,2383.447074084388
5.085,1191.6524451827302,1191.6524451827302,2383.3048903654603
5.086,1191.4936120468735,1191.4936120468735,2382.987224093747
5.087,1191.259455331202,1191.259455331202,2382.518910662404
5.088,1190.9682839162097,1190.9682839162097,2381.9365678324193
5.089,1190.6422651877206,1190.6422651877206,2381.284530375441
5.09,1190.3050490911578,1190.3050490911578,2380.6100981823156
5.091,1189.9793099548012,1189.9793099548012,2379.9586199096025
5.0920000000000005,1189.6844733684761,1189.6844733684761,2379.3689467369522
5.093,1189.4348723021365,1189.4348723021365,2378.869744604273
5.094,1189.2385268358507,1189.2385268358507,2378.4770536717015
5.095,1189.0966709283587,1189.0966709283587,2378.1933418567173
5.096,1189.0040654751347,1189.0040654751347,2378.0081309502693
5.097,1188.950048844431,1188.950048844431,2377.900097688862
5.098,1188.920193889914,1188.920193889914,2377.840387779828
5.099,1188.8983732155352,1188.8983732155352,2377.7967464310705
5.1000000000000005,1188.8689896378455,1188.8689896378455,2377.737979275691
5.101,1188.8191112906582,1188.8191112906582,2377.6382225813163
5.102,1188.7402625522457,1188.7402625522457,2377.4805251044913
5.103,1188.6296616097843,1188.6296616097843,2377.2593232195686
5.104,1188.490758580627,1188.490758580627,2376.981517161254
5.105,1188.3330076538894,1188.3330076538894,2376.6660153077787
5.106,1188.1708938430988,1188.1708938430988,2376.3417876861977
5.107,1188.0223199508457,1188.0223199508457,2376.0446399016914
5.1080000000000005,1187.9065327671476,1187.9065327671476,2375.813065534295
5.109,1187.8418211584635,1187.8418211584635,2375.683642316927
5.11,1187.843246541374,1187.843246541374,2375.686493082748
5.111,1187.920665111281,1187.920665111281,2375.841330222562
5.112,1188.077271151482,1188.077271151482,2376.154542302964
5.113,1188.308835021624,1188.308835021624,2376.617670043248
5.114,1188.6037341027306,1188.6037341027306,2377.2074682054613
5.115,1188.9437883211529,1188.9437883211529,2377.8875766423057
5.1160000000000005,1189.305823415621,1189.305823415621,2378.611646831242
5.117,1189.6638045965442,1189.6638045965442,2379.3276091930884
5.118,1189.991319563833,1189.991319563833,2379.982639127666
5.119,1190.2641500495417,1190.2641500495417,2380.5283000990835
5.12,1190.462659568488,1190.462659568488,2380.925319136976
5.121,1190.5737432203,1190.5737432203,2381.1474864406
5.122,1190.5921312609853,1190.5921312609853,2381.1842625219706
5.123,1190.52090677639,1190.52090677639,2381.04181355278
5.124,1190.3711816693638,1190.3711816693638,2380.7423633387275
5.125,1190.1609651637496,1190.1609651637496,2380.321930327499
5.126,1189.913345305614,1189.913345305614,2379.826690611228
5.127,1189.6541770870247,1189.6541770870247,2379.3083541740493
5.128,1189.4095228547417,1189.4095228547417,2378.8190457094834
5.1290000000000004,1189.2031159392673,1189.2031159392673,2378.4062318785345
5.13,1189.0541142328375,1189.0541142328375,2378.108228465675
5.131,1188.9753772795289,1188.9753772795289,2377.9507545590577
5.132,1188.972442015739,1188.972442015739,2377.944884031478
5.133,1189.0432950824309,1189.0432950824309,2378.0865901648617
5.134,1189.1789521434353,1189.1789521434353,2378.3579042868705
5.135,1189.3647665228198,1189.3647665228198,2378.7295330456395
5.136,1189.5823104068227,1189.5823104068227,2379.1646208136453
5.1370000000000005,1189.8116105147042,1189.8116105147042,2379.6232210294083
5.138,1190.0334832304377,1190.0334832304377,2380.0669664608754
5.139,1190.2317056985805,1190.2317056985805,2380.463411397161
5.14,1190.394780172898,1190.394780172898,2380.789560345796
5.141,1190.517096579394,1190.517096579394,2381.034193158788
5.142,1190.599367460772,1190.599367460772,2381.198734921544
5.143,1190.6482924760585,1190.6482924760585,2381.296584952117
5.144,1190.675497186597,1190.675497186597,2381.350994373194
5.1450000000000005,1190.6958732215326,1190.6958732215326,2381.391746443065
5.146,1190.7255149178175,1190.7255149178175,2381.451029835635
5.147,1190.779493603025,1190.779493603025,2381.55898720605
5.148,1190.8697296977045,1190.8697296977045,2381.739459395409
5.149,1191.0032126227518,1191.0032126227518,2382.0064252455036
5.15,1191.180780209042,1191.180780209042,2382.361560418084
5.151,1191.396607141277,1191.396607141277,2382.793214282554
5.152,1191.6384727970192,1191.6384727970192,2383.2769455940384
5.1530000000000005,1191.8887914300656,1191.8887914300656,2383.777582860131
5.154,1192.126301684968,1192.126301684968,2384.252603369936
5.155,1192.3282374620044,1192.3282374620044,2384.6564749240088
5.156,1192.4727465248684,1192.4727465248684,2384.945493049737
5.157,1192.5412931792855,1192.5412931792855,2385.082586358571
5.158,1192.520780260022,1192.520780260022,2385.041560520044
5.159,1192.4051537650407,1192.4051537650407,2384.8103075300814
5.16,1192.1963077682528,1192.1963077682528,2384.3926155365057
5.1610000000000005,1191.9041818343162,1191.9041818343162,2383.8083636686324
5.162,1191.5460299127533,1191.5460299127533,2383.0920598255066
5.163,1191.1449291161202,1191.1449291161202,2382.2898582322405
5.164,1190.727679092626,1190.727679092626,2381.455358185252
5.165,1190.3223088628008,1190.3223088628008,2380.6446177256016
5.166,1189.9554507422397,1189.9554507422397,2379.9109014844794
5.167,1189.6498556212832,1189.6498556212832,2379.2997112425664
5.168,1189.422308802235,1189.422308802235,2378.84461760447
5.1690000000000005,1189.2821624488615,1189.2821624488615,2378.564324897723
5.17,1189.2306342037136,1189.2306342037136,2378.4612684074273
5.171,1189.2609389575778,1189.2609389575778,2378.5218779151555
5.172,1189.3592311512289,1189.3592311512289,2378.7184623024577
5.173,1189.506248155194,1189.506248155194,2379.012496310388
5.174,1189.6794706959786,1189.6794706959786,2379.358941391957
5.175,1189.8555621064768,1189.8555621064768,2379.7111242129536
5.176,1190.0128202520043,1190.0128202520043,2380.0256405040086
5.1770000000000005,1190.1333773031618,1190.1333773031618,2380.2667546063235
5.178,1190.2049128525116,1190.2049128525116,2380.409825705023
5.179,1190.2217017718526,1190.2217017718526,2380.4434035437052
5.18,1190.1848934383079,1190.1848934383079,2380.3697868766158
5.181,1190.1020051589157,1190.1020051589157,2380.2040103178315
5.182,1189.9857002383883,1189.9857002383883,2379.9714004767766
5.183,1189.852000467556,1189.852000467556,2379.704000935112
5.184,1189.7181450963064,1189.7181450963064,2379.436290192613
5.1850000000000005,1189.6003467284877,1189.6003467284877,2379.2006934569754
5.186,1189.5117048267136,1189.5117048267136,2379.0234096534273
5.187,1189.460518550762,1189.460518550762,2378.921037101524
5.188,1189.4491946209293,1189.4491946209293,2378.8983892418587
5.189,1189.4738779433687,1189.4738779433687,2378.9477558867375
5.19,1189.5248504336714,1189.5248504336714,2379.049700867343
5.191,1189.5876559945737,1189.5876559945737,2379.1753119891473
5.192,1189.6448266875846,1189.6448266875846,2379.289653375169
5.1930000000000005,1189.6780160296435,1189.6780160296435,2379.356032059287
5.194,1189.6702977640803,1189.6702977640803,2379.3405955281605
5.195,1189.6083677412555,1189.6083677412555,2379.216735482511
5.196,1189.4843950687464,1189.4843950687464,2378.9687901374928
5.197,1189.2973055891225,1189.2973055891225,2378.594611178245
5.198,1189.053342008322,1189.053342008322,2378.106684016644
5.199,1188.765823919701,1188.765823919701,2377.531647839402
5.2,1188.4541188742596,1188.4541188742596,2376.9082377485192
5.2010000000000005,1188.1419228537025,1188.1419228537025,2376.283845707405
5.202,1187.855025386037,1187.855025386037,2375.710050772074
5.203,1187.6187925998172,1187.6187925998172,2375.2375851996344
5.204,1187.4556342982212,1187.4556342982212,2374.9112685964424
5.205,1187.3827249744897,1187.3827249744897,2374.7654499489795
5.206,1187.4102230906512,1187.4102230906512,2374.8204461813025
5.207,1187.5401806420775,1187.5401806420775,2375.080361284155
5.208,1187.7662617075484,1187.7662617075484,2375.532523415097
5.2090000000000005,1188.074302327576,1188.074302327576,2376.148604655152
5.21,1188.4436540877507,1188.4436540877507,2376.8873081755014
5.211,1188.8491700332106,1188.8491700332106,2377.698340066421
5.212,1189.2636231488227,1189.2636231488227,2378.5272462976454
5.213,1189.6603020652685,1189.6603020652685,2379.320604130537
5.214,1190.015510846462,1190.015510846462,2380.031021692924
5.215,1190.3107115821801,1190.3107115821801,2380.6214231643603
5.216,1190.5340886980148,1190.5340886980148,2381.0681773960296
5.2170000000000005,1190.6813779433353,1190.6813779433353,2381.3627558866706
5.218,1190.7558838541008,1190.7558838541008,2381.5117677082017
5.219,1190.7676982052724,1190.7676982052724,2381.5353964105448
5.22,1190.7322188103385,1190.7322188103385,2381.464437620677
5.221,1190.668143460148,1190.668143460148,2381.336286920296
5.222,1190.5951695605697,1190.5951695605697,2381.1903391211395
5.223,1190.5316600518531,1190.5316600518531,2381.0633201037062
5.224,1190.4925372453436,1190.4925372453436,2380.985074490687
5.2250000000000005,1190.487638271965,1190.487638271965,2380.97527654393
5.226,1190.5207120805048,1190.5207120805048,2381.0414241610097
5.227,1190.5891643795958,1190.5891643795958,2381.1783287591916
5.228,1190.6845717930669,1190.6845717930669,2381.3691435861338
5.229,1190.7938992733984,1190.7938992733984,2381.587798546797
5.23,1190.9012751949235,1190.9012751949235,2381.802550389847
5.231,1190.9901153798976,1190.9901153798976,2381.980230759795
5.232,1191.0453476207815,1191.0453476207815,2382.090695241563
5.2330000000000005,1191.055476469905,1191.055476469905,2382.11095293981
5.234,1191.01424549799,1191.01424549799,2382.02849099598
5.235,1190.9216989596598,1190.9216989596598,2381.8433979193196
5.236,1190.7845119009953,1190.7845119009953,2381.5690238019906
5.237,1190.615539771452,1190.615539771452,2381.231079542904
5.238,1190.432626466454,1190.432626466454,2380.865252932908
5.239,1190.2567936752223,1190.2567936752223,2380.5135873504446
5.24,1190.110005107085,1190.110005107085,2380.22001021417
5.2410000000000005,1190.0127487355899,1190.0127487355899,2380.0254974711797
5.242,1189.981703073225,1189.981703073225,2379.96340614645
5.243,1190.0277470500791,1190.0277470500791,2380.0554941001583
5.244,1190.1545379287968,1190.1545379287968,2380.3090758575936
5.245,1190.3578216251851,1190.3578216251851,2380.7156432503702
5.246,1190.6255613526441,1190.6255613526441,2381.2511227052883
5.247,1190.9388822401165,1190.9388822401165,2381.877764480233
5.248,1191.273741152869,1191.273741152869,2382.547482305738
5.249,1191.603152069614,1191.603152069614,2383.206304139228
5.25,1191.8997366982744,1191.8997366982744,2383.799473396549
5.251,1192.1383342159013,1192.1383342159013,2384.2766684318026
5.252,1192.2983970408036,1192.2983970408036,2384.596794081607
5.253,1192.3659221716682,1192.3659221716682,2384.7318443433364
5.2540000000000004,1192.334717397261,1192.334717397261,2384.669434794522
5.255,1192.206873152349,1192.206873152349,2384.413746304698
5.256,1191.9923961534055,1191.9923961534055,2383.984792306811
5.257,1191.708050855394,1191.708050855394,2383.416101710788
5.258,1191.375539400604,1191.375539400604,2382.751078801208
5.259,1191.0192208434428,1191.0192208434428,2382.0384416868856
5.26,1190.6636183971145,1190.6636183971145,2381.327236794229
5.261,1190.3309840684408,1190.3309840684408,2380.6619681368816
5.2620000000000005,1190.0391811469783,1190.0391811469783,2380.0783622939566
5.263,1189.8001076646915,1189.8001076646915,2379.600215329383
5.264,1189.6188223413274,1189.6188223413274,2379.2376446826547
5.265,1189.4934555391776,1189.4934555391776,2378.986911078355
5.266,1189.4159001332189,1189.4159001332189,2378.8318002664378
5.267,1189.3731906577061,1189.3731906577061,2378.7463813154122
5.268,1189.3494031811463,1189.3494031811463,2378.6988063622925
5.269,1189.3278514598696,1189.3278514598696,2378.6557029197393
5.2700000000000005,1189.2933232832572,1189.2933232832572,2378.5866465665144
5.271,1189.2340980041263,1189.2340980041263,2378.4681960082526
5.272,1189.143512315366,1189.143512315366,2378.287024630732
5.273,1189.0208934466332,1189.0208934466332,2378.0417868932664
5.274,1188.8717512860858,1188.8717512860858,2377.7435025721716
5.275,1188.7072054157732,1188.7072054157732,2377.4144108315463
5.276,1188.5427102726171,1188.5427102726171,2377.0854205452342
5.277,1188.396221891976,1188.396221891976,2376.792443783952
5.2780000000000005,1188.2860140093844,1188.2860140093844,2376.572028018769
5.279,1188.2283925002193,1188.2283925002193,2376.4567850004387
5.28,1188.2355705948912,1188.2355705948912,2376.4711411897824
5.281,1188.3139514568563,1188.3139514568563,2376.6279029137127
5.282,1188.4630212353818,1188.4630212353818,2376.9260424707636
5.283,1188.6749893492952,1188.6749893492952,2377.3499786985903
5.284,1188.9352308066318,1188.9352308066318,2377.8704616132636
5.285,1189.2234968407524,1189.2234968407524,2378.446993681505
5.2860000000000005,1189.515774811944,1189.515774811944,2379.031549623888
5.287,1189.7866056167895,1189.7866056167895,2379.573211233579
5.288,1190.0116148228822,1190.0116148228822,2380.0232296457643
5.289,1190.169988196267,1190.169988196267,2380.339976392534
5.29,1190.2466261003503,1190.2466261003503,2380.4932522007007
5.291,1190.2337440786787,1190.2337440786787,2380.4674881573574
5.292,1190.1317452590447,1190.1317452590447,2380.2634905180894
5.293,1189.949267696537,1189.949267696537,2379.898535393074
5.2940000000000005,1189.702397962164,1189.702397962164,2379.404795924328
5.295,1189.4131315534264,1189.4131315534264,2378.826263106853
5.296,1189.1072413021784,1189.1072413021784,2378.214482604357
5.297,1188.8117780804948,1188.8117780804948,2377.6235561609897
5.298,1188.5524668708517,1188.5524668708517,2377.1049337417035
5.299,1188.3512714600047,1188.3512714600047,2376.7025429200094
5.3,1188.224381559464,1188.224381559464,2376.448763118928
5.301,1188.1808292255519,1188.1808292255519,2376.3616584511037
5.3020000000000005,1188.2218722365521,1188.2218722365521,2376.4437444731043
5.303,1188.3411982107928,1188.3411982107928,2376.6823964215855
5.304,1188.5259139433022,1188.5259139433022,2377.0518278866043
5.305,1188.7581995074274,1188.7581995074274,2377.516399014855
5.306,1189.0174354205656,1189.0174354205656,2378.034870841131
5.307,1189.2825613959308,1189.2825613959308,2378.5651227918615
5.308,1189.5344023018595,1189.5344023018595,2379.068804603719
5.309,1189.7577033606058,1189.7577033606058,2379.5154067212115
5.3100000000000005,1189.9426515360958,1189.9426515360958,2379.8853030721916
5.311,1190.0857195349608,1190.0857195349608,2380.1714390699217
5.312,1190.1897462207035,1190.1897462207035,2380.379492441407
5.313,1190.2632538910586,1190.2632538910586,2380.5265077821173
5.314,1190.319089152691,1190.319089152691,2380.638178305382
5.315,1190.3725504557356,1190.3725504557356,2380.745100911471
5.316,1190.4392232453722,1190.4392232453722,2380.8784464907444
5.317,1190.532776719113,1190.532776719113,2381.065553438226
5.3180000000000005,1190.6629806764977,1190.6629806764977,2381.3259613529954
5.319,1190.8341764070815,1190.8341764070815,2381.668352814163
5.32,1191.0443846985468,1191.0443846985468,2382.0887693970935
5.321,1191.2851624962466,1191.2851624962466,2382.570324992493
5.322,1191.5422354438845,1191.5422354438845,2383.084470887769
5.323,1191.796845839489,1191.796845839489,2383.593691678978
5.324,1192.0276741965256,1192.0276741965256,2384.055348393051
5.325,1192.2131266624417,1192.2131266624417,2384.4262533248834
5.3260000000000005,1192.3337373807112,1192.3337373807112,2384.6674747614225
5.327,1192.3744193456164,1192.3744193456164,2384.748838691233
5.328,1192.3263112039024,1192.3263112039024,2384.6526224078048
5.329,1192.1880093675554,1192.1880093675554,2384.376018735111
5.33,1191.9660401868189,1191.9660401868189,2383.9320803736377
5.331,1191.6745086642775,1191.6745086642775,2383.349017328555
5.332,1191.333949327343,1191.333949327343,2382.667898654686
5.333,1190.96949164513,1190.96949164513,2381.93898329026
5.3340000000000005,1190.6085272491805,1190.6085272491805,2381.217054498361
5.335,1190.2781209628915,1190.2781209628915,2380.556241925783
5.336,1190.0024362306538,1190.0024362306538,2380.0048724613075
5.337,1189.8004447999567,1189.8004447999567,2379.6008895999134
5.338,1189.6841604993372,1189.6841604993372,2379.3683209986743
5.339,1189.6575809348908,1189.6575809348908,2379.3151618697816
5.34,1189.716445013884,1189.716445013884,2379.432890027768
5.341,1189.8488266926922,1189.8488266926922,2379.6976533853845
5.3420000000000005,1190.0364958029754,1190.0364958029754,2380.072991605951
5.343,1190.25689501653,1190.25689501653,2380.51379003306
5.344,1190.4855168884153,1190.4855168884153,2380.9710337768306
5.345,1190.6984235528823,1190.6984235528823,2381.3968471057647
5.346,1190.874638503189,1190.874638503189,2381.749277006378
5.347,1190.9981563237554,1190.9981563237554,2381.996312647511
5.348,1191.0593603673017,1191.0593603673017,2382.1187207346034
5.349,1191.0557052449033,1191.0557052449033,2382.1114104898065
5.3500000000000005,1190.9916031928208,1190.9916031928208,2381.9832063856416
5.351,1190.8775417924955,1190.8775417924955,2381.755083584991
5.352,1190.7285453771856,1190.7285453771856,2381.457090754371
5.353,1190.562164398681,1190.562164398681,2381.124328797362
5.354,1190.396228131622,1190.396228131622,2380.792456263244
5.355,1190.2466207581424,1190.2466207581424,2380.493241516285
5.356,1190.1253364314534,1190.1253364314534,2380.250672862907
5.357,1190.0390359182961,1190.0390359182961,2380.0780718365922
5.3580000000000005,1189.9882695837584,1189.9882695837584,2379.976539167517
5.359,1189.967455273634,1189.967455273634,2379.934910547268
5.36,1189.9656135685452,1189.9656135685452,2379.9312271370904
5.361,1189.9677765220572,1189.9677765220572,2379.9355530441144
5.362,1189.9569089750075,1189.9569089750075,2379.913817950015
5.363,1189.9161224498357,1189.9161224498357,2379.8322448996714
5.364,1189.8309270774448,1189.8309270774448,2379.6618541548896
5.365,1189.6912608850253,1189.6912608850253,2379.3825217700505
5.3660000000000005,1189.493058819004,1189.493058819004,2378.986117638008
5.367,1189.2391736038478,1189.2391736038478,2378.4783472076956
5.368,1188.9395314969433,1188.9395314969433,2377.8790629938867
5.369,1188.6104903849864,1188.6104903849864,2377.220980769973
5.37,1188.2734561718573,1188.2734561718573,2376.5469123437147
5.371,1187.9528962530608,1187.9528962530608,2375.9057925061215
5.372,1187.673956884846,1187.673956884846,2375.347913769692
5.373,1187.4599368840045,1187.4599368840045,2374.919873768009
5.3740000000000006,1187.3298882378815,1187.3298882378815,2374.659776475763
5.375,1187.29660278303,1187.29660278303,2374.59320556606
5.376,1187.3652042958227,1187.3652042958227,2374.7304085916453
5.377,1187.5325014247428,1187.5325014247428,2375.0650028494856
5.378,1187.787175832143,1187.787175832143,2375.574351664286
5.3790000000000004,1188.1107905444824,1188.1107905444824,2376.2215810889647
5.38,1188.4795155957788,1188.4795155957788,2376.9590311915576
5.381,1188.8663911970643,1188.8663911970643,2377.7327823941287
5.382,1189.2438912728355,1189.2438912728355,2378.487782545671
5.383,1189.5865185382295,1189.5865185382295,2379.173037076459
5.384,1189.8731597901353,1189.8731597901353,2379.7463195802707
5.385,1190.088956994022,1190.088956994022,2380.177913988044
5.386,1190.2265030826384,1190.2265030826384,2380.4530061652767
5.3870000000000005,1190.2862452637155,1190.2862452637155,2380.572490527431
5.388,1190.2760649344411,1190.2760649344411,2380.5521298688823
5.389,1190.210092541699,1190.210092541699,2380.420185083398
5.39,1190.1068981217168,1190.1068981217168,2380.2137962434335
5.391,1189.9872647830641,1189.9872647830641,2379.9745295661282
5.392,1189.871795806589,1189.871795806589,2379.743591613178
5.393,1189.778621627565,1189.778621627565,2379.55724325513
5.394,1189.7214591155814,1189.7214591155814,2379.442918231163
5.3950000000000005,1189.7082339026356,1189.7082339026356,2379.416467805271
5.396,1189.7404117223975,1189.7404117223975,2379.480823444795
5.397,1189.8131040525054,1189.8131040525054,2379.626208105011
5.398,1189.915925779996,1189.915925779996,2379.831851559992
5.399,1190.0344978712485,1190.0344978712485,2380.068995742497
5.4,1190.1524155301693,1190.1524155301693,2380.3048310603385
5.401,1190.2534501146097,1190.2534501146097,2380.5069002292194
5.402,1190.3237269400913,1190.3237269400913,2380.6474538801826
5.4030000000000005,1190.3536239272912,1190.3536239272912,2380.7072478545824
5.404,1190.3391675277398,1190.3391675277398,2380.6783350554797
5.405,1190.2827589951883,1190.2827589951883,2380.5655179903765
5.406,1190.1931395709148,1190.1931395709148,2380.3862791418296
5.407,1190.0845891358852,1190.0845891358852,2380.1691782717703
5.408,1189.9754397970803,1189.9754397970803,2379.9508795941606
5.409,1189.8860640513237,1189.8860640513237,2379.7721281026475
5.41,1189.836557894654,1189.836557894654,2379.673115789308
5.4110000000000005,1189.844375724882,1189.844375724882,2379.688751449764
5.412,1189.922181997556,1189.922181997556,2379.844363995112
5.413,1190.0761633489883,1190.0761633489883,2380.1523266979766
5.414,1190.3049965448415,1190.3049965448415,2380.609993089683
5.415,1190.5995973971983,1190.5995973971983,2381.1991947943966
5.416,1190.9436913870452,1190.9436913870452,2381.8873827740904
5.417,1191.3151573811779,1191.3151573811779,2382.6303147623557
5.418,1191.6880113517122,1191.6880113517122,2383.3760227034245
5.4190000000000005,1192.0348266821384,1192.0348266821384,2384.0696533642767
5.42,1192.329339222441,1192.329339222441,2384.658678444882
5.421,1192.5489640863734,1192.5489640863734,2385.097928172747
5.422,1192.6769596282536,1192.6769596282536,2385.353919256507
5.423,1192.704011207721,1192.704011207721,2385.408022415442
5.424,1192.6290692091466,1192.6290692091466,2385.258138418293
5.425,1192.4593555793554,1192.4593555793554,2384.9187111587107
5.426,1192.2095421670213,1192.2095421670213,2384.4190843340425
5.4270000000000005,1191.9001926645901,1191.9001926645901,2383.8003853291802
5.428,1191.5556383041421,1191.5556383041421,2383.1112766082842
5.429,1191.2015171002797,1191.2015171002797,2382.4030342005594
5.43,1190.8622408853148,1190.8622408853148,2381.7244817706296
5.431,1190.558659936832,1190.558659936832,2381.117319873664
5.432,1190.3061711257458,1190.3061711257458,2380.6123422514916
5.433,1190.1134649187047,1190.1134649187047,2380.2269298374094
5.434,1189.9820348899593,1189.9820348899593,2379.9640697799186
5.4350000000000005,1189.9064885816547,1189.9064885816547,2379.8129771633094
5.436,1189.8756099766968,1189.8756099766968,2379.7512199533935
5.437,1189.874041289859,1189.874041289859,2379.748082579718
5.438,1189.884384333702,1189.884384333702,2379.768768667404
5.439,1189.8894767849754,1189.8894767849754,2379.7789535699508
5.44,1189.8745811727485,1189.8745811727485,2379.749162345497
5.441,1189.8292361999183,1189.8292361999183,2379.6584723998367
5.442,1189.748559719277,1189.748559719277,2379.497119438554
5.4430000000000005,1189.6338558487114,1189.6338558487114,2379.267711697423
5.444,1189.4924582678723,1189.4924582678723,2378.9849165357446
5.445,1189.3368288189636,1189.3368288189636,2378.673657637927
5.446,1189.1830154347308,1189.1830154347308,2378.3660308694616
5.447,1189.048646677774,1189.048646677774,2378.097293355548
5.448,1188.9506936270068,1188.9506936270068,2377.9013872540136
5.449,1188.9032575129893,1188.9032575129893,2377.8065150259786
5.45,1188.915640263326,1188.915640263326,2377.831280526652
5.4510000000000005,1188.9909250536443,1188.9909250536443,2377.9818501072887
5.452,1189.1252383454685,1189.1252383454685,2378.250476690937
5.453,1189.3077898412096,1189.3077898412096,2378.615579682419
5.454,1189.5217005720365,1189.5217005720365,2379.043401144073
5.455,1189.7455414796505,1189.7455414796505,2379.491082959301
5.456,1189.9554250797696,1189.9554250797696,2379.910850159539
5.457,1190.1274299507436,1190.1274299507436,2380.254859901487
5.458,1190.2400988704292,1190.2400988704292,2380.4801977408583
5.4590000000000005,1190.276740797865,1190.276740797865,2380.55348159573
5.46,1190.2272858227043,1190.2272858227043,2380.4545716454086
5.461,1190.0894886918413,1190.0894886918413,2380.1789773836826
5.462,1189.8693455406349,1189.8693455406349,2379.7386910812697
5.463,1189.5806724924382,1189.5806724924382,2379.1613449848765
5.464,1189.2438846722755,1189.2438846722755,2378.487769344551
5.465,1188.884100084892,1188.884100084892,2377.768200169784
5.466,1188.52876533963,1188.52876533963,2377.05753067926
5.4670000000000005,1188.2050514328105,1188.2050514328105,2376.410102865621
5.468,1187.9372921255137,1187.9372921255137,2375.8745842510275
5.469,1187.7447322343228,1187.7447322343228,2375.4894644686456
5.47,1187.6398189790536,1187.6398189790536,2375.2796379581073
5.471,1187.627210173885,1187.627210173885,2375.25442034777
5.472,1187.703595034885,1187.703595034885,2375.40719006977
5.473,1187.8583352756227,1187.8583352756227,2375.7166705512454
5.474,1188.0748456373938,1188.0748456373938,2376.1496912747875
5.4750000000000005,1188.3325537476496,1188.3325537476496,2376.6651074952993
5.476,1188.6092178806825,1188.6092178806825,2377.218435761365
5.477,1188.8833444821946,1188.8833444821946,2377.7666889643892
5.478,1189.1364391675686,1189.1364391675686,2378.272878335137
5.479,1189.3548461128657,1189.3548461128657,2378.7096922257315
5.48,1189.53097889037,1189.53097889037,2379.06195778074
5.481,1189.6638154538173,1189.6638154538173,2379.3276309076346
5.482,1189.7586133827238,1189.7586133827238,2379.5172267654475
5.4830000000000005,1189.82588937436,1189.82588937436,2379.65177874872
5.484,1189.8797895689506,1189.8797895689506,2379.7595791379013
5.485,1189.936045449109,1189.936045449109,2379.872090898218
5.486,1190.009756218237,1190.009756218237,2380.019512436474
5.487,1190.1132576276814,1190.1132576276814,2380.2265152553628
5.488,1190.254327088882,1190.254327088882,2380.508654177764
5.489,1190.4349367130665,1190.4349367130665,2380.869873426133
5.49,1190.6507039178982,1190.6507039178982,2381.3014078357965
5.4910000000000005,1190.8911103206267,1190.8911103206267,2381.7822206412534
5.492,1191.1404725734108,1191.1404725734108,2382.2809451468215
5.493,1191.379563271419,1191.379563271419,2382.759126542838
5.494,1191.5877056002898,1191.5877056002898,2383.1754112005797
5.495,1191.7451102949058,1191.7451102949058,2383.4902205898115
5.496,1191.8351939310628,1191.8351939310628,2383.6703878621256
5.497,1191.8466169224532,1191.8466169224532,2383.6932338449064
5.498,1191.7748080128163,1191.7748080128163,2383.5496160256325
5.4990000000000006,1191.6227964895047,1191.6227964895047,2383.2455929790094
5.5,1191.401247872541,1191.401247872541,2382.802495745082
5.501,1191.1276852960345,1191.1276852960345,2382.255370592069
5.502,1190.8249677087404,1190.8249677087404,2381.6499354174807
5.503,1190.51917760287,1190.51917760287,2381.03835520574
5.5040000000000004,1190.2371362505053,1190.2371362505053,2380.4742725010105
5.505,1190.0038061811542,1190.0038061811542,2380.0076123623085
5.506,1189.8398542434743,1189.8398542434743,2379.6797084869486
5.507,1189.7596325168167,1189.7596325168167,2379.5192650336335
5.508,1189.769790289977,1189.769790289977,2379.539580579954
5.509,1189.8686630921352,1189.8686630921352,2379.7373261842704
5.51,1190.046501676542,1190.046501676542,2380.093003353084
5.511,1190.2865139928417,1190.2865139928417,2380.5730279856834
5.5120000000000005,1190.5666063530423,1190.5666063530423,2381.1332127060846
5.513,1190.861635676495,1190.861635676495,2381.72327135299
5.514,1191.1459309897082,1191.1459309897082,2382.2918619794164
5.515,1191.3958150881074,1191.3958150881074,2382.7916301762148
5.516,1191.5918593615727,1191.5918593615727,2383.1837187231454
5.517,1191.7206359388094,1191.7206359388094,2383.441271877619
5.518,1191.7757880213367,1191.7757880213367,2383.5515760426733
5.519,1191.7583152562631,1191.7583152562631,2383.5166305125263
5.5200000000000005,1191.6760578311942,1191.6760578311942,2383.3521156623883
5.521,1191.5424510783469,1191.5424510783469,2383.0849021566937
5.522,1191.3747020405835,1191.3747020405835,2382.749404081167
5.523,1191.1916019205364,1191.1916019205364,2382.383203841073
5.524,1191.0112267600703,1191.0112267600703,2382.0224535201405
5.525,1190.8487889029116,1190.8487889029116,2381.697577805823
5.526,1190.714882726186,1190.714882726186,2381.429765452372
5.527,1190.6143219739813,1190.6143219739813,2381.2286439479626
5.5280000000000005,1190.545697970346,1190.545697970346,2381.091395940692
5.529,1190.5017056331792,1190.5017056331792,2381.0034112663584
5.53,1190.4701967358235,1190.4701967358235,2380.940393471647
5.531,1190.435837013921,1190.435837013921,2380.871674027842
5.532,1190.3821747199668,1190.3821747199668,2380.7643494399335
5.533,1190.2938807793548,1190.2938807793548,2380.5877615587096
5.534,1190.1589001043121,1190.1589001043121,2380.3178002086242
5.535,1189.9702622055624,1189.9702622055624,2379.940524411125
5.5360000000000005,1189.7273361014181,1189.7273361014181,2379.4546722028363
5.537,1189.4363756200141,1189.4363756200141,2378.8727512400283
5.538,1189.110279791231,1189.110279791231,2378.220559582462
5.539,1188.7675804503126,1188.7675804503126,2377.535160900625
5.54,1188.4307557536772,1188.4307557536772,2376.8615115073544
5.541,1188.1240444439986,1188.1240444439986,2376.2480888879973
5.542,1187.8709929373488,1187.8709929373488,2375.7419858746975
5.543,1187.691999252589,1187.691999252589,2375.383998505178
5.5440000000000005,1187.6021208529824,1187.6021208529824,2375.2042417059647
5.545,1187.6093871923615,1187.6093871923615,2375.218774384723
5.546,1187.7138049532937,1187.7138049532937,2375.4276099065873
5.547,1187.9071703572436,1187.9071703572436,2375.814340714487
5.548,1188.1737165382574,1188.1737165382574,2376.347433076515
5.549,1188.4915342388942,1188.4915342388942,2376.9830684777885
5.55,1188.8346208246558,1188.8346208246558,2377.6692416493115
5.551,1189.1753449337682,1189.1753449337682,2378.3506898675364
5.5520000000000005,1189.4870693912383,1189.4870693912383,2378.9741387824765
5.553,1189.7466582086481,1189.7466582086481,2379.4933164172962
5.554,1189.936606395682,1189.936606395682,2379.873212791364
5.555,1190.0465724991361,1190.0465724991361,2380.0931449982722
5.556,1190.0741587321054,1190.0741587321054,2380.148317464211
5.557,1190.0248651301322,1190.0248651301322,2380.0497302602644
5.558,1189.9112334251768,1189.9112334251768,2379.8224668503535
5.559,1189.7512834833292,1189.7512834833292,2379.5025669666584
5.5600000000000005,1189.5664206734145,1189.5664206734145,2379.132841346829
5.561,1189.379048179449,1189.379048179449,2378.758096358898
5.562,1189.2101479977032,1189.2101479977032,2378.4202959954064
5.563,1189.0770949885175,1189.0770949885175,2378.154189977035
5.564,1188.991939913084,1188.991939913084,2377.983879826168
5.565,1188.9603431081894,1188.9603431081894,2377.9206862163787
5.566,1188.9812664124684,1188.9812664124684,2377.9625328249367
5.567,1189.0474454012333,1189.0474454012333,2378.0948908024666
5.5680000000000005,1189.1465764164645,1189.1465764164645,2378.293152832929
5.569,1189.2630730047672,1189.2630730047672,2378.5261460095344
5.57,1189.3801830443797,1189.3801830443797,2378.7603660887594
5.571,1189.4822180561014,1189.4822180561014,2378.9644361122027
5.572,1189.5566343406322,1189.5566343406322,2379.1132686812643
5.573,1189.5957229556384,1189.5957229556384,2379.191445911277
5.574,1189.5977101885885,1189.5977101885885,2379.195420377177
5.575,1189.5671371205815,1189.5671371205815,2379.134274241163
5.5760000000000005,1189.5144686629465,1189.5144686629465,2379.028937325893
5.577,1189.4549699833572,1189.4549699833572,2378.9099399667143
5.578,1189.406971779103,1189.406971779103,2378.813943558206
5.579,1189.3897160933886,1189.3897160933886,2378.7794321867773
5.58,1189.4210234613824,1189.4210234613824,2378.842046922765
5.581,1189.5150446038674,1189.5150446038674,2379.030089207735
5.582,1189.680353089242,1189.680353089242,2379.360706178484
5.583,1189.9186000210123,1189.9186000210123,2379.8372000420245
5.5840000000000005,1190.2238916999959,1190.2238916999959,2380.4477833999917
5.585,1190.5829729219438,1190.5829729219438,2381.1659458438876
5.586,1190.9762106858516,1190.9762106858516,2381.952421371703
5.587,1191.3792852646295,1191.3792852646295,2382.758570529259
5.588,1191.7654174977897,1191.7654174977897,2383.5308349955794
5.589,1192.1079014202278,1192.1079014202278,2384.2158028404556
5.59,1192.3826765519368,1192.3826765519368,2384.7653531038736
5.591,1192.5706682156424,1192.5706682156424,2385.141336431285
5.5920000000000005,1192.6596478346005,1192.6596478346005,2385.319295669201
5.593,1192.645415759051,1192.645415759051,2385.290831518102
5.594,1192.5321812779368,1192.5321812779368,2385.0643625558737
5.595,1192.3321002301843,1192.3321002301843,2384.6642004603686
5.596,1192.0640206753594,1192.0640206753594,2384.128041350719
5.597,1191.7515715850327,1191.7515715850327,2383.5031431700654
5.598,1191.4207992524666,1191.4207992524666,2382.8415985049332
5.599,1191.0976034923756,1191.0976034923756,2382.195206984751
5.6000000000000005,1190.8052455763195,1190.8052455763195,2381.610491152639
5.601,1190.5621901071243,1190.5621901071243,2381.1243802142485
5.602,1190.3805048150616,1190.3805048150616,2380.761009630123
5.603,1190.2649798223754,1190.2649798223754,2380.5299596447508
5.604,1190.2130481878144,1190.2130481878144,2380.4260963756287
5.605,1190.2155013157299,1190.2155013157299,2380.4310026314597
5.606,1190.2579058196654,1190.2579058196654,2380.515811639331
5.607,1190.3225522388511,1190.3225522388511,2380.6451044777023
5.6080000000000005,1190.3907089792851,1190.3907089792851,2380.7814179585703
5.609,1190.444923221426,1190.444923221426,2380.889846442852
5.61,1190.471107721139,1190.471107721139,2380.942215442278
5.611,1190.4601786574876,1190.4601786574876,2380.9203573149753
5.612,1190.4090619666144,1190.4090619666144,2380.818123933229
5.613,1190.3209580823545,1190.3209580823545,2380.641916164709
5.614,1190.2048395889708,1190.2048395889708,2380.4096791779416
5.615,1190.0742435536242,1190.0742435536242,2380.1484871072485
5.6160000000000005,1189.9455005293723,1189.9455005293723,2379.8910010587447
5.617,1189.8356064713448,1189.8356064713448,2379.6712129426896
5.618,1189.7599849292699,1189.7599849292699,2379.5199698585398
5.619,1189.7304002731455,1189.7304002731455,2379.460800546291
5.62,1189.7532668534045,1189.7532668534045,2379.506533706809
5.621,1189.8285556131063,1189.8285556131063,2379.6571112262127
5.622,1189.949433532194,1189.949433532194,2379.898867064388
5.623,1190.102689695199,1190.102689695199,2380.205379390398
5.6240000000000006,1190.26991375864,1190.26991375864,2380.53982751728
5.625,1190.429307903328,1190.429307903328,2380.858615806656
5.626,1190.5579413895316,1190.5579413895316,2381.115882779063
5.627,1190.634205599531,1190.634205599531,2381.268411199062
5.628,1190.6402026869187,1190.6402026869187,2381.2804053738373
5.6290000000000004,1190.563805478688,1190.563805478688,2381.127610957376
5.63,1190.4001596926848,1190.4001596926848,2380.8003193853697
5.631,1190.1524582528734,1190.1524582528734,2380.304916505747
5.632,1189.831895129094,1189.831895129094,2379.663790258188
5.633,1189.4567942252515,1189.4567942252515,2378.913588450503
5.634,1189.0509977576603,1189.0509977576603,2378.1019955153206
5.635,1188.6416785691567,1188.6416785691567,2377.2833571383135
5.636,1188.256803149555,1188.256803149555,2376.51360629911
5.6370000000000005,1187.9225099477346,1187.9225099477346,2375.8450198954692
5.638,1187.6606767197386,1187.6606767197386,2375.321353439477
5.639,1187.4869301573967,1187.4869301573967,2374.9738603147935
5.64,1187.4093031323168,1187.4093031323168,2374.8186062646337
5.641,1187.4276748247325,1187.4276748247325,2374.855349649465
5.642,1187.5340444661233,1187.5340444661233,2375.0680889322466
5.643,1187.7135996703205,1187.7135996703205,2375.427199340641
5.644,1187.946455183247,1187.946455183247,2375.892910366494
5.6450000000000005,1188.2098666508623,1188.2098666508623,2376.4197333017246
5.646,1188.4806744504697,1188.4806744504697,2376.9613489009394
5.647,1188.737710119538,1188.737710119538,2377.475420239076
5.648,1188.9639048323331,1188.9639048323331,2377.9278096646663
5.649,1189.1478748588283,1189.1478748588283,2378.2957497176567
5.65,1189.2848189884685,1189.2848189884685,2378.569637976937
5.651,1189.3766408093793,1189.3766408093793,2378.7532816187586
5.652,1189.4312958393837,1189.4312958393837,2378.8625916787673
5.6530000000000005,1189.461450146605,1189.461450146605,2378.92290029321
5.654,1189.4826136795052,1189.4826136795052,2378.9652273590104
5.655,1189.5109695809952,1189.5109695809952,2379.0219391619903
5.656,1189.5611538822795,1189.5611538822795,2379.122307764559
5.657,1189.644244521113,1189.644244521113,2379.288489042226
5.658,1189.7661941369065,1189.7661941369065,2379.532388273813
5.659,1189.9268903118646,1189.9268903118646,2379.853780623729
5.66,1190.1199555179933,1190.1199555179933,2380.2399110359866
5.6610000000000005,1190.3333149467214,1190.3333149467214,2380.666629893443
5.662,1190.550473001452,1190.550473001452,2381.100946002904
5.663,1190.7523582562897,1190.7523582562897,2381.5047165125793
5.664,1190.9195311553217,1190.9195311553217,2381.8390623106434
5.665,1191.034505971514,1191.034505971514,2382.069011943028
5.666,1191.0839233734182,1191.0839233734182,2382.1678467468364
5.667,1191.0603241239066,1191.0603241239066,2382.1206482478133
5.668,1190.963316474472,1190.963316474472,2381.926632948944
5.6690000000000005,1190.799995152698,1190.799995152698,2381.599990305396
5.67,1190.5845513170784,1190.5845513170784,2381.169102634157
5.671,1190.3371015235614,1190.3371015235614,2380.674203047123
5.672,1190.0818498522008,1190.0818498522008,2380.1636997044016
5.673,1189.8447713848386,1189.8447713848386,2379.6895427696772
5.674,1189.651059022595,1189.651059022595,2379.30211804519
5.675,1189.5226032166283,1189.5226032166283,2379.0452064332567
5.676,1189.4757724632316,1189.4757724632316,2378.951544926463
5.6770000000000005,1189.519731508287,1189.519731508287,2379.039463016574
5.678,1189.6554774459469,1189.6554774459469,2379.3109548918937
5.679,1189.875697453414,1189.875697453414,2379.751394906828
5.68,1190.1654641131784,1190.1654641131784,2380.3309282263567
5.681,1190.5036947196309,1190.5036947196309,2381.0073894392617
5.682,1190.8652194267863,1190.8652194267863,2381.7304388535727
5.683,1191.2232384659062,1191.2232384659062,2382.4464769318124
5.684,1191.5519079856817,1191.5519079856817,2383.1038159713635
5.6850000000000005,1191.8287817513315,1191.8287817513315,2383.657563502663
5.686,1192.0368532754505,1192.0368532754505,2384.073706550901
5.687,1192.1659879802392,1192.1659879802392,2384.3319759604783
5.688,1192.2136027082643,1192.2136027082643,2384.4272054165285
5.689,1192.1845328229092,1192.1845328229092,2384.3690656458184
5.69,1192.0901161271927,1192.0901161271927,2384.1802322543854
5.691,1191.9466080874224,1191.9466080874224,2383.893216174845
5.692,1191.773115011667,1191.773115011667,2383.546230023334
5.6930000000000005,1191.5892829983277,1191.5892829983277,2383.1785659966554
5.694,1191.4130050631684,1191.4130050631684,2382.8260101263368
5.695,1191.2584042426688,1191.2584042426688,2382.5168084853376
5.696,1191.13431725594,1191.13431725594,2382.26863451188
5.697,1191.0434452459608,1191.0434452459608,2382.0868904919216
5.698,1190.9822617156192,1190.9822617156192,2381.9645234312384
5.699,1190.9416815494264,1190.9416815494264,2381.883363098853
5.7,1190.9084085710306,1190.9084085710306,2381.816817142061
5.7010000000000005,1190.866802049513,1190.866802049513,2381.733604099026
5.702,1190.801043506125,1190.801043506125,2381.60208701225
5.703,1190.697350664422,1190.697350664422,2381.394701328844
5.704,1190.5459792843706,1190.5459792843706,2381.091958568741
5.705,1190.3427766291293,1190.3427766291293,2380.6855532582586
5.706,1190.090099907407,1190.090099907407,2380.180199814814
5.707,1189.7969837399212,1189.7969837399212,2379.5939674798424
5.708,1189.4785246941606,1189.4785246941606,2378.957049388321
5.7090000000000005,1189.1545389130524,1189.1545389130524,2378.309077826105
5.71,1188.8476310703281,1188.8476310703281,2377.6952621406563
5.711,1188.5808801812052,1188.5808801812052,2377.1617603624104
5.712,1188.3753926773006,1188.3753926773006,2376.7507853546012
5.713,1188.2479905786572,1188.2479905786572,2376.4959811573144
5.714,1188.2092905451668,1188.2092905451668,2376.4185810903336
5.715,1188.2623892946167,1188.2623892946167,2376.5247785892334
5.716,1188.4023066814998,1188.4023066814998,2376.8046133629996
5.7170000000000005,1188.6162566261817,1188.6162566261817,2377.2325132523633
5.718,1188.8847269276262,1188.8847269276262,2377.7694538552523
5.719,1189.1832615430083,1189.1832615430083,2378.3665230860165
5.72,1189.4847627578629,1189.4847627578629,2378.9695255157258
5.721,1189.7620741548476,1189.7620741548476,2379.524148309695
5.722,1189.9905746224206,1189.9905746224206,2379.981149244841
5.723,1190.1505121986793,1190.1505121986793,2380.3010243973586
5.724,1190.2288344880442,1190.2288344880442,2380.4576689760884
5.7250000000000005,1190.2203266641895,1190.2203266641895,2380.440653328379
5.726,1190.1279427394325,1190.1279427394325,2380.255885478865
5.727,1189.9623026633938,1189.9623026633938,2379.9246053267875
5.728,1189.7404174031972,1189.7404174031972,2379.4808348063943
5.729,1189.4837866574726,1189.4837866574726,2378.967573314945
5.73,1189.2160802606509,1189.2160802606509,2378.4321605213017
5.731,1188.9606574162565,1188.9606574162565,2377.921314832513
5.732,1188.7381930056004,1188.7381930056004,2377.4763860112007
5.7330000000000005,1188.5646657821944,1188.5646657821944,2377.129331564389
5.734,1188.4499209661728,1188.4499209661728,2376.8998419323457
5.735,1188.3969543449637,1188.3969543449637,2376.7939086899273
5.736,1188.4019837519675,1188.4019837519675,2376.803967503935
5.737,1188.455285751254,1188.455285751254,2376.910571502508
5.738,1188.5426902556164,1188.5426902556164,2377.085380511233
5.739,1188.6475530582054,1188.6475530582054,2377.295106116411
5.74,1188.7529738942176,1188.7529738942176,2377.505947788435
5.7410000000000005,1188.8440014323132,1188.8440014323132,2377.6880028646265
5.742,1188.9095693873285,1188.9095693873285,2377.819138774657
5.743,1188.9439393921518,1188.9439393921518,2377.8878787843037
5.744,1188.947482837367,1188.947482837367,2377.894965674734
5.745,1188.9267092684795,1188.9267092684795,2377.853418536959
5.746,1188.8935347230668,1188.8935347230668,2377.7870694461335
5.747,1188.863870039008,1188.863870039008,2377.727740078016
5.748,1188.8556870161972,1188.8556870161972,2377.7113740323944
5.7490000000000006,1188.8867806831615,1188.8867806831615,2377.773561366323
5.75,1188.972482052547,1188.972482052547,2377.944964105094
5.751,1189.1235835700093,1189.1235835700093,2378.2471671400185
5.752,1189.3447180253022,1189.3447180253022,2378.6894360506044
5.753,1189.6333832964067,1189.6333832964067,2379.2667665928134
5.7540000000000004,1189.9797352189776,1189.9797352189776,2379.959470437955
5.755,1190.367186803174,1190.367186803174,2380.734373606348
5.756,1190.773763207419,1190.773763207419,2381.547526414838
5.757000000000001,1191.174078114529,1191.174078114529,2382.348156229058
5.758,1191.5417276922874,1191.5417276922874,2383.083455384575
5.759,1191.8518508509517,1191.8518508509517,2383.7037017019034
5.76,1192.0835843186605,1192.0835843186605,2384.167168637321
5.761,1192.2221504332338,1192.2221504332338,2384.4443008664675
5.7620000000000005,1192.2603535381927,1192.2603535381927,2384.5207070763854
5.763,1192.1993233695575,1192.1993233695575,2384.398646739115
5.764,1192.0484240297146,1192.0484240297146,2384.0968480594292
5.765,1191.8243363176819,1191.8243363176819,2383.6486726353637
5.766,1191.5494095856675,1191.5494095856675,2383.098819171335
5.767,1191.2494572663686,1191.2494572663686,2382.498914532737
5.768,1190.9512292539926,1190.9512292539926,2381.902458507985
5.769,1190.6798279935283,1190.6798279935283,2381.3596559870566
5.7700000000000005,1190.4563397917468,1190.4563397917468,2380.9126795834936
5.771,1190.2959280493249,1190.2959280493249,2380.5918560986497
5.772,1190.2065836000427,1190.2065836000427,2380.4131672000854
5.773,1190.1886548306657,1190.1886548306657,2380.3773096613313
5.774,1190.2351947419859,1190.2351947419859,2380.4703894839718
5.775,1190.3330730110467,1190.3330730110467,2380.6661460220935
5.776,1190.4647182182057,1190.4647182182057,2380.9294364364114
5.777,1190.610287801006,1190.610287801006,2381.220575602012
5.7780000000000005,1190.7500183789653,1190.7500183789653,2381.5000367579305
5.779,1190.8664917343558,1190.8664917343558,2381.7329834687116
5.78,1190.9465637598134,1190.9465637598134,2381.893127519627
5.781,1190.9827436728347,1190.9827436728347,2381.9654873456693
5.782,1190.973874241327,1190.973874241327,2381.947748482654
5.783,1190.9250435681058,1190.9250435681058,2381.8500871362116
5.784,1190.8467462496865,1190.8467462496865,2381.693492499373
5.785,1190.7533967436307,1190.7533967436307,2381.5067934872613
5.7860000000000005,1190.6613710947108,1190.6613710947108,2381.3227421894217
5.787,1190.5868066320238,1190.5868066320238,2381.1736132640476
5.788,1190.5434169103007,1190.5434169103007,2381.0868338206014
5.789,1190.540577944324,1190.540577944324,2381.081155888648
5.79,1190.5819117944168,1190.5819117944168,2381.1638235888336
5.791,1190.6645381130804,1190.6645381130804,2381.329076226161
5.792,1190.779089493541,1190.779089493541,2381.558178987082
5.793,1190.9105006541881,1190.9105006541881,2381.8210013083763
5.7940000000000005,1191.0394941661264,1191.0394941661264,2382.0789883322527
5.795,1191.144606283841,1191.144606283841,2382.289212567682
5.796,1191.2045342807228,1191.2045342807228,2382.4090685614456
5.797,1191.200548466894,1191.200548466894,2382.401096933788
5.798,1191.1187020880047,1191.1187020880047,2382.2374041760095
5.799,1190.9515917695649,1190.9515917695649,2381.9031835391297
5.8,1190.6994680332518,1190.6994680332518,2381.3989360665037
5.801,1190.370564595251,1190.370564595251,2380.741129190502
5.8020000000000005,1189.980599118699,1189.980599118699,2379.961198237398
5.803,1189.5514876492937,1189.5514876492937,2379.1029752985874
5.804,1189.1094003014807,1189.1094003014807,2378.2188006029614
5.805,1188.6823575189424,1188.6823575189424,2377.3647150378847
5.806,1188.2976165248542,1188.2976165248542,2376.5952330497084
5.807,1187.9791208714541,1187.9791208714541,2375.9582417429083
5.808,1187.7452797206538,1187.7452797206538,2375.4905594413076
5.809,1187.6073083067326,1187.6073083067326,2375.2146166134653
5.8100000000000005,1187.5683007876455,1187.5683007876455,2375.136601575291
5.811,1187.6231279703725,1187.6231279703725,2375.246255940745
5.812,1187.7591638090025,1187.7591638090025,2375.518327618005
5.813,1187.957755809167,1187.957755809167,2375.915511618334
5.814,1188.1962752273816,1188.1962752273816,2376.3925504547633
5.815,1188.4505218716254,1188.4505218716254,2376.9010437432507
5.816,1188.697222027685,1188.697222027685,2377.39444405537
5.817,1188.9163504580533,1188.9163504580533,2377.8327009161067
5.8180000000000005,1189.0930292891994,1189.0930292891994,2378.186058578399
5.819,1189.2188054218223,1189.2188054218223,2378.4376108436445
5.82,1189.2921784088733,1189.2921784088733,2378.5843568177465
5.821,1189.3183347325578,1189.3183347325578,2378.6366694651156
5.822,1189.3081327662903,1189.3081327662903,2378.6162655325807
5.823,1189.27646565803,1189.27646565803,2378.55293131606
5.824,1189.240197759066,1189.240197759066,2378.480395518132
5.825,1189.215916513086,1189.215916513086,2378.431833026172
5.8260000000000005,1189.2177608352806,1189.2177608352806,2378.4355216705612
5.827,1189.2555768856664,1189.2555768856664,2378.511153771333
5.828,1189.3336139506032,1189.3336139506032,2378.6672279012064
5.829,1189.449911176243,1189.449911176243,2378.899822352486
5.83,1189.5964470657166,1189.5964470657166,2379.192894131433
5.831,1189.760036744347,1189.760036744347,2379.520073488694
5.832,1189.9238766958456,1189.9238766958456,2379.847753391691
5.833,1190.069562483526,1190.069562483526,2380.139124967052
5.8340000000000005,1190.179350172982,1190.179350172982,2380.358700345964
5.835,1190.238402901593,1190.238402901593,2380.476805803186
5.836,1190.2367636072563,1190.2367636072563,2380.4735272145126
5.837,1190.1708234538562,1190.1708234538562,2380.3416469077124
5.838,1190.044109886713,1190.044109886713,2380.088219773426
5.839,1189.8672925612068,1189.8672925612068,2379.7345851224136
5.84,1189.6573914420221,1189.6573914420221,2379.3147828840442
5.841,1189.436259685742,1189.436259685742,2378.872519371484
5.8420000000000005,1189.2284947447301,1189.2284947447301,2378.4569894894603
5.843,1189.0589955223759,1189.0589955223759,2378.1179910447518
5.844,1188.95042422107,1188.95042422107,2377.90084844214
5.845,1188.9208441922503,1188.9208441922503,2377.8416883845007
5.846,1188.9817881504796,1188.9817881504796,2377.963576300959
5.847,1189.1369663342746,1189.1369663342746,2378.273932668549
5.848,1189.3817564305382,1189.3817564305382,2378.7635128610764
5.849,1189.7035337027737,1189.7035337027737,2379.4070674055474
5.8500000000000005,1190.082809872221,1190.082809872221,2380.165619744442
5.851,1190.4950627129278,1190.4950627129278,2380.9901254258557
5.852,1190.9130644951588,1190.9130644951588,2381.8261289903176
5.853,1191.3094644067432,1191.3094644067432,2382.6189288134865
5.854,1191.6593536743833,1191.6593536743833,2383.3187073487666
5.855,1191.9425451530994,1191.9425451530994,2383.885090306199
5.856,1192.145331276026,1192.145331276026,2384.290662552052
5.857,1192.2615418935206,1192.2615418935206,2384.5230837870413
5.8580000000000005,1192.2928003194377,1192.2928003194377,2384.5856006388753
5.859,1192.2479633890339,1192.2479633890339,2384.4959267780678
5.86,1192.1418199010634,1192.1418199010634,2384.283639802127
5.861,1191.993201747395,1191.993201747395,2383.98640349479
5.862,1191.8227245758999,1191.8227245758999,2383.6454491517998
5.863,1191.6504131657873,1191.6504131657873,2383.3008263315746
5.864,1191.4934766786287,1191.4934766786287,2382.9869533572573
5.865,1191.364479576162,1191.364479576162,2382.728959152324
5.8660000000000005,1191.2701075023447,1191.2701075023447,2382.5402150046893
5.867,1191.2106590382498,1191.2106590382498,2382.4213180764996
5.868,1191.1803115923844,1191.1803115923844,2382.360623184769
5.869,1191.1681219899585,1191.1681219899585,2382.336243979917
5.87,1191.1596393246784,1191.1596393246784,2382.319278649357
5.871,1191.1389385574173,1191.1389385574173,2382.2778771148346
5.872,1191.0908358596262,1191.0908358596262,2382.1816717192523
5.873,1191.0030260797848,1191.0030260797848,2382.0060521595697
5.8740000000000006,1190.8678912521573,1190.8678912521573,2381.7357825043146
5.875,1190.6837658278664,1190.6837658278664,2381.367531655733
5.876,1190.4555052175456,1190.4555052175456,2380.911010435091
5.877,1190.1942825402866,1190.1942825402866,2380.3885650805732
5.878,1189.9166254878844,1189.9166254878844,2379.833250975769
5.8790000000000004,1189.6427912739184,1189.6427912739184,2379.285582547837
5.88,1189.3946531741144,1189.3946531741144,2378.789306348229
5.881,1189.1933287587183,1189.1933287587183,2378.3866575174366
5.882000000000001,1189.0568112327178,1189.0568112327178,2378.1136224654356
5.883,1188.9978677836577,1188.9978677836577,2377.9957355673155
5.884,1189.0224421172197,1189.0224421172197,2378.0448842344395
5.885,1189.1287452895795,1189.1287452895795,2378.257490579159
5.886,1189.3071452876652,1189.3071452876652,2378.6142905753304
5.8870000000000005,1189.5408796089032,1189.5408796089032,2379.0817592178064
5.888,1189.8075257917008,1189.8075257917008,2379.6150515834015
5.889,1190.081082244343,1190.081082244343,2380.162164488686
5.89,1190.3344448888693,1190.3344448888693,2380.6688897777385
5.891,1190.5420214318424,1190.5420214318424,2381.0840428636848
5.892,1190.682209317536,1190.682209317536,2381.364418635072
5.893,1190.739477368892,1190.739477368892,2381.478954737784
5.894,1190.7058332768793,1190.7058332768793,2381.4116665537586
5.8950000000000005,1190.5815248646713,1190.5815248646713,2381.1630497293427
5.896,1190.3749052447706,1190.3749052447706,2380.7498104895412
5.897,1190.101481620878,1190.101481620878,2380.202963241756
5.898,1189.7822547663973,1189.7822547663973,2379.5645095327945
5.899,1189.4415316081217,1189.4415316081217,2378.8830632162435
5.9,1189.1044486404162,1189.1044486404162,2378.2088972808324
5.901,1188.7944730916288,1188.7944730916288,2377.5889461832576
5.902,1188.531148734577,1188.531148734577,2377.062297469154
5.9030000000000005,1188.328324066696,1188.328324066696,2376.656648133392
5.904,1188.1930455756678,1188.1930455756678,2376.3860911513357
5.905,1188.1252240832507,1188.1252240832507,2376.2504481665014
5.906,1188.1180960125191,1188.1180960125191,2376.2361920250382
5.907,1188.1594133839585,1188.1594133839585,2376.318826767917
5.908,1188.233216136674,1188.233216136674,2376.466432273348
5.909,1188.3219768331846,1188.3219768331846,2376.6439536663693
5.91,1188.408867923965,1188.408867923965,2376.81773584793
5.9110000000000005,1188.4798898787062,1188.4798898787062,2376.9597797574124
5.912,1188.5256158875902,1188.5256158875902,2377.0512317751804
5.913,1188.5423535083312,1188.5423535083312,2377.0847070166624
5.914,1188.532590574299,1188.532590574299,2377.065181148598
5.915,1188.5046744122212,1188.5046744122212,2377.0093488244424
5.916,1188.4717608340825,1188.4717608340825,2376.943521668165
5.917,1188.4501527273756,1188.4501527273756,2376.900305454751
5.918,1188.4572180797982,1188.4572180797982,2376.9144361595963
5.9190000000000005,1188.5091261244302,1188.5091261244302,2377.0182522488603
5.92,1188.618662506765,1188.618662506765,2377.23732501353
5.921,1188.7933774311116,1188.7933774311116,2377.586754862223
5.922,1189.0342853455868,1189.0342853455868,2378.0685706911736
5.923,1189.3352747304239,1189.3352747304239,2378.6705494608477
5.924,1189.683308551569,1189.683308551569,2379.366617103138
5.925,1190.059408522575,1190.059408522575,2380.11881704515
5.926,1190.4403291315502,1190.4403291315502,2380.8806582631005
5.9270000000000005,1190.8007500777942,1190.8007500777942,2381.6015001555884
5.928,1191.115756894443,1191.115756894443,2382.231513788886
5.929,1191.3633456602886,1191.3633456602886,2382.726691320577
5.93,1191.52668263437,1191.52668263437,2383.05336526874
5.931,1191.5958740239628,1191.5958740239628,2383.1917480479256
5.932,1191.569052323916,1191.569052323916,2383.138104647832
5.933,1191.452658190488,1191.452658190488,2382.905316380976
5.934,1191.2608827363397,1191.2608827363397,2382.5217654726794
5.9350000000000005,1191.0143250761375,1191.0143250761375,2382.028650152275
5.936,1190.738004086957,1190.738004086957,2381.476008173914
5.937,1190.4589324791496,1190.4589324791496,2380.917864958299
5.938,1190.2035078498157,1190.2035078498157,2380.4070156996313
5.939,1189.9949943344425,1189.9949943344425,2379.989988668885
5.94,1189.8513577363701,1189.8513577363701,2379.7027154727402
5.941,1189.7836778081155,1189.7836778081155,2379.567355616231
5.942,1189.7952980144944,1189.7952980144944,2379.590596028989
5.9430000000000005,1189.8817925998706,1189.8817925998706,2379.763585199741
5.944,1190.0317419605303,1190.0317419605303,2380.0634839210607
5.945,1190.2282199377646,1190.2282199377646,2380.456439875529
5.946,1190.4508202736483,1190.4508202736483,2380.9016405472967
5.947,1190.677992457826,1190.677992457826,2381.355984915652
5.948,1190.8894257422294,1190.8894257422294,2381.7788514844588
5.949,1191.0682175870397,1191.0682175870397,2382.1364351740795
5.95,1191.2025894049095,1191.2025894049095,2382.405178809819
5.9510000000000005,1191.2869651588571,1191.2869651588571,2382.5739303177143
5.952,1191.3223012351107,1191.3223012351107,2382.6446024702213
5.953,1191.3156409288808,1191.3156409288808,2382.6312818577617
5.954,1191.278954401624,1191.278954401624,2382.557908803248
5.955,1191.2274053704466,1191.2274053704466,2382.454810740893
5.956,1191.1772501506907,1191.1772501506907,2382.3545003013814
5.957,1191.1436158534266,1191.1436158534266,2382.287231706853
5.958,1191.1384179764354,1191.1384179764354,2382.276835952871
5.9590000000000005,1191.1686618341053,1191.1686618341053,2382.3373236682105
5.96,1191.235329004342,1191.235329004342,2382.470658008684
5.961,1191.3329840328697,1191.3329840328697,2382.6659680657394
5.962,1191.4501553479188,1191.4501553479188,2382.9003106958376
5.963,1191.5704567299845,1191.5704567299845,2383.140913459969
5.964,1191.6743314907515,1191.6743314907515,2383.348662981503
5.965,1191.7412301144764,1191.7412301144764,2383.4824602289527
5.966,1191.7519814727139,1191.7519814727139,2383.5039629454277
5.9670000000000005,1191.6910935225972,1191.6910935225972,2383.3821870451943
5.968,1191.5487244075885,1191.5487244075885,2383.097448815177
5.969,1191.3220986411218,1191.3220986411218,2382.6441972822436
5.97,1191.0162019340949,1191.0162019340949,2382.0324038681897
5.971,1190.6436658132934,1190.6436658132934,2381.287331626587
5.972,1190.2238409811534,1190.2238409811534,2380.447681962307
5.973,1189.781146758007,1189.781146758007,2379.562293516014
5.974,1189.3428632152534,1189.3428632152534,2378.6857264305067
5.9750000000000005,1188.9365940294676,1188.9365940294676,2377.8731880589353
5.976,1188.5876648906888,1188.5876648906888,2377.1753297813775
5.977,1188.3167304072572,1188.3167304072572,2376.6334608145144
5.978,1188.1378409353888,1188.1378409353888,2376.2756818707776
5.979,1188.057171945567,1188.057171945567,2376.114343891134
5.98,1188.0725477373244,1188.0725477373244,2376.1450954746488
5.981,1188.173806258646,1188.173806258646,2376.347612517292
5.982,1188.3439617680233,1188.3439617680233,2376.6879235360466
5.9830000000000005,1188.5610369286644,1188.5610369286644,2377.122073857329
5.984,1188.8003649376708,1188.8003649376708,2377.6007298753416
5.985,1189.037113198435,1189.037113198435,2378.07422639687
5.986,1189.2487581614987,1189.2487581614987,2378.4975163229974
5.987,1189.4172486127648,1189.4172486127648,2378.8344972255295
5.988,1189.5306309557,1189.5306309557,2379.0612619114
5.989,1189.5839708503827,1189.5839708503827,2379.1679417007654
5.99,1189.579484178616,1189.579484178616,2379.158968357232
5.9910000000000005,1189.525877997321,1189.525877997321,2379.051755994642
5.992,1189.4369892340424,1189.4369892340424,2378.8739784680847
5.993,1189.3298857653976,1189.3298857653976,2378.6597715307953
5.994,1189.2226527421476,1189.2226527421476,2378.445305484295
5.995,1189.132120199687,1189.132120199687,2378.264240399374
5.996,1189.0717925153167,1189.0717925153167,2378.1435850306334
5.997,1189.0502157131587,1189.0502157131587,2378.1004314263173
5.998,1189.069967763015,1189.069967763015,2378.13993552603
5.9990000000000006,1189.1273855689828,1189.1273855689828,2378.2547711379657
6.0,1189.2130582728728,1189.2130582728728,2378.4261165457456
6.001,1189.3130291767882,1189.3130291767882,2378.6260583535764
6.002,1189.410567746749,1189.410567746749,2378.821135493498
6.003,1189.4883078046823,1189.4883078046823,2378.9766156093647
6.0040000000000004,1189.5305054437845,1189.5305054437845,2379.061010887569
6.005,1189.5251551836964,1189.5251551836964,2379.0503103673927
6.006,1189.465717136933,1189.465717136933,2378.931434273866
6.007000000000001,1189.3522499627716,1189.3522499627716,2378.704499925543
6.008,1189.1918095383703,1189.1918095383703,2378.3836190767406
6.009,1188.9980544073335,1188.9980544073335,2377.996108814667
6.01,1188.7900872210246,1188.7900872210246,2377.580174442049
6.011,1188.5906468223593,1188.5906468223593,2377.1812936447186
6.0120000000000005,1188.423838873016,1188.423838873016,2376.847677746032
6.013,1188.3126458579259,1188.3126458579259,2376.6252917158517
6.014,1188.2764840072582,1188.2764840072582,2376.5529680145164
6.015000000000001,1188.3290721283975,1188.3290721283975,2376.658144256795
6.016,1188.4768457285986,1188.4768457285986,2376.9536914571972
6.017,1188.7180925228533,1188.7180925228533,2377.4361850457067
6.018,1189.0429086799543,1189.0429086799543,2378.0858173599086
6.019,1189.4339873285828,1189.4339873285828,2378.8679746571656
6.0200000000000005,1189.8681615178498,1189.8681615178498,2379.7363230356996
6.021,1190.3185427692251,1190.3185427692251,2380.6370855384503
6.022,1190.7570324341289,1190.7570324341289,2381.5140648682577
6.023,1191.156943272071,1191.156943272071,2382.313886544142
6.024,1191.4954573317686,1191.4954573317686,2382.9909146635373
6.025,1191.7556645731597,1191.7556645731597,2383.5113291463194
6.026,1191.9279726768345,1191.9279726768345,2383.855945353669
6.027,1192.010747082786,1192.010747082786,2384.021494165572
6.0280000000000005,1192.0101239435394,1192.0101239435394,2384.0202478870788
6.029,1191.9390281862436,1191.9390281862436,2383.878056372487
6.03,1191.8155144416437,1191.8155144416437,2383.6310288832874
6.031,1191.6606208513006,1191.6606208513006,2383.321241702601
6.032,1191.495976823428,1191.495976823428,2382.991953646856
6.033,1191.3414301333146,1191.3414301333146,2382.682860266629
6.034,1191.2129537710084,1191.2129537710084,2382.425907542017
6.035,1191.121059276339,1191.121059276339,2382.242118552678
6.0360000000000005,1191.0698847791232,1191.0698847791232,2382.1397695582464
6.037,1191.0570491267385,1191.0570491267385,2382.114098253477
6.038,1191.0742768897812,1191.0742768897812,2382.1485537795625
6.039,1191.1087123115672,1191.1087123115672,2382.2174246231343
6.04,1191.1447630320831,1191.1447630320831,2382.2895260641662
6.041,1191.1662552326864,1191.1662552326864,2382.3325104653727
6.042,1191.1586472672802,1191.1586472672802,2382.3172945345605
6.043,1191.1110426903235,1191.1110426903235,2382.222085380647
6.0440000000000005,1191.017766529955,1191.017766529955,2382.03553305991
6.045,1190.87931812722,1190.87931812722,2381.75863625444
6.046,1190.7025843680062,1190.7025843680062,2381.4051687360125
6.047,1190.500280835802,1190.500280835802,2381.000561671604
6.048,1190.2896760052138,1190.2896760052138,2380.5793520104276
6.049,1190.0907353329521,1190.0907353329521,2380.1814706659043
6.05,1189.9238888772563,1189.9238888772563,2379.8477777545127
6.051,1189.8076704267646,1189.8076704267646,2379.6153408535292
6.0520000000000005,1189.7564930557078,1189.7564930557078,2379.5129861114156
6.053,1189.7788135798228,1189.7788135798228,2379.5576271596456
6.054,1189.8758978479864,1189.8758978479864,2379.7517956959728
6.055,1190.041334557156,1190.041334557156,2380.082669114312
6.056,1190.2613643379282,1190.2613643379282,2380.5227286758563
6.057,1190.5160020951676,1190.5160020951676,2381.032004190335
6.058,1190.7808437517335,1190.7808437517335,2381.561687503467
6.059,1191.0293731872891,1191.0293731872891,2382.0587463745783
6.0600000000000005,1191.235529594703,1191.235529594703,2382.471059189406
6.061,1191.3762658359533,1191.3762658359533,2382.7525316719066
6.062,1191.4338279684412,1191.4338279684412,2382.8676559368823
6.063,1191.3975150251347,1191.3975150251347,2382.7950300502694
6.064,1191.2647332431077,1191.2647332431077,2382.5294664862154
6.065,1191.0412342435113,1191.0412342435113,2382.0824684870227
6.066,1190.7405139533066,1190.7405139533066,2381.4810279066132
6.067,1190.3824387928366,1190.3824387928366,2380.7648775856733
6.0680000000000005,1189.991248035356,1189.991248035356,2379.982496070712
6.069,1189.5931472880438,1189.5931472880438,2379.1862945760877
6.07,1189.2137505610779,1189.2137505610779,2378.4275011221557
6.071,1188.8756427825597,1188.8756427825597,2377.7512855651194
6.072,1188.596319375659,1188.596319375659,2377.192638751318
6.073,1188.3867163893735,1188.3867163893735,2376.773432778747
6.074,1188.250478475526,1188.250478475526,2376.500956951052
6.075,1188.1840300702495,1188.1840300702495,2376.368060140499
6.0760000000000005,1188.1774265240576,1188.1774265240576,2376.3548530481153
6.077,1188.2158764050403,1188.2158764050403,2376.4317528100805
6.078,1188.2817531893022,1188.2817531893022,2376.5635063786044
6.079,1188.3568620687865,1188.3568620687865,2376.713724137573
6.08,1188.4247013859965,1188.4247013859965,2376.849402771993
6.081,1188.4724610735288,1188.4724610735288,2376.9449221470577
6.082,1188.4925320388304,1188.4925320388304,2376.985064077661
6.083,1188.4833571219385,1188.4833571219385,2376.966714243877
6.0840000000000005,1188.4495297193357,1188.4495297193357,2376.8990594386714
6.085,1188.4011319892056,1188.4011319892056,2376.8022639784112
6.086,1188.3523911689445,1188.3523911689445,2376.704782337889
6.087,1188.3198102972592,1188.3198102972592,2376.6396205945184
6.088,1188.3199898762607,1188.3199898762607,2376.6399797525214
6.089,1188.3673930111715,1188.3673930111715,2376.734786022343
6.09,1188.472314289985,1188.472314289985,2376.94462857997
6.091,1188.6392912094689,1188.6392912094689,2377.2785824189377
6.0920000000000005,1188.866148648845,1188.866148648845,2377.73229729769
6.093,1189.143797048715,1189.143797048715,2378.28759409743
6.094,1189.456821274487,1189.456821274487,2378.913642548974
6.095,1189.7848088789328,1189.7848088789328,2379.5696177578657
6.096,1190.1042833992074,1190.1042833992074,2380.2085667984147
6.097,1190.391039645794,1190.391039645794,2380.782079291588
6.098,1190.6226313067289,1190.6226313067289,2381.2452626134577
6.099,1190.7807418233938,1190.7807418233938,2381.5614836467876
6.1000000000000005,1190.8531796195866,1190.8531796195866,2381.7063592391733
6.101,1190.8352773625982,1190.8352773625982,2381.6705547251963
6.102,1190.7305378455121,1190.7305378455121,2381.4610756910242
6.103,1190.550449463932,1190.550449463932,2381.100898927864
6.104,1190.3134833467013,1190.3134833467013,2380.6269666934027
6.105,1190.0433722509179,1190.0433722509179,2380.0867445018357
6.106,1189.7668487125238,1189.7668487125238,2379.5336974250476
6.107,1189.51107818473,1189.51107818473,2379.02215636946
6.1080000000000005,1189.3010556229324,1189.3010556229324,2378.6021112458648
6.109,1189.1572376090987,1189.1572376090987,2378.3144752181975
6.11,1189.093656263895,1189.093656263895,2378.18731252779
6.111,1189.1167087167637,1189.1167087167637,2378.2334174335274
6.112,1189.224742557515,1189.224742557515,2378.44948511503
6.113,1189.4084715265394,1189.4084715265394,2378.816943053079
6.114,1189.6521661610652,1189.6521661610652,2379.3043323221304
6.115,1189.935481006463,1189.935481006463,2379.870962012926
6.1160000000000005,1190.2357124080327,1190.2357124080327,2380.4714248160653
6.117,1190.530236183732,1190.530236183732,2381.060472367464
6.118,1190.798857476823,1190.798857476823,2381.597714953646
6.119,1191.0258175756799,1191.0258175756799,2382.0516351513597
6.12,1191.2012429911563,1191.2012429911563,2382.4024859823126
6.121,1191.3218860399174,1191.3218860399174,2382.643772079835
6.122,1191.3910864561108,1191.3910864561108,2382.7821729122215
6.123,1191.41797121606,1191.41797121606,2382.83594243212
6.1240000000000006,1191.4159950821704,1191.4159950821704,2382.831990164341
6.125,1191.4009978974818,1191.4009978974818,2382.8019957949637
6.126,1191.3890082537127,1191.3890082537127,2382.7780165074255
6.127,1191.3940508922062,1191.3940508922062,2382.7881017844124
6.128,1191.4262140276155,1191.4262140276155,2382.852428055231
6.1290000000000004,1191.4902028633276,1191.4902028633276,2382.980405726655
6.13,1191.5845502383895,1191.5845502383895,2383.169100476779
6.131,1191.701580768977,1191.701580768977,2383.403161537954
6.132000000000001,1191.828139320467,1191.828139320467,2383.656278640934
6.133,1191.947007685131,1191.947007685131,2383.894015370262
6.134,1192.0388546279157,1192.0388546279157,2384.0777092558315
6.135,1192.0845027767925,1192.0845027767925,2384.169005553585
6.136,1192.0672580766288,1192.0672580766288,2384.1345161532577
6.1370000000000005,1191.9750379579089,1191.9750379579089,2383.9500759158177
6.138,1191.8020541411138,1191.8020541411138,2383.6041082822276
6.139,1191.549853007854,1191.549853007854,2383.099706015708
6.140000000000001,1191.2275856090905,1191.2275856090905,2382.455171218181
6.141,1190.8514630829332,1190.8514630829332,2381.7029261658663
6.142,1190.4434423317691,1190.4434423317691,2380.8868846635382
6.143,1190.029271462935,1190.029271462935,2380.05854292587
6.144,1189.6360954005233,1189.6360954005233,2379.2721908010467
6.1450000000000005,1189.2898713980858,1189.2898713980858,2378.5797427961716
6.146,1189.0128664547979,1189.0128664547979,2378.0257329095957
6.147,1188.8215013590543,1188.8215013590543,2377.6430027181086
6.148,1188.7247699950447,1188.7247699950447,2377.4495399900893
6.149,1188.7234015550762,1188.7234015550762,2377.4468031101524
6.15,1188.8098540446567,1188.8098540446567,2377.6197080893135
6.151,1188.9691385962246,1188.9691385962246,2377.9382771924493
6.152,1189.1803853244867,1189.1803853244867,2378.3607706489734
6.1530000000000005,1189.4189824542111,1189.4189824542111,2378.8379649084222
6.154,1189.659059846238,1189.659059846238,2379.318119692476
6.155,1189.8760524323045,1189.8760524323045,2379.752104864609
6.156,1190.0490722897125,1190.0490722897125,2380.098144579425
6.157,1190.1628408200263,1190.1628408200263,2380.3256816400526
6.158,1190.208982178264,1190.208982178264,2380.417964356528
6.159,1190.186550210815,1190.186550210815,2380.37310042163
6.16,1190.101745835979,1190.101745835979,2380.203491671958
6.1610000000000005,1189.9668706973555,1189.9668706973555,2379.933741394711
6.162,1189.7986462470005,1189.7986462470005,2379.597292494001
6.163,1189.6160960141644,1189.6160960141644,2379.232192028329
6.164,1189.4382351694671,1189.4382351694671,2378.8764703389343
6.165,1189.2818305548988,1189.2818305548988,2378.5636611097975
6.166,1189.1594840914408,1189.1594840914408,2378.3189681828817
6.167,1189.0782541164413,1189.0782541164413,2378.1565082328825
6.168,1189.0389670666864,1189.0389670666864,2378.0779341333728
6.1690000000000005,1189.0362929610478,1189.0362929610478,2378.0725859220956
6.17,1189.0595711556014,1189.0595711556014,2378.1191423112027
6.171,1189.0942875326662,1189.0942875326662,2378.1885750653323
6.172,1189.1240301415053,1189.1240301415053,2378.2480602830105
6.173,1189.132695589733,1189.132695589733,2378.265391179466
6.174,1189.1066892937315,1189.1066892937315,2378.213378587463
6.175,1189.036862306745,1189.036862306745,2378.07372461349
6.176,1188.9199559352987,1188.9199559352987,2377.8399118705975
6.1770000000000005,1188.7593796058802,1188.7593796058802,2377.5187592117604
6.178,1188.5652214729255,1188.5652214729255,2377.130442945851
6.179,1188.3534768850516,1188.3534768850516,2376.706953770103
6.18,1188.1445675713449,1188.1445675713449,2376.2891351426897
6.181,1187.9613045453189,1187.9613045453189,2375.9226090906377
6.182,1187.8265113471575,1187.8265113471575,2375.653022694315
6.183,1187.7605642599103,1187.7605642599103,2375.5211285198206
6.184,1187.7791180410927,1187.7791180410927,2375.5582360821854
6.1850000000000005,1187.8912680995754,1187.8912680995754,2375.782536199151
6.186,1188.0983547625515,1188.0983547625515,2376.196709525103
6.187,1188.3935472145135,1188.3935472145135,2376.787094429027
6.188,1188.7622612607363,1188.7622612607363,2377.5245225214726
6.189,1189.1833753843284,1189.1833753843284,2378.366750768657
6.19,1189.6311234405607,1189.6311234405607,2379.2622468811214
6.191,1190.0774691970496,1190.0774691970496,2380.154938394099
6.192,1190.494715797768,1190.494715797768,2380.989431595536
6.1930000000000005,1190.8580778171586,1190.8580778171586,2381.716155634317
6.194,1191.1479476633508,1191.1479476633508,2382.2958953267016
6.195,1191.3516212365062,1191.3516212365062,2382.7032424730123
6.196,1191.4643063137194,1191.4643063137194,2382.9286126274387
6.197,1191.4893146940187,1191.4893146940187,2382.9786293880375
6.198,1191.437427195553,1191.437427195553,2382.874854391106
6.199,1191.3255095085512,1191.3255095085512,2382.6510190171025
6.2,1191.1745369467362,1191.1745369467362,2382.3490738934725
6.2010000000000005,1191.007248568979,1191.007248568979,2382.014497137958
6.202,1190.8456891728806,1190.8456891728806,2381.691378345761
6.203,1190.708907197211,1190.708907197211,2381.417814394422
6.204,1190.6110566572584,1190.6110566572584,2381.2221133145167
6.205,1190.5601041664456,1190.5601041664456,2381.1202083328913
6.206,1190.55727314727,1190.55727314727,2381.11454629454
6.207,1190.597274185648,1190.597274185648,2381.194548371296
6.208,1190.669282369106,1190.669282369106,2381.338564738212
6.2090000000000005,1190.7585391373275,1190.7585391373275,2381.517078274655
6.21,1190.8483868834016,1190.8483868834016,2381.6967737668033
6.211,1190.9224969314562,1190.9224969314562,2381.8449938629124
6.212,1190.967030827844,1190.967030827844,2381.934061655688
6.213,1190.9724833777805,1190.9724833777805,2381.944966755561
6.214,1190.9349925604056,1190.9349925604056,2381.869985120811
6.215,1190.8569622590546,1190.8569622590546,2381.7139245181093
6.216,1190.746921874079,1190.746921874079,2381.493843748158
6.2170000000000005,1190.6186336443925,1190.6186336443925,2381.237267288785
6.218,1190.489544232102,1190.489544232102,2380.979088464204
6.219,1190.37875227121,1190.37875227121,2380.75750454242
6.22,1190.3047197601923,1190.3047197601923,2380.6094395203845
6.221,1190.28298609594,1190.28298609594,2380.56597219188
6.222,1190.3241457002716,1190.3241457002716,2380.6482914005433
6.223,1190.432323256995,1190.432323256995,2380.86464651399
6.224,1190.604327453025,1190.604327453025,2381.20865490605
6.2250000000000005,1190.8295905987102,1190.8295905987102,2381.6591811974204
6.226,1191.0909156523192,1191.0909156523192,2382.1818313046383
6.227,1191.3659634306052,1191.3659634306052,2382.7319268612105
6.228,1191.629330927593,1191.629330927593,2383.258661855186
6.229,1191.855005722662,1191.855005722662,2383.710011445324
6.23,1192.0189387345295,1192.0189387345295,2384.037877469059
6.231,1192.101462824696,1192.101462824696,2384.202925649392
6.232,1192.0892996580503,1192.0892996580503,2384.1785993161006
6.2330000000000005,1191.9769402183172,1191.9769402183172,2383.9538804366343
6.234,1191.7672507944767,1191.7672507944767,2383.5345015889534
6.235,1191.471238868151,1191.471238868151,2382.942477736302
6.236,1191.1070031273584,1191.1070031273584,2382.214006254717
6.237,1190.6979790047465,1190.6979790047465,2381.395958009493
6.238,1190.2706661718496,1190.2706661718496,2380.541332343699
6.239,1189.8520791321555,1189.8520791321555,2379.704158264311
6.24,1189.4671904949334,1189.4671904949334,2378.934380989867
6.2410000000000005,1189.136635615254,1189.136635615254,2378.273271230508
6.242,1188.8749172113085,1188.8749172113085,2377.749834422617
6.243,1188.689292678222,1188.689292678222,2377.378585356444
6.244,1188.5794512980992,1188.5794512980992,2377.1589025961985
6.245,1188.5380017357256,1188.5380017357256,2377.0760034714513
6.246,1188.5517016715921,1188.5517016715921,2377.1034033431843
6.247,1188.6032808945258,1188.6032808945258,2377.2065617890516
6.248,1188.6736454908469,1188.6736454908469,2377.3472909816937
6.2490000000000006,1188.74421088804,1188.74421088804,2377.48842177608
6.25,1188.7990997620366,1188.7990997620366,2377.598199524073
6.251,1188.8269584088441,1188.8269584088441,2377.6539168176882
6.252,1188.822190080247,1188.822190080247,2377.644380160494
6.253,1188.7854709403225,1188.7854709403225,2377.570941880645
6.2540000000000004,1188.7234962092477,1188.7234962092477,2377.4469924184955
6.255,1188.647991593287,1188.647991593287,2377.295983186574
6.256,1188.5741085103377,1188.5741085103377,2377.1482170206755
6.257000000000001,1188.5183916277447,1188.5183916277447,2377.0367832554894
6.258,1188.4965560417554,1188.4965560417554,2376.993112083511
6.259,1188.5213336060035,1188.5213336060035,2377.042667212007
6.26,1188.6006409731995,1188.6006409731995,2377.201281946399
6.261,1188.7362865922655,1188.7362865922655,2377.472573184531
6.2620000000000005,1188.9233740929424,1188.9233740929424,2377.8467481858847
6.263,1189.150481800968,1189.150481800968,2378.300963601936
6.264,1189.4006111585447,1189.4006111585447,2378.8012223170895
6.265000000000001,1189.652810216426,1189.652810216426,2379.305620432852
6.266,1189.8843017305264,1189.8843017305264,2379.768603461053
6.267,1190.0728872653008,1190.0728872653008,2380.1457745306016
6.268,1190.1993655758,1190.1993655758,2380.3987311516
6.269,1190.2496991580292,1190.2496991580292,2380.4993983160584
6.2700000000000005,1190.216687804223,1190.216687804223,2380.433375608446
6.271,1190.1009596232977,1190.1009596232977,2380.2019192465955
6.272,1189.9111626894808,1189.9111626894808,2379.8223253789615
6.273,1189.6633263356962,1189.6633263356962,2379.3266526713924
6.274,1189.3794507247328,1189.3794507247328,2378.7589014494656
6.275,1189.0854668956908,1189.0854668956908,2378.1709337913817
6.276,1188.808777833744,1188.808777833744,2377.617555667488
6.277,1188.5756367476297,1188.5756367476297,2377.1512734952594
6.2780000000000005,1188.4086366485653,1188.4086366485653,2376.8172732971307
6.279,1188.3245735332332,1188.3245735332332,2376.6491470664664
6.28,1188.3329052659205,1188.3329052659205,2376.665810531841
6.281,1188.4349640308178,1188.4349640308178,2376.8699280616356
6.282,1188.6239990168995,1188.6239990168995,2377.247998033799
6.283,1188.8860366950657,1188.8860366950657,2377.7720733901315
6.284,1189.2014584207775,1189.2014584207775,2378.402916841555
6.285,1189.547118720982,1189.547118720982,2379.094237441964
6.2860000000000005,1189.8987708297504,1189.8987708297504,2379.797541659501
6.287,1190.2335349879263,1190.2335349879263,2380.4670699758526
6.288,1190.5321430439672,1190.5321430439672,2381.0642860879343
6.289,1190.7807201091287,1190.7807201091287,2381.5614402182573
6.29,1190.9719173402464,1190.9719173402464,2381.9438346804927
6.291,1191.105283388442,1191.105283388442,2382.210566776884
6.292,1191.1868474938465,1191.1868474938465,2382.373694987693
6.293,1191.2279751503602,1191.2279751503602,2382.4559503007204
6.2940000000000005,1191.2436379768453,1191.2436379768453,2382.4872759536906
6.295,1191.2503039933163,1191.2503039933163,2382.5006079866325
6.296,1191.2636957937266,1191.2636957937266,2382.527391587453
6.297,1191.2966775962684,1191.2966775962684,2382.593355192537
6.298,1191.3575163872952,1191.3575163872952,2382.7150327745903
6.299,1191.448719148103,1191.448719148103,2382.897438296206
6.3,1191.5665823002557,1191.5665823002557,2383.1331646005115
6.301,1191.701508367683,1191.701508367683,2383.403016735366
6.3020000000000005,1191.8390574702128,1191.8390574702128,2383.6781149404255
6.303,1191.9616173664233,1191.9616173664233,2383.9232347328466
6.304,1192.0505047049378,1192.0505047049378,2384.1010094098756
6.305,1192.0882598575265,1192.0882598575265,2384.176519715053
6.306,1192.0608738346582,1192.0608738346582,2384.1217476693164
6.307,1191.9596910444236,1191.9596910444236,2383.919382088847
6.308,1191.7827655458486,1191.7827655458486,2383.5655310916973
6.309,1191.5355072939924,1191.5355072939924,2383.071014587985
6.3100000000000005,1191.2305322360498,1191.2305322360498,2382.4610644720997
6.311,1190.886717495226,1190.886717495226,2381.773434990452
6.312,1190.5275506503147,1190.5275506503147,2381.0551013006293
6.313,1190.178940599758,1190.178940599758,2380.357881199516
6.314,1189.8667180117848,1189.8667180117848,2379.7334360235695
6.315,1189.614089193643,1189.614089193643,2379.228178387286
6.316,1189.4393143552547,1189.4393143552547,2378.8786287105095
6.317,1189.3538588381512,1189.3538588381512,2378.7077176763023
6.3180000000000005,1189.3612163183427,1189.3612163183427,2378.7224326366854
6.319,1189.4565316471962,1189.4565316471962,2378.9130632943925
6.32,1189.6270656392824,1189.6270656392824,2379.2541312785647
6.321,1189.8534540652033,1189.8534540652033,2379.7069081304066
6.322,1190.1116281941909,1190.1116281941909,2380.2232563883817
6.323,1190.3751937272261,1190.3751937272261,2380.7503874544523
6.324,1190.6180165565934,1190.6180165565934,2381.2360331131867
6.325,1190.8167427455933,1190.8167427455933,2381.6334854911865
6.3260000000000005,1190.9529887016506,1190.9529887016506,2381.905977403301
6.327,1191.0149747248902,1191.0149747248902,2382.0299494497804
6.328,1190.998436819617,1190.998436819617,2381.996873639234
6.329,1190.906731041729,1190.906731041729,2381.813462083458
6.33,1190.7501329730924,1190.7501329730924,2381.5002659461848
6.331,1190.5444224495784,1190.5444224495784,2381.088844899157
6.332,1190.3089208116269,1190.3089208116269,2380.6178416232538
6.333,1190.0642062456943,1190.0642062456943,2380.1284124913886
6.3340000000000005,1189.829765884486,1189.829765884486,2379.659531768972
6.335,1189.621847666533,1189.621847666533,2379.243695333066
6.336,1189.4517501355417,1189.4517501355417,2378.9035002710834
6.337,1189.32473722128,1189.32473722128,2378.64947444256
6.338,1189.239693325245,1189.239693325245,2378.47938665049
6.339,1189.1895497426453,1189.1895497426453,2378.3790994852907
6.34,1189.1624259755895,1189.1624259755895,2378.324851951179
6.341,1189.1433485621544,1189.1433485621544,2378.286697124309
6.3420000000000005,1189.1163446604037,1189.1163446604037,2378.2326893208074
6.343,1189.0666650556732,1189.0666650556732,2378.1333301113464
6.344,1188.9828762419106,1188.9828762419106,2377.9657524838212
6.345,1188.8585754459639,1188.8585754459639,2377.7171508919278
6.346,1188.6935243575235,1188.6935243575235,2377.387048715047
6.347,1188.4940622663262,1188.4940622663262,2376.9881245326524
6.348,1188.2727401020347,1188.2727401020347,2376.5454802040695
6.349,1188.0472045650881,1188.0472045650881,2376.0944091301762
6.3500000000000005,1187.8384463965895,1187.8384463965895,2375.676892793179
6.351,1187.6685994287798,1187.6685994287798,2375.3371988575595
6.352,1187.5585292937299,1187.5585292937299,2375.1170585874597
6.353,1187.5254766926291,1187.5254766926291,2375.0509533852583
6.354,1187.5810169736603,1187.5810169736603,2375.1620339473207
6.355,1187.7295656819194,1187.7295656819194,2375.459131363839
6.356,1187.9676021718683,1187.9676021718683,2375.9352043437366
6.357,1188.2837065697033,1188.2837065697033,2376.5674131394067
6.3580000000000005,1188.6594177275394,1188.6594177275394,2377.318835455079
6.359,1189.0708309185777,1189.0708309185777,2378.1416618371554
6.36,1189.4907736291295,1189.4907736291295,2378.981547258259
6.361,1189.8913347348368,1189.8913347348368,2379.7826694696737
6.362,1190.2464835367828,1190.2464835367828,2380.4929670735655
6.363,1190.5345048535357,1190.5345048535357,2381.0690097070715
6.364,1190.7399957644818,1190.7399957644818,2381.4799915289636
6.365,1190.8552165697265,1190.8552165697265,2381.710433139453
6.3660000000000005,1190.880657940386,1190.880657940386,2381.761315880772
6.367,1190.824770488733,1190.824770488733,2381.649540977466
6.368,1190.7028928744687,1190.7028928744687,2381.4057857489374
6.369,1190.5355002548129,1190.5355002548129,2381.0710005096257
6.37,1190.3459670255286,1190.3459670255286,2380.691934051057
6.371,1190.1580885295457,1190.1580885295457,2380.3161770590914
6.372,1189.9936302334604,1189.9936302334604,2379.987260466921
6.373,1189.870167258417,1189.870167258417,2379.740334516834
6.3740000000000006,1189.799442809638,1189.799442809638,2379.598885619276
6.375,1189.786414846276,1189.786414846276,2379.572829692552
6.376,1189.8290828680354,1189.8290828680354,2379.6581657360707
6.377,1189.9190995647496,1189.9190995647496,2379.838199129499
6.378,1190.0430849268237,1190.0430849268237,2380.0861698536473
6.3790000000000004,1190.184482879809,1190.184482879809,2380.368965759618
6.38,1190.325741138307,1190.325741138307,2380.651482276614
6.381,1190.4505603040616,1190.4505603040616,2380.901120608123
6.382000000000001,1190.5459520500349,1190.5459520500349,2381.0919041000698
6.383,1190.6038691677106,1190.6038691677106,2381.2077383354213
6.384,1190.6222197137943,1190.6222197137943,2381.2444394275885
6.385,1190.6051479422517,1190.6051479422517,2381.2102958845035
6.386,1190.5625482906446,1190.5625482906446,2381.125096581289
6.3870000000000005,1190.5088660932793,1190.5088660932793,2381.0177321865585
6.388,1190.4613201801444,1190.4613201801444,2380.922640360289
6.389,1190.4377490048441,1190.4377490048441,2380.8754980096883
6.390000000000001,1190.4543259994286,1190.4543259994286,2380.9086519988573
6.391,1190.5234065321392,1190.5234065321392,2381.0468130642785
6.392,1190.6517562275208,1190.6517562275208,2381.3035124550415
6.393,1190.8393698221598,1190.8393698221598,2381.6787396443196
6.394,1191.0790255979873,1191.0790255979873,2382.1580511959746
6.3950000000000005,1191.3566397962354,1191.3566397962354,2382.713279592471
6.396,1191.6523971447814,1191.6523971447814,2383.304794289563
6.397,1191.9425474656177,1191.9425474656177,2383.8850949312355
6.398000000000001,1192.2016837898188,1192.2016837898188,2384.4033675796377
6.399,1192.4052627521685,1192.4052627521685,2384.810525504337
6.4,1192.5320993476703,1192.5320993476703,2385.0641986953406
6.401,1192.5665686394168,1192.5665686394168,2385.1331372788336
6.402,1192.50027673593,1192.50027673593,2385.00055347186
6.4030000000000005,1192.333019116904,1192.333019116904,2384.666038233808
6.404,1192.0729201254621,1192.0729201254621,2384.1458402509243
6.405,1191.7357349083836,1191.7357349083836,2383.4714698167672
6.406,1191.343384725621,1191.343384725621,2382.686769451242
6.407,1190.9218785751877,1190.9218785751877,2381.8437571503755
6.408,1190.4988395303549,1190.4988395303549,2380.9976790607097
6.409,1190.1008959217247,1190.1008959217247,2380.2017918434494
6.41,1189.7512109786317,1189.7512109786317,2379.5024219572633
6.4110000000000005,1189.4674083346406,1189.4674083346406,2378.934816669281
6.412,1189.260106720723,1189.260106720723,2378.520213441446
6.413,1189.1322100929165,1189.1322100929165,2378.264420185833
6.414,1189.0790167624923,1189.0790167624923,2378.1580335249846
6.415,1189.0891219118819,1189.0891219118819,2378.1782438237638
6.416,1189.1460019848676,1189.1460019848676,2378.292003969735
6.417,1189.2300962519123,1189.2300962519123,2378.4601925038246
6.418,1189.3211483724542,1189.3211483724542,2378.6422967449084
6.4190000000000005,1189.4005447115053,1189.4005447115053,2378.8010894230106
6.42,1189.4533893017908,1189.4533893017908,2378.9067786035816
6.421,1189.470087232994,1189.470087232994,2378.940174465988
6.422,1189.4472652805728,1189.4472652805728,2378.8945305611455
6.423,1189.3879343707008,1189.3879343707008,2378.7758687414016
6.424,1189.3008845639351,1189.3008845639351,2378.6017691278703
6.425,1189.1993900485477,1189.1993900485477,2378.3987800970954
6.426,1189.0993795163574,1189.0993795163574,2378.198759032715
6.4270000000000005,1189.01728759836,1189.01728759836,2378.03457519672
6.428,1188.96783906733,1188.96783906733,2377.93567813466
6.429,1188.9620252669051,1188.9620252669051,2377.9240505338103
6.43,1189.0055108350596,1189.0055108350596,2378.011021670119
6.431,1189.0976606204758,1189.0976606204758,2378.1953212409517
6.432,1189.231307080693,1189.231307080693,2378.462614161386
6.433,1189.3932951203528,1189.3932951203528,2378.7865902407057
6.434,1189.5657535247788,1189.5657535247788,2379.1315070495575
6.4350000000000005,1189.7279596239346,1189.7279596239346,2379.455919247869
6.436,1189.8585957685764,1189.8585957685764,2379.7171915371528
6.437,1189.9381502111428,1189.9381502111428,2379.8763004222856
6.438,1189.951196227468,1189.951196227468,2379.902392454936
6.439,1189.8882939591024,1189.8882939591024,2379.7765879182048
6.44,1189.7472984231774,1189.7472984231774,2379.494596846355
6.441,1189.533920222109,1189.533920222109,2379.067840444218
6.442,1189.2614658156276,1189.2614658156276,2378.5229316312552
6.4430000000000005,1188.949773006347,1188.949773006347,2377.899546012694
6.444,1188.6234448046062,1188.6234448046062,2377.2468896092123
6.445,1188.3095614706483,1188.3095614706483,2376.6191229412966
6.446,1188.035107857388,1188.035107857388,2376.070215714776
6.447,1187.8243848811348,1187.8243848811348,2375.6487697622697
6.448,1187.696676524143,1187.696676524143,2375.393353048286
6.449,1187.6644169092601,1187.6644169092601,2375.3288338185203
6.45,1187.7320486006793,1187.7320486006793,2375.4640972013585
6.4510000000000005,1187.8956892026647,1187.8956892026647,2375.7913784053294
6.452,1188.1436366460714,1188.1436366460714,2376.287273292143
6.453,1188.4576537451344,1188.4576537451344,2376.915307490269
6.454,1188.8148894858398,1188.8148894858398,2377.6297789716796
6.455,1189.1902271415936,1189.1902271415936,2378.380454283187
6.456,1189.558805032427,1189.558805032427,2379.117610064854
6.457,1189.8984393372639,1189.8984393372639,2379.7968786745278
6.458,1190.1916915530467,1190.1916915530467,2380.3833831060933
6.4590000000000005,1190.4273644332495,1190.4273644332495,2380.854728866499
6.46,1190.601274912532,1190.601274912532,2381.202549825064
6.461,1190.7162334444556,1190.7162334444556,2381.432466888911
6.462,1190.7812473800805,1190.7812473800805,2381.562494760161
6.463,1190.810051746103,1190.810051746103,2381.620103492206
6.464,1190.8191445818384,1190.8191445818384,2381.6382891636767
6.465,1190.8255577388004,1190.8255577388004,2381.651115477601
6.466,1190.8446218387348,1190.8446218387348,2381.6892436774697
6.4670000000000005,1190.8879829086052,1190.8879829086052,2381.7759658172104
6.468,1190.9620982571932,1190.9620982571932,2381.9241965143865
6.469,1191.0673838073265,1191.0673838073265,2382.134767614653
6.47,1191.198110541137,1191.198110541137,2382.396221082274
6.471,1191.343062269635,1191.343062269635,2382.68612453927
6.472,1191.4868801236626,1191.4868801236626,2382.973760247325
6.473,1191.6119406540968,1191.6119406540968,2383.2238813081935
6.474,1191.7005529793455,1191.7005529793455,2383.401105958691
6.4750000000000005,1191.7372228947559,1191.7372228947559,2383.4744457895117
6.476,1191.7107224805955,1191.7107224805955,2383.421444961191
6.477,1191.6157236158388,1191.6157236158388,2383.2314472316775
6.478,1191.4538007871583,1191.4538007871583,2382.9076015743167
6.479,1191.2336775330539,1191.2336775330539,2382.4673550661078
6.48,1190.9706741983834,1190.9706741983834,2381.941348396767
6.481,1190.6854032063786,1190.6854032063786,2381.3708064127572
6.482,1190.401842003793,1190.401842003793,2380.803684007586
6.4830000000000005,1190.144983908008,1190.144983908008,2380.289967816016
6.484,1189.9383155042092,1189.9383155042092,2379.8766310084184
6.485,1189.8013906008862,1189.8013906008862,2379.6027812017724
6.486,1189.7477626191944,1189.7477626191944,2379.495525238389
6.487,1189.7835004752142,1189.7835004752142,2379.5670009504283
6.488,1189.906451479443,1189.906451479443,2379.812902958886
6.489,1190.1063352130452,1190.1063352130452,2380.2126704260904
6.49,1190.365663421853,1190.365663421853,2380.731326843706
6.4910000000000005,1190.6613924081214,1190.6613924081214,2381.322784816243
6.492,1190.967135875003,1190.967135875003,2381.934271750006
6.493,1191.2557062708531,1191.2557062708531,2382.5114125417062
6.494,1191.5017179303047,1191.5017179303047,2383.0034358606094
6.495,1191.6839794971895,1191.6839794971895,2383.367958994379
6.496,1191.7874268465637,1191.7874268465637,2383.5748536931274
6.497,1191.8043983644989,1191.8043983644989,2383.6087967289977
6.498,1191.7351264107867,1191.7351264107867,2383.4702528215735
6.4990000000000006,1191.5874041636048,1191.5874041636048,2383.1748083272096
6.5,1191.3754764478663,1191.3754764478663,2382.7509528957326
6.501,1191.1182867738717,1191.1182867738717,2382.2365735477433
6.502,1190.837281505134,1190.837281505134,2381.674563010268
6.503,1190.554018338072,1190.554018338072,2381.108036676144
6.5040000000000004,1190.2878450988105,1190.2878450988105,2380.575690197621
6.505,1190.053904263328,1190.053904263328,2380.107808526656
6.506,1189.861679854275,1189.861679854275,2379.72335970855
6.507000000000001,1189.7142408329414,1189.7142408329414,2379.428481665883
6.508,1189.6082557791328,1189.6082557791328,2379.2165115582657
6.509,1189.5347663707823,1189.5347663707823,2379.0695327415647
6.51,1189.4806216418308,1189.4806216418308,2378.9612432836616
6.511,1189.430400708569,1189.430400708569,2378.860801417138
6.5120000000000005,1189.3685968533287,1189.3685968533287,2378.7371937066573
6.513,1189.2818066163438,1189.2818066163438,2378.5636132326877
6.514,1189.160667110844,1189.160667110844,2378.321334221688
6.515000000000001,1189.001313187181,1189.001313187181,2378.002626374362
6.516,1188.806180173631,1188.806180173631,2377.612360347262
6.517,1188.5840517082452,1188.5840517082452,2377.1681034164903
6.518,1188.3493374543696,1188.3493374543696,2376.698674908739
6.519,1188.1206527874326,1188.1206527874326,2376.2413055748652
6.5200000000000005,1187.9188521432554,1187.9188521432554,2375.837704286511
6.521,1187.7647307588566,1187.7647307588566,2375.529461517713
6.522,1187.676648966679,1187.676648966679,2375.353297933358
6.523000000000001,1187.6683445749545,1187.6683445749545,2375.336689149909
6.524,1187.7471808285377,1187.7471808285377,2375.4943616570754
6.525,1187.9130318919397,1187.9130318919397,2375.8260637838794
6.526,1188.1579396673096,1188.1579396673096,2376.3158793346192
6.527,1188.4665924932333,1188.4665924932333,2376.9331849864666
6.5280000000000005,1188.8175869864167,1188.8175869864167,2377.6351739728334
6.529,1189.1853487877224,1189.1853487877224,2378.370697575445
6.53,1189.542515656331,1189.542515656331,2379.085031312662
6.531,1189.86253518495,1189.86253518495,2379.7250703699
6.532,1190.1222050352014,1190.1222050352014,2380.244410070403
6.533,1190.3038887284729,1190.3038887284729,2380.6077774569458
6.534,1190.3971741495911,1190.3971741495911,2380.7943482991823
6.535,1190.3998013234939,1190.3998013234939,2380.7996026469878
6.5360000000000005,1190.317764229385,1190.317764229385,2380.63552845877
6.537,1190.1645798811196,1190.1645798811196,2380.329159762239
6.538,1189.9598069621447,1189.9598069621447,2379.9196139242895
6.539,1189.7269762332223,1189.7269762332223,2379.4539524664447
6.54,1189.491157015054,1189.491157015054,2378.982314030108
6.541,1189.2764215361678,1189.2764215361678,2378.5528430723357
6.542,1189.1034777868406,1189.1034777868406,2378.206955573681
6.543,1188.9877208405726,1188.9877208405726,2377.975441681145
6.5440000000000005,1188.937904749337,1188.937904749337,2377.875809498674
6.545,1188.9555674247115,1188.9555674247115,2377.911134849423
6.546,1189.0352571141093,1189.0352571141093,2378.0705142282186
6.547,1189.1655204384224,1189.1655204384224,2378.331040876845
6.548,1189.3305282590109,1189.3305282590109,2378.6610565180217
6.549,1189.5121461088158,1189.5121461088158,2379.0242922176317
6.55,1189.6922081949517,1189.6922081949517,2379.3844163899034
6.551,1189.8547332769583,1189.8547332769583,2379.7094665539166
6.5520000000000005,1189.9878292685828,1189.9878292685828,2379.9756585371656
6.553,1190.0850701852435,1190.0850701852435,2380.170140370487
6.554,1190.1461899236017,1190.1461899236017,2380.2923798472034
6.555,1190.1770155087245,1190.1770155087245,2380.354031017449
6.556,1190.1886491619766,1190.1886491619766,2380.3772983239533
6.557,1190.195994166543,1190.195994166543,2380.391988333086
6.558,1190.2157944976943,1190.2157944976943,2380.4315889953887
6.559,1190.2644141800633,1190.2644141800633,2380.5288283601267
6.5600000000000005,1190.3556130763188,1190.3556130763188,2380.7112261526377
6.561,1190.4985778393634,1190.4985778393634,2380.997155678727
6.562,1190.6964397928073,1190.6964397928073,2381.3928795856145
6.563,1190.9454584751122,1190.9454584751122,2381.8909169502244
6.564,1191.2349763160873,1191.2349763160873,2382.4699526321747
6.565,1191.548164485179,1191.548164485179,2383.096328970358
6.566,1191.863491793757,1191.863491793757,2383.726983587514
6.567,1192.1567674017392,1192.1567674017392,2384.3135348034784
6.5680000000000005,1192.4035429678472,1192.4035429678472,2384.8070859356944
6.569,1192.5816180364445,1192.5816180364445,2385.163236072889
6.57,1192.6733785633294,1192.6733785633294,2385.3467571266588
6.571,1192.667714166549,1192.667714166549,2385.335428333098
6.572,1192.561303310452,1192.561303310452,2385.122606620904
6.573,1192.3591224790302,1192.3591224790302,2384.7182449580605
6.574,1192.0741181945755,1192.0741181945755,2384.148236389151
6.575,1191.7260704543314,1191.7260704543314,2383.452140908663
6.5760000000000005,1191.3397629868236,1191.3397629868236,2382.6795259736473
6.577,1190.9426501759315,1190.9426501759315,2381.885300351863
6.578,1190.5622644231594,1190.5622644231594,2381.1245288463188
6.579,1190.223635224823,1190.223635224823,2380.447270449646
6.58,1189.9469893358048,1189.9469893358048,2379.8939786716096
6.581,1189.7459703061231,1189.7459703061231,2379.4919406122463
6.582,1189.626558841539,1189.626558841539,2379.253117683078
6.583,1189.5867991070309,1189.5867991070309,2379.1735982140617
6.5840000000000005,1189.6173486467978,1189.6173486467978,2379.2346972935957
6.585,1189.702780630101,1189.702780630101,2379.405561260202
6.586,1189.8234863948696,1189.8234863948696,2379.6469727897393
6.587,1189.9579625768688,1189.9579625768688,2379.9159251537376
6.588,1190.0852274168997,1190.0852274168997,2380.1704548337993
6.589,1190.1870994151082,1190.1870994151082,2380.3741988302163
6.59,1190.2500895115525,1190.2500895115525,2380.500179023105
6.591,1190.2667033310051,1190.2667033310051,2380.5334066620103
6.5920000000000005,1190.2360176399247,1190.2360176399247,2380.4720352798495
6.593,1190.1634774795943,1190.1634774795943,2380.3269549591887
6.594,1190.0599483043038,1190.0599483043038,2380.1198966086076
6.595,1189.940141110295,1189.940141110295,2379.88028222059
6.596,1189.8205987119504,1189.8205987119504,2379.641197423901
6.597,1189.717480232072,1189.717480232072,2379.434960464144
6.598,1189.644403111263,1189.644403111263,2379.288806222526
6.599,1189.6105950554447,1189.6105950554447,2379.2211901108894
6.6000000000000005,1189.6195731086982,1189.6195731086982,2379.2391462173964
6.601,1189.6685073831197,1189.6685073831197,2379.3370147662395
6.602,1189.7483495302013,1189.7483495302013,2379.4966990604025
6.603,1189.8447194082696,1189.8447194082696,2379.689438816539
6.604,1189.9394572214237,1189.9394572214237,2379.8789144428474
6.605,1190.0126722706343,1190.0126722706343,2380.0253445412686
6.606,1190.045061859308,1190.045061859308,2380.090123718616
6.607,1190.0202412843848,1190.0202412843848,2380.0404825687697
6.6080000000000005,1189.926821914685,1189.926821914685,2379.85364382937
6.609,1189.7599996383676,1189.7599996383676,2379.5199992767352
6.61,1189.5224677503102,1189.5224677503102,2379.0449355006203
6.611,1189.2245410135056,1189.2245410135056,2378.449082027011
6.612,1188.883463216889,1188.883463216889,2377.766926433778
6.613,1188.5219596755765,1188.5219596755765,2377.043919351153
6.614,1188.1661789818181,1188.1661789818181,2376.3323579636362
6.615,1187.8432357923223,1187.8432357923223,2375.6864715846446
6.6160000000000005,1187.5786110844817,1187.5786110844817,2375.1572221689635
6.617,1187.3936831845795,1187.3936831845795,2374.787366369159
6.618,1187.3036500652292,1187.3036500652292,2374.6073001304585
6.619,1187.3160622837565,1187.3160622837565,2374.632124567513
6.62,1187.4301209536475,1187.4301209536475,2374.860241907295
6.621,1187.6368133922747,1187.6368133922747,2375.2736267845494
6.622,1187.9198694948923,1187.9198694948923,2375.8397389897846
6.623,1188.2574342318583,1188.2574342318583,2376.5148684637165
6.6240000000000006,1188.6242755210678,1188.6242755210678,2377.2485510421357
6.625,1188.994290390527,1188.994290390527,2377.988580781054
6.626,1189.3430419363472,1189.3430419363472,2378.6860838726943
6.627,1189.6500583671002,1189.6500583671002,2379.3001167342004
6.628,1189.9006534649889,1189.9006534649889,2379.8013069299777
6.6290000000000004,1190.0870819331235,1190.0870819331235,2380.174163866247
6.63,1190.208917319002,1190.208917319002,2380.417834638004
6.631,1190.2726262916476,1190.2726262916476,2380.545252583295
6.632000000000001,1190.290401497989,1190.290401497989,2380.580802995978
6.633,1190.2783962849655,1190.2783962849655,2380.556792569931
6.634,1190.2545693326006,1190.2545693326006,2380.509138665201
6.635,1190.2363886000753,1190.2363886000753,2380.4727772001506
6.636,1190.2386574386423,1190.2386574386423,2380.4773148772847
6.6370000000000005,1190.2717098603382,1190.2717098603382,2380.5434197206764
6.638,1190.340178602748,1190.340178602748,2380.680357205496
6.639,1190.442473669892,1190.442473669892,2380.884947339784
6.640000000000001,1190.5710278290226,1190.5710278290226,2381.142055658045
6.641,1190.7132781567093,1190.7132781567093,2381.4265563134186
6.642,1190.8532688898397,1190.8532688898397,2381.7065377796794
6.643,1190.9736898864844,1190.9736898864844,2381.947379772969
6.644,1191.0581148471238,1191.0581148471238,2382.1162296942475
6.6450000000000005,1191.0931796930374,1191.0931796930374,2382.186359386075
6.646,1191.0704468251072,1191.0704468251072,2382.1408936502144
6.647,1190.987734849491,1190.987734849491,2381.975469698982
6.648000000000001,1190.849752048855,1190.849752048855,2381.69950409771
6.649,1190.6679489349697,1190.6679489349697,2381.3358978699393
6.65,1190.4595921325945,1190.4595921325945,2380.919184265189
6.651,1190.2461490026155,1190.2461490026155,2380.492298005231
6.652,1190.0511501572787,1190.0511501572787,2380.1023003145574
6.6530000000000005,1189.8977567176053,1189.8977567176053,2379.7955134352105
6.654,1189.806294155046,1189.806294155046,2379.612588310092
6.655,1189.7920209023791,1189.7920209023791,2379.5840418047583
6.656000000000001,1189.8633768204486,1189.8633768204486,2379.726753640897
6.657,1190.0209065176577,1190.0209065176577,2380.0418130353155
6.658,1190.2569808634955,1190.2569808634955,2380.513961726991
6.659,1190.5563546216918,1190.5563546216918,2381.1127092433835
6.66,1190.897508281721,1190.897508281721,2381.795016563442
6.6610000000000005,1191.254637715466,1191.254637715466,2382.509275430932
6.662,1191.6000854716121,1191.6000854716121,2383.2001709432243
6.663,1191.9069599860852,1191.9069599860852,2383.8139199721704
6.664,1192.1516689336827,1192.1516689336827,2384.3033378673654
6.665,1192.316102561805,1192.316102561805,2384.63220512361
6.666,1192.389241065706,1192.389241065706,2384.778482131412
6.667,1192.3680226839176,1192.3680226839176,2384.7360453678352
6.668,1192.2573893372557,1192.2573893372557,2384.5147786745115
6.6690000000000005,1192.0695155139658,1192.0695155139658,2384.1390310279317
6.67,1191.8223139780607,1191.8223139780607,2383.6446279561214
6.671,1191.537389132438,1191.537389132438,2383.074778264876
6.672,1191.2376670693764,1191.2376670693764,2382.4753341387527
6.673,1190.9449641636195,1190.9449641636195,2381.889928327239
6.674,1190.677759985643,1190.677759985643,2381.355519971286
6.675,1190.449415001086,1190.449415001086,2380.898830002172
6.676,1190.267021864302,1190.267021864302,2380.534043728604
6.6770000000000005,1190.131006896821,1190.131006896821,2380.262013793642
6.678,1190.0355136106634,1190.0355136106634,2380.071027221327
6.679,1189.969512305563,1189.969512305563,2379.939024611126
6.68,1189.9184985793895,1189.9184985793895,2379.836997158779
6.681,1189.8665780349506,1189.8665780349506,2379.7331560699013
6.682,1189.79869179473,1189.79869179473,2379.59738358946
6.683,1189.7027223566258,1189.7027223566258,2379.4054447132517
6.684,1189.5712334856605,1189.5712334856605,2379.142466971321
6.6850000000000005,1189.402639643466,1189.402639643466,2378.805279286932
6.686,1189.2016652482396,1189.2016652482396,2378.403330496479
6.687,1188.979034622162,1188.979034622162,2377.958069244324
6.688,1188.7504208581172,1188.7504208581172,2377.5008417162344
6.689,1188.5347662989898,1188.5347662989898,2377.0695325979796
6.69,1188.352159461349,1188.352159461349,2376.704318922698
6.691,1188.2215049967424,1188.2215049967424,2376.443009993485
6.692,1188.1582488611455,1188.1582488611455,2376.316497722291
6.6930000000000005,1188.172417340119,1188.172417340119,2376.344834680238
6.694,1188.267196253674,1188.267196253674,2376.534392507348
6.695,1188.438219026288,1188.438219026288,2376.876438052576
6.696,1188.6736556437322,1188.6736556437322,2377.3473112874644
6.697,1188.955107232059,1188.955107232059,2377.910214464118
6.698,1189.2592226758222,1189.2592226758222,2378.5184453516445
6.699,1189.5598740646597,1189.5598740646597,2379.1197481293193
6.7,1189.830665601713,1189.830665601713,2379.661331203426
6.7010000000000005,1190.0475127976408,1190.0475127976408,2380.0950255952816
6.702,1190.1910195162764,1190.1910195162764,2380.3820390325527
6.703,1190.2484008061233,1190.2484008061233,2380.4968016122466
6.704,1190.2147472668362,1190.2147472668362,2380.4294945336724
6.705,1190.0934967679957,1190.0934967679957,2380.1869935359914
6.706,1189.8960640203566,1189.8960640203566,2379.792128040713
6.707,1189.6406685535933,1189.6406685535933,2379.2813371071866
6.708,1189.3504872462413,1189.3504872462413,2378.7009744924826
6.7090000000000005,1189.0513293417346,1189.0513293417346,2378.102658683469
6.71,1188.769082046353,1188.769082046353,2377.538164092706
6.711,1188.5271978957708,1188.5271978957708,2377.0543957915415
6.712,1188.3444886273448,1188.3444886273448,2376.6889772546897
6.713,1188.2334550811238,1188.2334550811238,2376.4669101622476
6.714,1188.1993226067952,1188.1993226067952,2376.3986452135905
6.715,1188.2398732313434,1188.2398732313434,2376.4797464626868
6.716,1188.3460780846576,1188.3460780846576,2376.6921561693152
6.7170000000000005,1188.5034459625615,1188.5034459625615,2377.006891925123
6.718,1188.6939260698475,1188.6939260698475,2377.387852139695
6.719,1188.8981434748418,1188.8981434748418,2377.7962869496837
6.72,1189.0977111295467,1189.0977111295467,2378.1954222590934
6.721,1189.277356220223,1189.277356220223,2378.554712440446
6.722,1189.4266217024488,1189.4266217024488,2378.8532434048975
6.723,1189.54095350541,1189.54095350541,2379.08190701082
6.724,1189.6220544925752,1189.6220544925752,2379.2441089851504
6.7250000000000005,1189.6774699548225,1189.6774699548225,2379.354939909645
6.726,1189.7194568600419,1189.7194568600419,2379.4389137200837
6.727,1189.7632705524488,1189.7632705524488,2379.5265411048977
6.728,1189.8250690145805,1189.8250690145805,2379.650138029161
6.729,1189.9196787746534,1189.9196787746534,2379.839357549307
6.73,1190.0584831502629,1190.0584831502629,2380.1169663005257
6.731,1190.2476808877411,1190.2476808877411,2380.4953617754823
6.732,1190.4871227480492,1190.4871227480492,2380.9742454960983
6.7330000000000005,1190.7698696603973,1190.7698696603973,2381.5397393207945
6.734,1191.0825357709066,1191.0825357709066,2382.165071541813
6.735,1191.4063919353982,1191.4063919353982,2382.8127838707965
6.736,1191.7191196655344,1191.7191196655344,2383.438239331069
6.737,1191.997031727701,1191.997031727701,2383.994063455402
6.738,1192.217521726109,1192.217521726109,2384.435043452218
6.739,1192.3614770996157,1192.3614770996157,2384.7229541992315
6.74,1192.4153911945177,1192.4153911945177,2384.8307823890354
6.7410000000000005,1192.3729404040764,1192.3729404040764,2384.745880808153
6.742,1192.235848543934,1192.235848543934,2384.471697087868
6.743,1192.0139365626274,1192.0139365626274,2384.0278731252547
6.744,1191.7243430867404,1191.7243430867404,2383.448686173481
6.745,1191.389990616361,1191.389990616361,2382.779981232722
6.746,1191.0374536416634,1191.0374536416634,2382.074907283327
6.747,1190.694449622242,1190.694449622242,2381.388899244484
6.748,1190.3872145693047,1190.3872145693047,2380.7744291386093
6.7490000000000006,1190.1380374246692,1190.1380374246692,2380.2760748493383
6.75,1189.963210175114,1189.963210175114,2379.926420350228
6.751,1189.8716055697196,1189.8716055697196,2379.743211139439
6.752,1189.8640263643708,1189.8640263643708,2379.7280527287417
6.753,1189.9333866501922,1189.9333866501922,2379.8667733003845
6.7540000000000004,1190.0656961651885,1190.0656961651885,2380.131392330377
6.755,1190.241732355002,1190.241732355002,2380.483464710004
6.756,1190.4392117539983,1190.4392117539983,2380.8784235079966
6.757000000000001,1190.6352199815256,1190.6352199815256,2381.270439963051
6.758,1190.8086339580973,1190.8086339580973,2381.6172679161946
6.759,1190.942273576858,1190.942273576858,2381.884547153716
6.76,1191.0245525199234,1191.0245525199234,2382.049105039847
6.761,1191.05045551653,1191.05045551653,2382.10091103306
6.7620000000000005,1191.0217456644334,1191.0217456644334,2382.043491328867
6.763,1190.946391988998,1190.946391988998,2381.892783977996
6.764,1190.8372945930585,1190.8372945930585,2381.674589186117
6.765000000000001,1190.710462899096,1190.710462899096,2381.420925798192
6.766,1190.5828629608613,1190.5828629608613,2381.1657259217227
6.767,1190.4701859489824,1190.4701859489824,2380.9403718979647
6.768,1190.3847977225716,1190.3847977225716,2380.7695954451433
6.769,1190.3341080558816,1190.3341080558816,2380.6682161117633
6.7700000000000005,1190.3195499969713,1190.3195499969713,2380.6390999939426
6.771,1190.336290360653,1190.336290360653,2380.672580721306
6.772,1190.3737092385472,1190.3737092385472,2380.7474184770945
6.773000000000001,1190.4165988979607,1190.4165988979607,2380.8331977959215
6.774,1190.44695028341,1190.44695028341,2380.89390056682
6.775,1190.446127688632,1190.446127688632,2380.892255377264
6.776,1190.3971865919534,1190.3971865919534,2380.794373183907
6.777,1190.2870712662173,1190.2870712662173,2380.5741425324345
6.7780000000000005,1190.1084397035143,1190.1084397035143,2380.2168794070285
6.779,1189.8609025104124,1189.8609025104124,2379.721805020825
6.78,1189.5515254865695,1189.5515254865695,2379.103050973139
6.781000000000001,1189.1945256990791,1189.1945256990791,2378.3890513981582
6.782,1188.8101792115028,1188.8101792115028,2377.6203584230057
6.783,1188.4230454980393,1188.4230454980393,2376.8460909960786
6.784,1188.0596893918264,1188.0596893918264,2376.119378783653
6.785,1187.74613780466,1187.74613780466,2375.49227560932
6.7860000000000005,1187.5053391612846,1187.5053391612846,2375.010678322569
6.787,1187.3548950782233,1187.3548950782233,2374.7097901564466
6.788,1187.3053060448437,1187.3053060448437,2374.6106120896875
6.789,1187.3589187180655,1187.3589187180655,2374.717837436131
6.79,1187.5096878055306,1187.5096878055306,2375.019375611061
6.791,1187.743778521797,1187.743778521797,2375.487557043594
6.792,1188.0409457535109,1188.0409457535109,2376.0818915070217
6.793,1188.376543172883,1188.376543172883,2376.753086345766
6.7940000000000005,1188.7239486409726,1188.7239486409726,2377.447897281945
6.795,1189.0571486321594,1189.0571486321594,2378.114297264319
6.796,1189.3532088188572,1189.3532088188572,2378.7064176377144
6.797,1189.5943720336475,1189.5943720336475,2379.188744067295
6.798,1189.769566969482,1189.769566969482,2379.539133938964
6.799,1189.8751765037855,1189.8751765037855,2379.750353007571
6.8,1189.9149961944875,1189.9149961944875,2379.829992388975
6.801,1189.899402289261,1189.899402289261,2379.798804578522
6.8020000000000005,1189.8438347394617,1189.8438347394617,2379.6876694789235
6.803,1189.766774752545,1189.766774752545,2379.53354950509
6.804,1189.6874502379185,1189.6874502379185,2379.374900475837
6.805,1189.623530232852,1189.623530232852,2379.247060465704
6.806,1189.5890680582756,1189.5890680582756,2379.1781361165513
6.807,1189.5929227854958,1189.5929227854958,2379.1858455709917
6.808,1189.6378330166283,1189.6378330166283,2379.2756660332566
6.809,1189.7202422218315,1189.7202422218315,2379.440484443663
6.8100000000000005,1189.8308892783132,1189.8308892783132,2379.6617785566264
6.811,1189.9560909542183,1189.9560909542183,2379.9121819084367
6.812,1190.0795645463108,1190.0795645463108,2380.1591290926217
6.813,1190.1845774523904,1190.1845774523904,2380.3691549047808
6.814,1190.2561729768759,1190.2561729768759,2380.5123459537517
6.815,1190.283212314377,1190.283212314377,2380.566424628754
6.816,1190.2599924959038,1190.2599924959038,2380.5199849918076
6.817,1190.1872469426864,1190.1872469426864,2380.374493885373
6.8180000000000005,1190.0724039821566,1190.0724039821566,2380.1448079643133
6.819,1189.929061640284,1189.929061640284,2379.858123280568
6.82,1189.7757250459172,1189.7757250459172,2379.5514500918343
6.821,1189.6339361033713,1189.6339361033713,2379.2678722067426
6.822,1189.5259944507588,1189.5259944507588,2379.0519889015177
6.823,1189.4725163926726,1189.4725163926726,2378.945032785345
6.824,1189.4900991290745,1189.4900991290745,2378.980198258149
6.825,1189.5893488259035,1189.5893488259035,2379.178697651807
6.8260000000000005,1189.7734937561802,1189.7734937561802,2379.5469875123604
6.827,1190.037741900895,1190.037741900895,2380.07548380179
6.828,1190.3694627631949,1190.3694627631949,2380.7389255263897
6.829,1190.7491844139329,1190.7491844139329,2381.4983688278658
6.83,1191.1523086623306,1191.1523086623306,2382.304617324661
6.831,1191.5513693887094,1191.5513693887094,2383.102738777419
6.832,1191.9186000265618,1191.9186000265618,2383.8372000531235
6.833,1192.2285424207798,1192.2285424207798,2384.4570848415597
6.8340000000000005,1192.4604245289963,1192.4604245289963,2384.9208490579927
6.835,1192.6000592049634,1192.6000592049634,2385.2001184099267
6.836,1192.641067899323,1192.641067899323,2385.282135798646
6.837,1192.5853058856273,1192.5853058856273,2385.1706117712547
6.838,1192.4424516001272,1192.4424516001272,2384.8849032002545
6.839,1192.2288124619943,1192.2288124619943,2384.4576249239885
6.84,1191.9654832981946,1191.9654832981946,2383.930966596389
6.841,1191.6760620885875,1191.6760620885875,2383.352124177175
6.8420000000000005,1191.3841737043767,1191.3841737043767,2382.7683474087535
6.843,1191.1110706672312,1191.1110706672312,2382.2221413344623
6.844,1190.8735687805724,1190.8735687805724,2381.747137561145
6.845,1190.682536103785,1190.682536103785,2381.36507220757
6.846,1190.5420905821584,1190.5420905821584,2381.0841811643168
6.847,1190.449581749188,1190.449581749188,2380.899163498376
6.848,1190.3963441547996,1190.3963441547996,2380.7926883095993
6.849,1190.3691242665468,1190.3691242665468,2380.7382485330936
6.8500000000000005,1190.352008042262,1190.352008042262,2380.704016084524
6.851,1190.3286214128223,1190.3286214128223,2380.6572428256445
6.852,1190.2843465945125,1190.2843465945125,2380.568693189025
6.853,1190.208296678102,1190.208296678102,2380.416593356204
6.854,1190.0948193236954,1190.0948193236954,2380.189638647391
6.855,1189.9443544364985,1189.9443544364985,2379.888708872997
6.856,1189.7635443747095,1189.7635443747095,2379.527088749419
6.857,1189.564580336877,1189.564580336877,2379.129160673754
6.8580000000000005,1189.3638556148032,1189.3638556148032,2378.7277112296065
6.859,1189.1800756829618,1189.1800756829618,2378.3601513659237
6.86,1189.0320377836679,1189.0320377836679,2378.0640755673357
6.861,1188.9363317485343,1188.9363317485343,2377.8726634970685
6.862,1188.90522486952,1188.90522486952,2377.81044973904
6.863,1188.9449753931494,1188.9449753931494,2377.889950786299
6.864,1189.054773599311,1189.054773599311,2378.109547198622
6.865,1189.2264414142946,1189.2264414142946,2378.4528828285893
6.8660000000000005,1189.4449385554276,1189.4449385554276,2378.889877110855
6.867,1189.6896344359118,1189.6896344359118,2379.3792688718236
6.868,1189.936220257118,1189.936220257118,2379.872440514236
6.869,1190.1590642461838,1190.1590642461838,2380.3181284923676
6.87,1190.3337627717372,1190.3337627717372,2380.6675255434743
6.871,1190.4396166760846,1190.4396166760846,2380.879233352169
6.872,1190.461768240958,1190.461768240958,2380.923536481916
6.873,1190.3927691610272,1190.3927691610272,2380.7855383220544
6.8740000000000006,1190.23340996579,1190.23340996579,2380.46681993158
6.875,1189.9927199752758,1189.9927199752758,2379.9854399505516
6.876,1189.6871355227395,1189.6871355227395,2379.374271045479
6.877,1189.338923150351,1189.338923150351,2378.677846300702
6.878,1188.9740240654946,1188.9740240654946,2377.9480481309893
6.8790000000000004,1188.6195476492098,1188.6195476492098,2377.2390952984197
6.88,1188.3011785326469,1188.3011785326469,2376.6023570652937
6.881,1188.0407697212688,1188.0407697212688,2376.0815394425376
6.882000000000001,1187.8543726265616,1187.8543726265616,2375.708745253123
6.883,1187.7509060842772,1187.7509060842772,2375.5018121685544
6.884,1187.7315958977856,1187.7315958977856,2375.463191795571
6.885,1187.7902319273617,1187.7902319273617,2375.5804638547233
6.886,1187.914200556807,1187.914200556807,2375.828401113614
6.8870000000000005,1188.0861663106284,1188.0861663106284,2376.172332621257
6.888,1188.2862066884338,1188.2862066884338,2376.5724133768676
6.889,1188.4941565508493,1188.4941565508493,2376.9883131016986
6.890000000000001,1188.6918978196477,1188.6918978196477,2377.3837956392954
6.891,1188.8653390249005,1188.8653390249005,2377.730678049801
6.892,1189.0058662819965,1189.0058662819965,2378.011732563993
6.893,1189.1111084268682,1189.1111084268682,2378.2222168537364
6.894,1189.1849374367087,1189.1849374367087,2378.3698748734173
6.8950000000000005,1189.2367121740963,1189.2367121740963,2378.4734243481926
6.896,1189.2798592408913,1189.2798592408913,2378.5597184817825
6.897,1189.3299597782332,1189.3299597782332,2378.6599195564663
6.898000000000001,1189.4025670564374,1189.4025670564374,2378.805134112875
6.899,1189.5110104342893,1189.5110104342893,2379.0220208685787
6.9,1189.6644433053557,1189.6644433053557,2379.3288866107114
6.901,1189.8663657464385,1189.8663657464385,2379.732731492877
6.902,1190.1137997070575,1190.1137997070575,2380.227599414115
6.9030000000000005,1190.397221578703,1190.397221578703,2380.794443157406
6.904,1190.701271945435,1190.701271945435,2381.40254389087
6.905,1191.0061746740057,1191.0061746740057,2382.0123493480114
6.906000000000001,1191.289716984999,1191.289716984999,2382.579433969998
6.907,1191.529577715693,1191.529577715693,2383.059155431386
6.908,1191.7057498352128,1191.7057498352128,2383.4114996704257
6.909,1191.8027900367106,1191.8027900367106,2383.605580073421
6.91,1191.8116444681045,1191.8116444681045,2383.623288936209
6.9110000000000005,1191.7308436798908,1191.7308436798908,2383.4616873597815
6.912,1191.5669269059424,1191.5669269059424,2383.133853811885
6.913,1191.3340385453773,1191.3340385453773,2382.6680770907547
6.914,1191.0527291318133,1191.0527291318133,2382.1054582636266
6.915,1190.7480793639775,1190.7480793639775,2381.496158727955
6.916,1190.4473394624456,1190.4473394624456,2380.894678924891
6.917,1190.1773291173672,1190.1773291173672,2380.3546582347344
6.918,1189.9618697717708,1189.9618697717708,2379.9237395435416
6.9190000000000005,1189.819518020986,1189.819518020986,2379.639036041972
6.92,1189.7618368065341,1189.7618368065341,2379.5236736130682
6.921,1189.7923833440846,1189.7923833440846,2379.584766688169
6.922,1189.9065156624338,1189.9065156624338,2379.8130313248676
6.923,1190.092031673556,1190.092031673556,2380.184063347112
6.924,1190.3305654617502,1190.3305654617502,2380.6611309235004
6.925,1190.599584723565,1190.599584723565,2381.19916944713
6.926,1190.8747698196269,1190.8747698196269,2381.7495396392537
6.9270000000000005,1191.1325156159219,1191.1325156159219,2382.2650312318437
6.928,1191.3522864300646,1191.3522864300646,2382.7045728601292
6.929,1191.5185730620135,1191.5185730620135,2383.037146124027
6.93,1191.622246934138,1191.622246934138,2383.244493868276
6.931,1191.6611746388785,1191.6611746388785,2383.322349277757
6.932,1191.640039101484,1191.640039101484,2383.280078202968
6.933,1191.5694019197194,1191.5694019197194,2383.138803839439
6.934,1191.4641254676026,1191.4641254676026,2382.928250935205
6.9350000000000005,1191.341343767284,1191.341343767284,2382.682687534568
6.936,1191.2182201823098,1191.2182201823098,2382.4364403646196
6.937,1191.1097522817595,1191.1097522817595,2382.219504563519
6.938,1191.0268773509024,1191.0268773509024,2382.053754701805
6.939,1190.9750967958196,1190.9750967958196,2381.950193591639
6.94,1190.9537780635499,1190.9537780635499,2381.9075561270997
6.941,1190.9562153345958,1190.9562153345958,2381.9124306691915
6.942,1190.9704437647147,1190.9704437647147,2381.9408875294293
6.9430000000000005,1190.9807160921684,1190.9807160921684,2381.961432184337
6.944,1190.9694745640625,1190.9694745640625,2381.938949128125
6.945,1190.9195938350485,1190.9195938350485,2381.839187670097
6.946,1190.8166381654883,1190.8166381654883,2381.6332763309765
6.947,1190.6508725439237,1190.6508725439237,2381.3017450878474
6.948,1190.4187927623093,1190.4187927623093,2380.8375855246186
6.949,1190.1239912404317,1190.1239912404317,2380.2479824808634
6.95,1189.7772478635877,1189.7772478635877,2379.5544957271754
6.9510000000000005,1189.3958203001841,1189.3958203001841,2378.7916406003683
6.952,1189.0019968161364,1189.0019968161364,2378.003993632273
6.953,1188.6210567259072,1188.6210567259072,2377.2421134518145
6.954,1188.2788502315116,1188.2788502315116,2376.557700463023
6.955,1187.9992531101248,1187.9992531101248,2375.9985062202495
6.956,1187.801767637606,1187.801767637606,2375.603535275212
6.957,1187.6995274491417,1187.6995274491417,2375.3990548982833
6.958,1187.6979221641939,1187.6979221641939,2375.3958443283877
6.9590000000000005,1187.793992066449,1187.793992066449,2375.587984132898
6.96,1187.9766610607362,1187.9766610607362,2375.9533221214724
6.961,1188.2277864800053,1188.2277864800053,2376.4555729600106
6.962,1188.5239168763967,1188.5239168763967,2377.0478337527934
6.963,1188.838573252917,1188.838573252917,2377.677146505834
6.964,1189.1448135392059,1189.1448135392059,2378.2896270784117
6.965,1189.417810552515,1189.417810552515,2378.83562110503
6.966,1189.6371734157772,1189.6371734157772,2379.2743468315543
6.9670000000000005,1189.7887714163678,1189.7887714163678,2379.5775428327356
6.968,1189.865874357864,1189.865874357864,2379.731748715728
6.969,1189.8694985030952,1189.8694985030952,2379.7389970061904
6.97,1189.80793396583,1189.80793396583,2379.61586793166
6.971,1189.6955183423233,1189.6955183423233,2379.3910366846467
6.972,1189.5508027216633,1189.5508027216633,2379.1016054433267
6.973,1189.394321066275,1189.394321066275,2378.78864213255
6.974,1189.2462152342925,1189.2462152342925,2378.492430468585
6.9750000000000005,1189.1239811571872,1189.1239811571872,2378.2479623143745
6.976,1189.0405855221613,1189.0405855221613,2378.0811710443227
6.977,1189.0031586198536,1189.0031586198536,2378.006317239707
6.978,1189.0124027207207,1189.0124027207207,2378.0248054414415
6.979,1189.0627738457872,1189.0627738457872,2378.1255476915744
6.98,1189.1434071774966,1189.1434071774966,2378.286814354993
6.981,1189.2396723585175,1189.2396723585175,2378.479344717035
6.982,1189.3351738836488,1189.3351738836488,2378.6703477672977
6.9830000000000005,1189.4139615924469,1189.4139615924469,2378.8279231848937
6.984,1189.4626924928864,1189.4626924928864,2378.925384985773
6.985,1189.4724904329032,1189.4724904329032,2378.9449808658064
6.986,1189.4402839071972,1189.4402839071972,2378.8805678143945
6.987,1189.3694608015626,1189.3694608015626,2378.738921603125
6.988,1189.2697556498554,1189.2697556498554,2378.5395112997107
6.989,1189.1563714927884,1189.1563714927884,2378.3127429855767
6.99,1189.0484250771115,1189.0484250771115,2378.096850154223
6.9910000000000005,1188.966881284713,1188.966881284713,2377.933762569426
6.992,1188.9322017376599,1188.9322017376599,2377.8644034753197
6.993,1188.9619668795506,1188.9619668795506,2377.923933759101
6.994,1189.0687365987817,1189.0687365987817,2378.1374731975634
6.995,1189.258390901004,1189.258390901004,2378.516781802008
6.996,1189.5291417588614,1189.5291417588614,2379.058283517723
6.997,1189.8713355341097,1189.8713355341097,2379.7426710682194
6.998,1190.2680801119473,1190.2680801119473,2380.5361602238945
6.9990000000000006,1190.6966414450465,1190.6966414450465,2381.393282890093
7.0,1191.13047038688,1191.13047038688,2382.26094077376
7.001,1191.5416517081944,1191.5416517081944,2383.083303416389
7.002,1191.9035206265203,1191.9035206265203,2383.8070412530406
7.003,1192.193173171665,1192.193173171665,2384.38634634333
7.0040000000000004,1192.3936073745324,1192.3936073745324,2384.787214749065
7.005,1192.4952714623091,1192.4952714623091,2384.9905429246182
7.006,1192.4968586996488,1192.4968586996488,2384.9937173992976
7.007000000000001,1192.405269301827,1192.405269301827,2384.810538603654
7.008,1192.2347491317646,1192.2347491317646,2384.469498263529
7.009,1192.0053029203834,1192.0053029203834,2384.010605840767
7.01,1191.7405569063367,1191.7405569063367,2383.4811138126734
7.011,1191.46530366609,1191.46530366609,2382.93060733218
7.0120000000000005,1191.2029942142992,1191.2029942142992,2382.4059884285984
7.013,1190.9734457289053,1190.9734457289053,2381.9468914578106
7.014,1190.791007221982,1190.791007221982,2381.582014443964
7.015000000000001,1190.6633730849721,1190.6633730849721,2381.3267461699443
7.016,1190.5911615286768,1190.5911615286768,2381.1823230573536
7.017,1190.568289605028,1190.568289605028,2381.136579210056
7.018,1190.58308818368,1190.58308818368,2381.16617636736
7.019,1190.620018717088,1190.620018717088,2381.240037434176
7.0200000000000005,1190.6617878527652,1190.6617878527652,2381.3235757055304
7.021,1190.6916131737148,1190.6916131737148,2381.3832263474296
7.022,1190.6953782467567,1190.6953782467567,2381.3907564935134
7.023000000000001,1190.6634293441507,1190.6634293441507,2381.3268586883014
7.024,1190.5918080430142,1190.5918080430142,2381.1836160860285
7.025,1190.4827787042382,1190.4827787042382,2380.9655574084763
7.026,1190.3445903516651,1190.3445903516651,2380.6891807033303
7.027,1190.1904997370902,1190.1904997370902,2380.3809994741805
7.0280000000000005,1190.0371666645303,1190.0371666645303,2380.0743333290607
7.029,1189.9026045646015,1189.9026045646015,2379.805209129203
7.03,1189.803920831737,1189.803920831737,2379.607841663474
7.031000000000001,1189.755106795089,1189.755106795089,2379.510213590178
7.032,1189.7651335159726,1189.7651335159726,2379.530267031945
7.033,1189.8365772336501,1189.8365772336501,2379.6731544673003
7.034,1189.9649407398178,1189.9649407398178,2379.9298814796357
7.035,1190.1387605658904,1190.1387605658904,2380.2775211317808
7.0360000000000005,1190.3405030289566,1190.3405030289566,2380.6810060579132
7.037,1190.5481644850734,1190.5481644850734,2381.0963289701467
7.038,1190.7374122781212,1190.7374122781212,2381.4748245562423
7.039000000000001,1190.884041587484,1190.884041587484,2381.768083174968
7.04,1190.9664864845276,1190.9664864845276,2381.9329729690553
7.041,1190.968115146375,1190.968115146375,2381.93623029275
7.042,1190.87906035078,1190.87906035078,2381.75812070156
7.043,1190.6973848440184,1190.6973848440184,2381.394769688037
7.0440000000000005,1190.4294516861232,1190.4294516861232,2380.8589033722465
7.045,1190.0894545568385,1190.0894545568385,2380.178909113677
7.046,1189.6981529878854,1189.6981529878854,2379.3963059757707
7.047,1189.2809427414848,1189.2809427414848,2378.5618854829695
7.048,1188.865462763891,1188.865462763891,2377.730925527782
7.049,1188.478989526494,1188.478989526494,2376.957979052988
7.05,1188.1458917396435,1188.1458917396435,2376.291783479287
7.051,1187.8854109851777,1187.8854109851777,2375.7708219703554
7.0520000000000005,1187.7099976105194,1187.7099976105194,2375.419995221039
7.053,1187.6243702622482,1187.6243702622482,2375.2487405244965
7.054,1187.6253884247108,1187.6253884247108,2375.2507768494215
7.055,1187.7027389562509,1187.7027389562509,2375.4054779125017
7.056,1187.8403495839002,1187.8403495839002,2375.6806991678004
7.057,1188.0183642755032,1188.0183642755032,2376.0367285510065
7.058,1188.215455889601,1188.215455889601,2376.430911779202
7.059,1188.4112169874443,1188.4112169874443,2376.8224339748886
7.0600000000000005,1188.5883638922676,1188.5883638922676,2377.176727784535
7.061,1188.7345125405498,1188.7345125405498,2377.4690250810995
7.062,1188.8433347022217,1188.8433347022217,2377.6866694044434
7.063,1188.9149741368997,1188.9149741368997,2377.8299482737993
7.064,1188.9556862804025,1188.9556862804025,2377.911372560805
7.065,1188.9767527699514,1188.9767527699514,2377.953505539903
7.066,1188.9928037722354,1188.9928037722354,2377.985607544471
7.067,1189.019747612609,1189.019747612609,2378.039495225218
7.0680000000000005,1189.0725512363733,1189.0725512363733,2378.1451024727467
7.069,1189.1631316834998,1189.1631316834998,2378.3262633669997
7.07,1189.298606183559,1189.298606183559,2378.597212367118
7.071,1189.480108076652,1189.480108076652,2378.960216153304
7.072,1189.7023120244505,1189.7023120244505,2379.404624048901
7.073,1189.953731969556,1189.953731969556,2379.907463939112
7.074,1190.2177679170527,1190.2177679170527,2380.4355358341054
7.075,1190.474392561845,1190.474392561845,2380.94878512369
7.0760000000000005,1190.7022955348662,1190.7022955348662,2381.4045910697323
7.077,1190.881249762446,1190.881249762446,2381.762499524892
7.078,1190.994437099681,1190.994437099681,2381.988874199362
7.079,1191.0304721237553,1191.0304721237553,2382.0609442475106
7.08,1190.9848936628068,1190.9848936628068,2381.9697873256137
7.081,1190.860949995821,1190.860949995821,2381.721899991642
7.082,1190.6695795549635,1190.6695795549635,2381.339159109927
7.083,1190.4285760930306,1190.4285760930306,2380.8571521860613
7.0840000000000005,1190.1610160914233,1190.1610160914233,2380.3220321828467
7.085,1189.8931069226562,1189.8931069226562,2379.7862138453124
7.086,1189.6516780633124,1189.6516780633124,2379.3033561266247
7.087,1189.4615774477768,1189.4615774477768,2378.9231548955536
7.088,1189.3432464562618,1189.3432464562618,2378.6864929125236
7.089,1189.3107287522018,1189.3107287522018,2378.6214575044037
7.09,1189.3703221902194,1189.3703221902194,2378.740644380439
7.091,1189.5200143145155,1189.5200143145155,2379.040028629031
7.0920000000000005,1189.7497580580357,1189.7497580580357,2379.4995161160714
7.093,1190.0425543017375,1190.0425543017375,2380.085108603475
7.094,1190.3762217865274,1190.3762217865274,2380.7524435730547
7.095,1190.7256618926842,1190.7256618926842,2381.4513237853685
7.096,1191.065373962671,1191.065373962671,2382.130747925342
7.097,1191.3719517647683,1191.3719517647683,2382.7439035295365
7.098,1191.62629605369,1191.62629605369,2383.25259210738
7.099,1191.8153114199965,1191.8153114199965,2383.630622839993
7.1000000000000005,1191.9329140000052,1191.9329140000052,2383.8658280000104
7.101,1191.9802536509285,1191.9802536509285,2383.960507301857
7.102,1191.9651413501851,1191.9651413501851,2383.9302827003703
7.103,1191.9007602229588,1191.9007602229588,2383.8015204459175
7.104,1191.8038170718,1191.8038170718,2383.6076341436
7.105,1191.6923519405436,1191.6923519405436,2383.3847038810873
7.106,1191.5834594380528,1191.5834594380528,2383.1669188761057
7.107,1191.4911833360998,1191.4911833360998,2382.9823666721995
7.1080000000000005,1191.4248245479562,1191.4248245479562,2382.8496490959124
7.109,1191.3878544303086,1191.3878544303086,2382.775708860617
7.11,1191.3775558315606,1191.3775558315606,2382.755111663121
7.111,1191.3854311968182,1191.3854311968182,2382.7708623936364
7.112,1191.3983295985804,1191.3983295985804,2382.796659197161
7.113,1191.4001625342084,1191.4001625342084,2382.800325068417
7.114,1191.3740108578377,1191.3740108578377,2382.7480217156753
7.115,1191.3043798246272,1191.3043798246272,2382.6087596492544
7.1160000000000005,1191.1793410028256,1191.1793410028256,2382.358682005651
7.117,1190.9923108288308,1190.9923108288308,2381.9846216576616
7.118,1190.7432546772534,1190.7432546772534,2381.486509354507
7.119,1190.43916821367,1190.43916821367,2380.87833642734
7.12,1190.093767571575,1190.093767571575,2380.18753514315
7.121,1189.726407746497,1189.726407746497,2379.452815492994
7.122,1189.3603348196687,1189.3603348196687,2378.7206696393373
7.123,1189.0204526638327,1189.0204526638327,2378.0409053276653
7.1240000000000006,1188.7308403141467,1188.7308403141467,2377.4616806282934
7.125,1188.5122860145216,1188.5122860145216,2377.024572029043
7.126,1188.3801047035693,1188.3801047035693,2376.7602094071385
7.127,1188.3424772114267,1188.3424772114267,2376.6849544228535
7.128,1188.3994947452984,1188.3994947452984,2376.798989490597
7.1290000000000004,1188.5430172807824,1188.5430172807824,2377.0860345615647
7.13,1188.7573674170098,1188.7573674170098,2377.5147348340197
7.131,1189.0207916038485,1189.0207916038485,2378.041583207697
7.132000000000001,1189.307538209636,1189.307538209636,2378.615076419272
7.133,1189.5903356840847,1189.5903356840847,2379.1806713681694
7.134,1189.8430113226682,1189.8430113226682,2379.6860226453364
7.135,1190.042976522945,1190.042976522945,2380.08595304589
7.136,1190.1733195210913,1190.1733195210913,2380.3466390421827
7.1370000000000005,1190.2242897306369,1190.2242897306369,2380.4485794612738
7.138,1190.1940242237215,1190.1940242237215,2380.388048447443
7.139,1190.0884492970843,1190.0884492970843,2380.1768985941685
7.140000000000001,1189.9203794039945,1189.9203794039945,2379.840758807989
7.141,1189.7079222139641,1189.7079222139641,2379.4158444279283
7.142,1189.4723727179112,1189.4723727179112,2378.9447454358224
7.143,1189.2358330319148,1189.2358330319148,2378.4716660638296
7.144,1189.018822032765,1189.018822032765,2378.03764406553
7.1450000000000005,1188.838137249276,1188.838137249276,2377.676274498552
7.146,1188.7052008220037,1188.7052008220037,2377.4104016440074
7.147,1188.6250653039965,1188.6250653039965,2377.250130607993
7.148000000000001,1188.5961798795158,1188.5961798795158,2377.1923597590317
7.149,1188.6109316039706,1188.6109316039706,2377.221863207941
7.15,1188.6568890720148,1188.6568890720148,2377.3137781440296
7.151,1188.7185971786248,1188.7185971786248,2377.4371943572496
7.152,1188.7797100788657,1188.7797100788657,2377.5594201577314
7.1530000000000005,1188.8252118926252,1188.8252118926252,2377.6504237852505
7.154,1188.8434652926903,1188.8434652926903,2377.6869305853807
7.155,1188.827847886795,1188.827847886795,2377.65569577359
7.156000000000001,1188.7777830491723,1188.7777830491723,2377.5555660983446
7.157,1188.6990403752409,1188.6990403752409,2377.3980807504818
7.158,1188.603263608068,1188.603263608068,2377.206527216136
7.159,1188.5067715259274,1188.5067715259274,2377.013543051855
7.16,1188.428760136826,1188.428760136826,2376.857520273652
7.1610000000000005,1188.3891033678958,1188.3891033678958,2376.7782067357916
7.162,1188.4059965754564,1188.4059965754564,2376.8119931509127
7.163,1188.4937073378019,1188.4937073378019,2376.9874146756038
7.164000000000001,1188.6606888096712,1188.6606888096712,2377.3213776193425
7.165,1188.908273335965,1188.908273335965,2377.81654667193
7.166,1189.2301021040528,1189.2301021040528,2378.4602042081056
7.167,1189.6123671157043,1189.6123671157043,2379.2247342314085
7.168,1190.0348533908314,1190.0348533908314,2380.0697067816627
7.1690000000000005,1190.4726817793346,1190.4726817793346,2380.945363558669
7.17,1190.8985756836503,1190.8985756836503,2381.7971513673006
7.171,1191.2854168763906,1191.2854168763906,2382.5708337527813
7.172,1191.60882285624,1191.60882285624,2383.21764571248
7.173,1191.8494744616469,1191.8494744616469,2383.6989489232938
7.174,1191.9949482132597,1191.9949482132597,2383.9898964265194
7.175,1192.0408603046897,1192.0408603046897,2384.0817206093793
7.176,1191.9912025980275,1191.9912025980275,2383.982405196055
7.1770000000000005,1191.8578373925416,1191.8578373925416,2383.715674785083
7.178,1191.6592076857085,1191.6592076857085,2383.318415371417
7.179,1191.4184033127826,1191.4184033127826,2382.8368066255653
7.18,1191.1607916061134,1191.1607916061134,2382.321583212227
7.181,1190.911466627178,1190.911466627178,2381.822933254356
7.182,1190.6927886751105,1190.6927886751105,2381.385577350221
7.183,1190.5222738002615,1190.5222738002615,2381.044547600523
7.184,1190.4110528405329,1190.4110528405329,2380.8221056810658
7.1850000000000005,1190.3630555420355,1190.3630555420355,2380.726111084071
7.186,1190.3749947168487,1190.3749947168487,2380.7499894336975
7.187,1190.4371370411998,1190.4371370411998,2380.8742740823996
7.188,1190.5347607544206,1190.5347607544206,2381.0695215088413
7.189,1190.6501256902397,1190.6501256902397,2381.3002513804795
7.19,1190.7647259771393,1190.7647259771393,2381.5294519542786
7.191,1190.8615664104825,1190.8615664104825,2381.723132820965
7.192,1190.9272030965717,1190.9272030965717,2381.8544061931434
7.1930000000000005,1190.953317464991,1190.953317464991,2381.906634929982
7.194,1190.937646910541,1190.937646910541,2381.875293821082
7.195,1190.884169091869,1190.884169091869,2381.768338183738
7.196,1190.8025220471443,1190.8025220471443,2381.6050440942886
7.197,1190.7067293004013,1190.7067293004013,2381.4134586008026
7.198,1190.613378333739,1190.613378333739,2381.226756667478
7.199,1190.539463366577,1190.539463366577,2381.078926733154
7.2,1190.5001423338565,1190.5001423338565,2381.000284667713
7.2010000000000005,1190.5066689273754,1190.5066689273754,2381.0133378547507
7.202,1190.5647422953516,1190.5647422953516,2381.129484590703
7.203,1190.6734714632328,1190.6734714632328,2381.3469429264655
7.204,1190.8250837463718,1190.8250837463718,2381.6501674927435
7.205,1191.005423848542,1191.005423848542,2382.010847697084
7.206,1191.1952021041798,1191.1952021041798,2382.3904042083595
7.207,1191.3718661934854,1191.3718661934854,2382.743732386971
7.208,1191.5118999682963,1191.5118999682963,2383.0237999365927
7.2090000000000005,1191.593303635953,1191.593303635953,2383.186607271906
7.21,1191.5979869844168,1191.5979869844168,2383.1959739688336
7.211,1191.513814171893,1191.513814171893,2383.027628343786
7.212,1191.3360741891358,1191.3360741891358,2382.6721483782717
7.213,1191.0682116065127,1191.0682116065127,2382.1364232130254
7.214,1190.7217310664655,1190.7217310664655,2381.443462132931
7.215,1190.3152775741323,1190.3152775741323,2380.6305551482646
7.216,1189.872983292084,1189.872983292084,2379.745966584168
7.2170000000000005,1189.422250560127,1189.422250560127,2378.844501120254
7.218,1188.99120158905,1188.99120158905,2377.9824031781
7.219,1188.6060610709624,1188.6060610709624,2377.2121221419247
7.22,1188.288744894688,1188.288744894688,2376.577489789376
7.221,1188.0549055023077,1188.0549055023077,2376.1098110046155
7.222,1187.912634668111,1187.912634668111,2375.825269336222
7.223,1187.8619530902386,1187.8619530902386,2375.723906180477
7.224,1187.895130993164,1187.895130993164,2375.790261986328
7.2250000000000005,1187.997794286589,1187.997794286589,2375.995588573178
7.226,1188.1506865316665,1188.1506865316665,2376.301373063333
7.227,1188.3318872442223,1188.3318872442223,2376.6637744884447
7.228,1188.5192395158733,1188.5192395158733,2377.0384790317466
7.229,1188.6927197055463,1188.6927197055463,2377.3854394110926
7.23,1188.8364911778858,1188.8364911778858,2377.6729823557716
7.231,1188.940421626178,1188.940421626178,2377.880843252356
7.232,1189.0009051793547,1189.0009051793547,2378.0018103587095
7.2330000000000005,1189.0209093685303,1189.0209093685303,2378.0418187370606
7.234,1189.0092543434555,1189.0092543434555,2378.018508686911
7.235,1188.9792177907354,1188.9792177907354,2377.958435581471
7.236,1188.9466342745125,1188.9466342745125,2377.893268549025
7.237,1188.927713864738,1188.927713864738,2377.855427729476
7.238,1188.9368357332162,1188.9368357332162,2377.8736714664324
7.239,1188.9845744904414,1188.9845744904414,2377.969148980883
7.24,1189.076190199658,1189.076190199658,2378.152380399316
7.2410000000000005,1189.210760239367,1189.210760239367,2378.421520478734
7.242,1189.3810583679024,1189.3810583679024,2378.7621167358047
7.243,1189.5742015754156,1189.5742015754156,2379.148403150831
7.244,1189.7729980208437,1189.7729980208437,2379.5459960416874
7.245,1189.9578492618975,1189.9578492618975,2379.915698523795
7.246,1190.1089960240856,1190.1089960240856,2380.2179920481713
7.247,1190.2088560731345,1190.2088560731345,2380.417712146269
7.248,1190.2441899378562,1190.2441899378562,2380.4883798757123
7.2490000000000006,1190.2078467838821,1190.2078467838821,2380.4156935677643
7.25,1190.099886921931,1190.099886921931,2380.199773843862
7.251,1189.9279444486265,1189.9279444486265,2379.855888897253
7.252,1189.7067760331406,1189.7067760331406,2379.413552066281
7.253,1189.4570308238929,1189.4570308238929,2378.9140616477857
7.2540000000000004,1189.2033620729985,1189.2033620729985,2378.406724145997
7.255,1188.9720739288719,1188.9720739288719,2377.9441478577437
7.256,1188.7885488862753,1188.7885488862753,2377.5770977725506
7.257000000000001,1188.6747268421823,1188.6747268421823,2377.3494536843646
7.258,1188.6469027335042,1188.6469027335042,2377.2938054670085
7.259,1188.7140767074593,1188.7140767074593,2377.4281534149186
7.26,1188.877032266148,1188.877032266148,2377.754064532296
7.261,1189.128240202199,1189.128240202199,2378.256480404398
7.2620000000000005,1189.4525978706097,1189.4525978706097,2378.9051957412194
7.263,1189.8289240609079,1189.8289240609079,2379.6578481218157
7.264,1190.2320491910057,1190.2320491910057,2380.4640983820113
7.265000000000001,1190.6352775253004,1190.6352775253004,2381.2705550506007
7.266,1191.012959483106,1191.012959483106,2382.025918966212
7.267,1191.3429020270487,1191.3429020270487,2382.6858040540974
7.268,1191.6083646440823,1191.6083646440823,2383.2167292881645
7.269,1191.7994353430486,1191.7994353430486,2383.598870686097
7.2700000000000005,1191.9136501763833,1191.9136501763833,2383.8273003527665
7.271,1191.955803405853,1191.955803405853,2383.911606811706
7.272,1191.9369843451514,1191.9369843451514,2383.8739686903027
7.273000000000001,1191.8729613317591,1191.8729613317591,2383.7459226635183
7.274,1191.7821039260978,1191.7821039260978,2383.5642078521955
7.275,1191.6830835632813,1191.6830835632813,2383.3661671265627
7.276,1191.5926151356873,1191.5926151356873,2383.1852302713746
7.277,1191.523494984279,1191.523494984279,2383.046989968558
7.2780000000000005,1191.4831553809747,1191.4831553809747,2382.9663107619494
7.279,1191.4728957905018,1191.4728957905018,2382.9457915810035
7.28,1191.4878737003319,1191.4878737003319,2382.9757474006637
7.281000000000001,1191.5178512473858,1191.5178512473858,2383.0357024947716
7.282,1191.5486078929016,1191.5486078929016,2383.097215785803
7.283,1191.5638535748221,1191.5638535748221,2383.1277071496443
7.284,1191.5474195439554,1191.5474195439554,2383.0948390879107
7.285,1191.4854718468125,1191.4854718468125,2382.970943693625
7.2860000000000005,1191.368488766071,1191.368488766071,2382.736977532142
7.287,1191.1927689114261,1191.1927689114261,2382.3855378228523
7.288,1190.9612882920192,1190.9612882920192,2381.9225765840383
7.289000000000001,1190.6837969055894,1190.6837969055894,2381.3675938111787
7.29,1190.3761301713716,1190.3761301713716,2380.7522603427433
7.291,1190.058798529867,1190.058798529867,2380.117597059734
7.292,1189.7549999790772,1189.7549999790772,2379.5099999581544
7.293,1189.4882661670251,1189.4882661670251,2378.9765323340503
7.2940000000000005,1189.2799955750652,1189.2799955750652,2378.5599911501304
7.295,1189.1471424854965,1189.1471424854965,2378.294284970993
7.296,1189.1003160642954,1189.1003160642954,2378.2006321285908
7.297,1189.1425014911517,1189.1425014911517,2378.2850029823035
7.298,1189.2685492118367,1189.2685492118367,2378.5370984236733
7.299,1189.4654962397492,1189.4654962397492,2378.9309924794984
7.3,1189.7136939647312,1189.7136939647312,2379.4273879294624
7.301,1189.9886299251802,1189.9886299251802,2379.9772598503605
7.3020000000000005,1190.2632559915037,1190.2632559915037,2380.5265119830074
7.303,1190.5105806142442,1190.5105806142442,2381.0211612284884
7.304,1190.7062542150875,1190.7062542150875,2381.412508430175
7.305,1190.8308775758126,1190.8308775758126,2381.661755151625
7.306,1190.8717931227054,1190.8717931227054,2381.743586245411
7.307,1190.8241750163766,1190.8241750163766,2381.648350032753
7.308,1190.6913097974063,1190.6913097974063,2381.3826195948127
7.309,1190.484046694518,1190.484046694518,2380.968093389036
7.3100000000000005,1190.2194860066268,1190.2194860066268,2380.4389720132535
7.311,1189.9190554530387,1189.9190554530387,2379.8381109060774
7.312,1189.6061891496447,1189.6061891496447,2379.2123782992894
7.313,1189.3038648658364,1189.3038648658364,2378.607729731673
7.314,1189.0322680241945,1189.0322680241945,2378.064536048389
7.315,1188.8068342086392,1188.8068342086392,2377.6136684172784
7.316,1188.6368776826969,1188.6368776826969,2377.2737553653938
7.317,1188.524946557421,1188.524946557421,2377.049893114842
7.3180000000000005,1188.4669632401062,1188.4669632401062,2376.9339264802124
7.319,1188.4531207498767,1188.4531207498767,2376.9062414997534
7.32,1188.4694211650171,1188.4694211650171,2376.9388423300343
7.321,1188.4996712026782,1188.4996712026782,2376.9993424053564
7.322,1188.5276995996855,1188.5276995996855,2377.055399199371
7.323,1188.5395371120524,1188.5395371120524,2377.0790742241047
7.324,1188.5253051901354,1188.5253051901354,2377.050610380271
7.325,1188.4805931001165,1188.4805931001165,2376.961186200233
7.3260000000000005,1188.4071616779188,1188.4071616779188,2376.8143233558376
7.327,1188.3128885075878,1188.3128885075878,2376.6257770151756
7.328,1188.2109555831628,1188.2109555831628,2376.4219111663256
7.329,1188.1183668372066,1188.1183668372066,2376.2367336744132
7.33,1188.0539596840345,1188.0539596840345,2376.107919368069
7.331,1188.036133366547,1188.036133366547,2376.072266733094
7.332,1188.0805508471024,1188.0805508471024,2376.1611016942047
7.333,1188.1980764067887,1188.1980764067887,2376.3961528135774
7.3340000000000005,1188.3931873290192,1188.3931873290192,2376.7863746580383
7.335,1188.6630475899146,1188.6630475899146,2377.3260951798293
7.336,1188.9973598605402,1188.9973598605402,2377.9947197210804
7.337,1189.379027195147,1189.379027195147,2378.758054390294
7.338,1189.7855668706643,1189.7855668706643,2379.5711337413286
7.339,1190.1911357480294,1190.1911357480294,2380.382271496059
7.34,1190.5689584149563,1190.5689584149563,2381.1379168299127
7.341,1190.8939037775508,1190.8939037775508,2381.7878075551016
7.3420000000000005,1191.1449377639165,1191.1449377639165,2382.289875527833
7.343,1191.3071914290545,1191.3071914290545,2382.614382858109
7.344,1191.3734237956928,1191.3734237956928,2382.7468475913856
7.345,1191.344722896269,1191.344722896269,2382.689445792538
7.346,1191.2303697156478,1191.2303697156478,2382.4607394312957
7.347,1191.046879209989,1191.046879209989,2382.093758419978
7.348,1190.816320525494,1190.816320525494,2381.632641050988
7.349,1190.5640953596787,1190.5640953596787,2381.1281907193575
7.3500000000000005,1190.3164107182668,1190.3164107182668,2380.6328214365335
7.351,1190.097713887241,1190.097713887241,2380.195427774482
7.352,1189.9283598549114,1189.9283598549114,2379.8567197098228
7.353,1189.8227544773433,1189.8227544773433,2379.6455089546866
7.354,1189.78816339866,1189.78816339866,2379.57632679732
7.355,1189.8243030198212,1189.8243030198212,2379.6486060396423
7.356,1189.9237437955724,1189.9237437955724,2379.8474875911447
7.357,1190.0730673069652,1190.0730673069652,2380.1461346139304
7.3580000000000005,1190.2546366766132,1190.2546366766132,2380.5092733532265
7.359,1190.4487739520837,1190.4487739520837,2380.8975479041674
7.36,1190.6360952925818,1190.6360952925818,2381.2721905851636
7.361,1190.7997398014527,1190.7997398014527,2381.5994796029054
7.362,1190.9272422214397,1190.9272422214397,2381.8544844428793
7.363,1191.0118417735057,1191.0118417735057,2382.0236835470114
7.364,1191.053084437207,1191.053084437207,2382.106168874414
7.365,1191.0566566718417,1191.0566566718417,2382.1133133436833
7.3660000000000005,1191.0334759658758,1191.0334759658758,2382.0669519317516
7.367,1190.9981479481028,1190.9981479481028,2381.9962958962055
7.368,1190.966971712268,1190.966971712268,2381.933943424536
7.369,1190.9557264939483,1190.9557264939483,2381.9114529878966
7.37,1190.9774981578976,1190.9774981578976,2381.954996315795
7.371,1191.040800271127,1191.040800271127,2382.081600542254
7.372,1191.1482122327595,1191.1482122327595,2382.296424465519
7.373,1191.2956995620264,1191.2956995620264,2382.5913991240527
7.3740000000000006,1191.4727053491101,1191.4727053491101,2382.9454106982203
7.375,1191.6630154718234,1191.6630154718234,2383.326030943647
7.376,1191.8463130496293,1191.8463130496293,2383.6926260992586
7.377,1192.0002594165119,1192.0002594165119,2384.0005188330238
7.378,1192.1028783440006,1192.1028783440006,2384.205756688001
7.3790000000000004,1192.1349840988084,1192.1349840988084,2384.269968197617
7.38,1192.0823862559314,1192.0823862559314,2384.164772511863
7.381,1191.9376259507046,1191.9376259507046,2383.8752519014092
7.382000000000001,1191.7010471409571,1191.7010471409571,2383.4020942819143
7.383,1191.381077167923,1191.381077167923,2382.762154335846
7.384,1190.9936757435362,1190.9936757435362,2381.9873514870724
7.385,1190.561001177448,1190.561001177448,2381.122002354896
7.386,1190.1094273685758,1190.1094273685758,2380.2188547371516
7.3870000000000005,1189.6671155366892,1189.6671155366892,2379.3342310733783
7.388,1189.2613931294582,1189.2613931294582,2378.5227862589163
7.389,1188.9162134874384,1188.9162134874384,2377.832426974877
7.390000000000001,1188.64996135535,1188.64996135535,2377.2999227107
7.391,1188.4738321150799,1188.4738321150799,2376.9476642301597
7.392,1188.3909507558294,1188.3909507558294,2376.781901511659
7.393,1188.396316862788,1188.396316862788,2376.792633725576
7.394,1188.4775730270242,1188.4775730270242,2376.9551460540483
7.3950000000000005,1188.6165057808375,1188.6165057808375,2377.233011561675
7.396,1188.7911100954586,1188.7911100954586,2377.5822201909173
7.397,1188.9779891570488,1188.9779891570488,2377.9559783140976
7.398000000000001,1189.15482700644,1189.15482700644,2378.30965401288
7.399,1189.3026663534097,1189.3026663534097,2378.6053327068194
7.4,1189.4077479435598,1189.4077479435598,2378.8154958871196
7.401,1189.4627185213744,1189.4627185213744,2378.925437042749
7.402,1189.467086029166,1189.467086029166,2378.934172058332
7.4030000000000005,1189.4268852445368,1189.4268852445368,2378.8537704890737
7.404,1189.353605209385,1189.353605209385,2378.70721041877
7.405,1189.2625117827372,1189.2625117827372,2378.5250235654744
7.406000000000001,1189.1705653974632,1189.1705653974632,2378.3411307949264
7.407,1189.0941782549328,1189.0941782549328,2378.1883565098656
7.408,1189.047071899829,1189.047071899829,2378.094143799658
7.409,1189.0384835720631,1189.0384835720631,2378.0769671441262
7.41,1189.0719293692823,1189.0719293692823,2378.1438587385646
7.4110000000000005,1189.1446685896863,1189.1446685896863,2378.2893371793725
7.412,1189.2479337607392,1189.2479337607392,2378.4958675214784
7.413,1189.3679036911676,1189.3679036911676,2378.735807382335
7.414000000000001,1189.4873121198384,1189.4873121198384,2378.974624239677
7.415,1189.5875116222637,1189.5875116222637,2379.1750232445274
7.416,1189.6507595130588,1189.6507595130588,2379.3015190261176
7.417,1189.6624654819875,1189.6624654819875,2379.324930963975
7.418,1189.6131426879674,1189.6131426879674,2379.226285375935
7.4190000000000005,1189.4998348684885,1189.4998348684885,2378.999669736977
7.42,1189.326848366369,1189.326848366369,2378.653696732738
7.421,1189.1056936682753,1189.1056936682753,2378.2113873365506
7.422000000000001,1188.854227776139,1188.854227776139,2377.708455552278
7.423,1188.59507694506,1188.59507694506,2377.19015389012
7.424,1188.3534992887235,1188.3534992887235,2376.706998577447
7.425,1188.15490963608,1188.15490963608,2376.30981927216
7.426,1188.0223278479011,1188.0223278479011,2376.0446556958022
7.4270000000000005,1187.9740222326798,1187.9740222326798,2375.9480444653595
7.428,1188.0216005190837,1188.0216005190837,2376.0432010381674
7.429,1188.1687540815583,1188.1687540815583,2376.3375081631166
7.43,1188.4107918437867,1188.4107918437867,2376.8215836875734
7.431,1188.7350160452156,1188.7350160452156,2377.4700320904312
7.432,1189.1219020403287,1189.1219020403287,2378.2438040806574
7.433,1189.5469583381512,1189.5469583381512,2379.0939166763023
7.434,1189.9830705669392,1189.9830705669392,2379.9661411338784
7.4350000000000005,1190.4030818777414,1190.4030818777414,2380.806163755483
7.436,1190.7823380476511,1190.7823380476511,2381.5646760953023
7.437,1191.1009308206249,1191.1009308206249,2382.2018616412497
7.438,1191.3454072006866,1191.3454072006866,2382.6908144013732
7.439,1191.5097716888363,1191.5097716888363,2383.0195433776726
7.44,1191.595686280462,1191.595686280462,2383.191372560924
7.441,1191.6118608368015,1191.6118608368015,2383.223721673603
7.442,1191.5727145527244,1191.5727145527244,2383.145429105449
7.4430000000000005,1191.4964679876098,1191.4964679876098,2382.9929359752196
7.444,1191.402885878915,1191.402885878915,2382.80577175783
7.445,1191.3109270898574,1191.3109270898574,2382.621854179715
7.446,1191.236565651187,1191.236565651187,2382.473131302374
7.447,1191.1910251942895,1191.1910251942895,2382.382050388579
7.448,1191.1796206246347,1191.1796206246347,2382.3592412492694
7.449,1191.2013310928523,1191.2013310928523,2382.4026621857047
7.45,1191.2491449800877,1191.2491449800877,2382.4982899601755
7.4510000000000005,1191.3111300089918,1191.3111300089918,2382.6222600179835
7.452,1191.3720994684377,1191.3720994684377,2382.7441989368754
7.453,1191.4156780300725,1191.4156780300725,2382.831356060145
7.454,1191.4265252444413,1191.4265252444413,2382.8530504888827
7.455,1191.392456584913,1191.392456584913,2382.784913169826
7.456,1191.3062128966858,1191.3062128966858,2382.6124257933716
7.457,1191.1666681041293,1191.1666681041293,2382.3333362082585
7.458,1190.9793277237757,1190.9793277237757,2381.9586554475513
7.4590000000000005,1190.7560501819598,1190.7560501819598,2381.5121003639197
7.46,1190.514010339575,1190.514010339575,2381.02802067915
7.461,1190.2740102831829,1190.2740102831829,2380.5480205663657
7.462,1190.0583168322978,1190.0583168322978,2380.1166336645956
7.463,1189.888260048891,1189.888260048891,2379.776520097782
7.464,1189.781856177338,1189.781856177338,2379.563712354676
7.465,1189.7517185799545,1189.7517185799545,2379.503437159909
7.466,1189.8034912511614,1189.8034912511614,2379.606982502323
7.4670000000000005,1189.934984491449,1189.934984491449,2379.869968982898
7.468,1190.136117274803,1190.136117274803,2380.272234549606
7.469,1190.3896839433123,1190.3896839433123,2380.7793678866246
7.47,1190.6728736219225,1190.6728736219225,2381.345747243845
7.471,1190.9593889482662,1190.9593889482662,2381.9187778965324
7.472,1191.2219453357407,1191.2219453357407,2382.4438906714813
7.473,1191.4348902173276,1191.4348902173276,2382.8697804346552
7.474,1191.5766681525706,1191.5766681525706,2383.1533363051412
7.4750000000000005,1191.631873828033,1191.631873828033,2383.263747656066
7.476,1191.5926790908488,1191.5926790908488,2383.1853581816977
7.477,1191.459487407404,1191.459487407404,2382.918974814808
7.478,1191.2407521795058,1191.2407521795058,2382.4815043590115
7.479,1190.9519850955264,1190.9519850955264,2381.903970191053
7.48,1190.6140673319812,1190.6140673319812,2381.2281346639625
7.481,1190.2510504902712,1190.2510504902712,2380.5021009805423
7.482,1189.8876875829162,1189.8876875829162,2379.7753751658324
7.4830000000000005,1189.546961379815,1189.546961379815,2379.09392275963
7.484,1189.2478751070034,1189.2478751070034,2378.495750214007
7.485,1189.0037392044173,1189.0037392044173,2378.0074784088347
7.486,1188.8211311274117,1188.8211311274117,2377.6422622548234
7.487,1188.6996293448908,1188.6996293448908,2377.3992586897816
7.488,1188.6323361639274,1188.6323361639274,2377.264672327855
7.489,1188.6071163786564,1188.6071163786564,2377.214232757313
7.49,1188.6083996868952,1188.6083996868952,2377.2167993737903
7.4910000000000005,1188.6193330639449,1188.6193330639449,2377.2386661278897
7.492,1188.6240316255762,1188.6240316255762,2377.2480632511524
7.493,1188.6096670721415,1188.6096670721415,2377.219334144283
7.494,1188.5681525751488,1188.5681525751488,2377.1363051502976
7.495,1188.4972297021302,1188.4972297021302,2376.9944594042604
7.496,1188.4008314441317,1188.4008314441317,2376.8016628882633
7.497,1188.2886779744713,1188.2886779744713,2376.5773559489426
7.498,1188.175149227585,1188.175149227585,2376.35029845517
7.4990000000000006,1188.0775609990685,1188.0775609990685,2376.155121998137
7.5,1188.0140398227904,1188.0140398227904,2376.028079645581
7.501,1188.0012387218842,1188.0012387218842,2376.0024774437684
7.502,1188.052155802142,1188.052155802142,2376.104311604284
7.503,1188.1743082871287,1188.1743082871287,2376.3486165742574
7.5040000000000004,1188.3684769495148,1188.3684769495148,2376.7369538990297
7.505,1188.628174070814,1188.628174070814,2377.256348141628
7.506,1188.9399088428977,1188.9399088428977,2377.8798176857954
7.507000000000001,1189.2842362264396,1189.2842362264396,2378.568472452879
7.508,1189.637488396572,1189.637488396572,2379.274976793144
7.509,1189.974011633747,1189.974011633747,2379.948023267494
7.51,1190.2686743047743,1190.2686743047743,2380.5373486095486
7.511,1190.4993797864634,1190.4993797864634,2380.9987595729267
7.5120000000000005,1190.6493153847273,1190.6493153847273,2381.2986307694546
7.513,1190.7086948828828,1190.7086948828828,2381.4173897657656
7.514,1190.6758054711067,1190.6758054711067,2381.3516109422135
7.515000000000001,1190.5572437015621,1190.5572437015621,2381.1144874031243
7.516,1190.3673117296876,1190.3673117296876,2380.734623459375
7.517,1190.1266349875,1190.1266349875,2380.253269975
7.518,1189.8601457712512,1189.8601457712512,2379.7202915425023
7.519,1189.5946449107512,1189.5946449107512,2379.1892898215024
7.5200000000000005,1189.3561983346376,1189.3561983346376,2378.712396669275
7.521,1189.1676420966087,1189.1676420966087,2378.3352841932174
7.522,1189.0464564855636,1189.0464564855636,2378.092912971127
7.523000000000001,1189.0032286692547,1189.0032286692547,2378.0064573385093
7.524,1189.040858473571,1189.040858473571,2378.081716947142
7.525,1189.1545805277667,1189.1545805277667,2378.3091610555334
7.526,1189.3327870635683,1189.3327870635683,2378.6655741271366
7.527,1189.5585489143227,1189.5585489143227,2379.1170978286455
7.5280000000000005,1189.811657231357,1189.811657231357,2379.623314462714
7.529,1190.0709533245436,1190.0709533245436,2380.141906649087
7.53,1190.3166848399512,1190.3166848399512,2380.6333696799024
7.531000000000001,1190.5326263393451,1190.5326263393451,2381.0652526786903
7.532,1190.707731164594,1190.707731164594,2381.415462329188
7.533,1190.8371359778903,1190.8371359778903,2381.6742719557806
7.534,1190.922413456689,1190.922413456689,2381.844826913378
7.535,1190.9710540256945,1190.9710540256945,2381.942108051389
7.5360000000000005,1190.9952447217065,1190.9952447217065,2381.990489443413
7.537,1191.0100926160871,1191.0100926160871,2382.0201852321743
7.538,1191.0315028518976,1191.0315028518976,2382.063005703795
7.539000000000001,1191.0739603328625,1191.0739603328625,2382.147920665725
7.54,1191.148475099043,1191.148475099043,2382.296950198086
7.541,1191.2609332132347,1191.2609332132347,2382.5218664264694
7.542,1191.4110495761079,1191.4110495761079,2382.8220991522157
7.543,1191.5920515178796,1191.5920515178796,2383.184103035759
7.5440000000000005,1191.791139772562,1191.791139772562,2383.582279545124
7.545,1191.9906856543776,1191.9906856543776,2383.981371308755
7.546,1192.1700396770398,1192.1700396770398,2384.3400793540795
7.547000000000001,1192.3077567851967,1192.3077567851967,2384.6155135703934
7.548,1192.383994622348,1192.383994622348,2384.767989244696
7.549,1192.3828193134823,1192.3828193134823,2384.7656386269646
7.55,1192.2941606128024,1192.2941606128024,2384.588321225605
7.551,1192.1151942418187,1192.1151942418187,2384.2303884836374
7.5520000000000005,1191.8509899464402,1191.8509899464402,2383.7019798928804
7.553,1191.5143426239865,1191.5143426239865,2383.028685247973
7.554,1191.1247921938975,1191.1247921938975,2382.249584387795
7.555,1190.7069260296541,1190.7069260296541,2381.4138520593083
7.556,1190.2881360587544,1190.2881360587544,2380.576272117509
7.557,1189.8960624668503,1189.8960624668503,2379.7921249337005
7.558,1189.5559907235368,1189.5559907235368,2379.1119814470735
7.559,1189.2884745369684,1189.2884745369684,2378.5769490739367
7.5600000000000005,1189.1074336667725,1189.1074336667725,2378.214867333545
7.561,1189.0189248476006,1189.0189248476006,2378.037849695201
7.562,1189.02071192895,1189.02071192895,2378.0414238579
7.563,1189.1026756045376,1189.1026756045376,2378.205351209075
7.564,1189.2480131575926,1189.2480131575926,2378.496026315185
7.565,1189.4350943146592,1189.4350943146592,2378.8701886293184
7.566,1189.6397697833727,1189.6397697833727,2379.2795395667454
7.567,1189.8378819171362,1189.8378819171362,2379.6757638342724
7.5680000000000005,1190.0077073025782,1190.0077073025782,2380.0154146051564
7.569,1190.1320709790325,1190.1320709790325,2380.264141958065
7.57,1190.199910296118,1190.199910296118,2380.399820592236
7.571,1190.2071287999936,1190.2071287999936,2380.414257599987
7.572,1190.1566600722758,1190.1566600722758,2380.3133201445517
7.573,1190.057749313864,1190.057749313864,2380.115498627728
7.574,1189.9245469528923,1189.9245469528923,2379.8490939057847
7.575,1189.7741841161671,1189.7741841161671,2379.5483682323343
7.5760000000000005,1189.6245561146109,1189.6245561146109,2379.2491122292217
7.577,1189.492070974234,1189.492070974234,2378.984141948468
7.578,1189.389622135353,1189.389622135353,2378.779244270706
7.579,1189.325017575044,1189.325017575044,2378.650035150088
7.58,1189.3000448190521,1189.3000448190521,2378.6000896381042
7.581,1189.3102785068274,1189.3102785068274,2378.620557013655
7.582,1189.3456524792598,1189.3456524792598,2378.6913049585196
7.583,1189.3917312111269,1189.3917312111269,2378.7834624222537
7.5840000000000005,1189.4315355190922,1189.4315355190922,2378.8630710381844
7.585,1189.4477137484625,1189.4477137484625,2378.895427496925
7.586,1189.4248091967006,1189.4248091967006,2378.849618393401
7.587,1189.3513619112807,1189.3513619112807,2378.7027238225614
7.588,1189.2215996657994,1189.2215996657994,2378.443199331599
7.589,1189.0365170893451,1189.0365170893451,2378.0730341786902
7.59,1188.8042087684807,1188.8042087684807,2377.6084175369615
7.591,1188.5394043093602,1188.5394043093602,2377.0788086187204
7.5920000000000005,1188.2622417818231,1188.2622417818231,2376.5244835636463
7.593,1187.9964009005785,1187.9964009005785,2375.992801801157
7.594,1187.7667893319394,1187.7667893319394,2375.533578663879
7.595,1187.5970266548438,1187.5970266548438,2375.1940533096877
7.596,1187.506995048178,1187.506995048178,2375.013990096356
7.597,1187.510720939045,1187.510720939045,2375.02144187809
7.598,1187.614818075026,1187.614818075026,2375.229636150052
7.599,1187.8176634078718,1187.8176634078718,2375.6353268157436
7.6000000000000005,1188.1093992134163,1188.1093992134163,2376.2187984268326
7.601,1188.472766522174,1188.472766522174,2376.945533044348
7.602,1188.8846858450254,1188.8846858450254,2377.769371690051
7.603,1189.318421084272,1189.318421084272,2378.636842168544
7.604,1189.746100175171,1189.746100175171,2379.492200350342
7.605,1190.1413282143744,1190.1413282143744,2380.282656428749
7.606,1190.4816197135126,1190.4816197135126,2380.963239427025
7.607,1190.7503971366848,1190.7503971366848,2381.5007942733696
7.6080000000000005,1190.9383507572272,1190.9383507572272,2381.8767015144545
7.609,1191.0440248203513,1191.0440248203513,2382.0880496407026
7.61,1191.0735793266174,1191.0735793266174,2382.147158653235
7.611,1191.0397661914058,1191.0397661914058,2382.0795323828115
7.612,1190.9602432750203,1190.9602432750203,2381.9204865500406
7.613,1190.8554205375208,1190.8554205375208,2381.7108410750416
7.614,1190.7460816267626,1190.7460816267626,2381.492163253525
7.615,1190.6510462358394,1190.6510462358394,2381.302092471679
7.6160000000000005,1190.585131232978,1190.585131232978,2381.170262465956
7.617,1190.5576327800595,1190.5576327800595,2381.115265560119
7.618,1190.5714914605564,1190.5714914605564,2381.142982921113
7.619,1190.6232245673464,1190.6232245673464,2381.2464491346927
7.62,1190.703622831761,1190.703622831761,2381.407245663522
7.621,1190.7991226660636,1190.7991226660636,2381.598245332127
7.622,1190.8936890157704,1190.8936890157704,2381.787378031541
7.623,1190.9709866058593,1190.9709866058593,2381.9419732117185
7.6240000000000006,1191.01658507104,1191.01658507104,2382.03317014208
7.625,1191.0199397631327,1191.0199397631327,2382.0398795262654
7.626,1190.9759153341547,1190.9759153341547,2381.9518306683094
7.627,1190.8856706911954,1190.8856706911954,2381.771341382391
7.628,1190.7567958914697,1190.7567958914697,2381.5135917829393
7.6290000000000004,1190.6026760017357,1190.6026760017357,2381.2053520034715
7.63,1190.4411445029814,1190.4411445029814,2380.882289005963
7.631,1190.2925697423316,1190.2925697423316,2380.585139484663
7.632000000000001,1190.177583205499,1190.177583205499,2380.355166410998
7.633,1190.1147007105437,1190.1147007105437,2380.2294014210875
7.634,1190.1181022405376,1190.1181022405376,2380.236204481075
7.635,1190.1958213289977,1190.1958213289977,2380.3916426579954
7.636,1190.348552226238,1190.348552226238,2380.697104452476
7.6370000000000005,1190.5692171281275,1190.5692171281275,2381.138434256255
7.638,1190.8433537375658,1190.8433537375658,2381.6867074751317
7.639,1191.1502943345736,1191.1502943345736,2382.300588669147
7.640000000000001,1191.4650211306719,1191.4650211306719,2382.9300422613437
7.641,1191.760508474465,1191.760508474465,2383.52101694893
7.642,1192.010308628611,1192.010308628611,2384.020617257222
7.643,1192.1911102970591,1192.1911102970591,2384.3822205941183
7.644,1192.285000906098,1192.285000906098,2384.570001812196
7.6450000000000005,1192.281194672652,1192.281194672652,2384.562389345304
7.646,1192.1770453629188,1192.1770453629188,2384.3540907258375
7.647,1191.9782391525744,1191.9782391525744,2383.9564783051487
7.648000000000001,1191.6981507909702,1191.6981507909702,2383.3963015819404
7.649,1191.3564357549753,1191.3564357549753,2382.7128715099507
7.65,1190.9770124813167,1190.9770124813167,2381.9540249626334
7.651,1190.5856532107805,1190.5856532107805,2381.171306421561
7.652,1190.2074424538291,1190.2074424538291,2380.4148849076582
7.6530000000000005,1189.8643742243066,1189.8643742243066,2379.7287484486133
7.654,1189.57334173263,1189.57334173263,2379.14668346526
7.655,1189.3447281818414,1189.3447281818414,2378.689456363683
7.656000000000001,1189.1817396983818,1189.1817396983818,2378.3634793967635
7.657,1189.0805387566825,1189.0805387566825,2378.161077513365
7.658,1189.031147868849,1189.031147868849,2378.062295737698
7.659,1189.0190085883212,1189.0190085883212,2378.0380171766424
7.66,1189.0270093551758,1189.0270093551758,2378.0540187103516
7.6610000000000005,1189.0377452524242,1189.0377452524242,2378.0754905048484
7.662,1189.0357488687662,1189.0357488687662,2378.0714977375324
7.663,1189.0094367477495,1189.0094367477495,2378.018873495499
7.664000000000001,1188.952549690619,1188.952549690619,2377.905099381238
7.665,1188.86492366024,1188.86492366024,2377.72984732048
7.666,1188.752504664696,1188.752504664696,2377.505009329392
7.667,1188.626607233029,1188.626607233029,2377.253214466058
7.668,1188.5025023228993,1188.5025023228993,2377.0050046457986
7.6690000000000005,1188.3974971139578,1188.3974971139578,2376.7949942279156
7.67,1188.3287276000124,1188.3287276000124,2376.6574552000247
7.671,1188.3109186667295,1188.3109186667295,2376.621837333459
7.672000000000001,1188.3543716323547,1188.3543716323547,2376.7087432647095
7.673,1188.4634153945158,1188.4634153945158,2376.9268307890316
7.674,1188.6355069521007,1188.6355069521007,2377.2710139042015
7.675,1188.8610956872499,1188.8610956872499,2377.7221913744997
7.676,1189.1242812636099,1189.1242812636099,2378.2485625272197
7.6770000000000005,1189.4042066562463,1189.4042066562463,2378.8084133124926
7.678,1189.677045447517,1189.677045447517,2379.354090895034
7.679,1189.9183752330064,1189.9183752330064,2379.8367504660127
7.68,1190.1056842647681,1190.1056842647681,2380.2113685295362
7.681,1190.2207413218096,1190.2207413218096,2380.441482643619
7.682,1190.2515712153054,1190.2515712153054,2380.5031424306108
7.683,1190.1938190320882,1190.1938190320882,2380.3876380641764
7.684,1190.0513508039064,1190.0513508039064,2380.102701607813
7.6850000000000005,1189.8360197379195,1189.8360197379195,2379.672039475839
7.686,1189.5666165697685,1189.5666165697685,2379.133233139537
7.687,1189.2671102327836,1189.2671102327836,2378.534220465567
7.688,1188.9643612928724,1188.9643612928724,2377.9287225857447
7.689,1188.6855471387707,1188.6855471387707,2377.3710942775415
7.69,1188.455568562291,1188.455568562291,2376.911137124582
7.691,1188.2947087733924,1188.2947087733924,2376.5894175467847
7.692,1188.2167879375309,1188.2167879375309,2376.4335758750617
7.6930000000000005,1188.2280020854796,1188.2280020854796,2376.456004170959
7.694,1188.3265606962873,1188.3265606962873,2376.6531213925746
7.695,1188.5031505820668,1188.5031505820668,2377.0063011641337
7.696,1188.7421644188325,1188.7421644188325,2377.484328837665
7.697,1189.0235501535744,1189.0235501535744,2378.047100307149
7.698,1189.325071553394,1189.325071553394,2378.650143106788
7.699,1189.6247275358282,1189.6247275358282,2379.2494550716565
7.7,1189.9030632373028,1189.9030632373028,2379.8061264746057
7.7010000000000005,1190.145120560129,1190.145120560129,2380.290241120258
7.702,1190.3418184585416,1190.3418184585416,2380.6836369170833
7.703,1190.490618695779,1190.490618695779,2380.981237391558
7.704,1190.595413917107,1190.595413917107,2381.190827834214
7.705,1190.6656626120875,1190.6656626120875,2381.331325224175
7.706,1190.7148801400479,1190.7148801400479,2381.4297602800957
7.707,1190.7586670816936,1190.7586670816936,2381.517334163387
7.708,1190.8125077694372,1190.8125077694372,2381.6250155388743
7.7090000000000005,1190.8895972299695,1190.8895972299695,2381.779194459939
7.71,1190.9989511443302,1190.9989511443302,2381.9979022886605
7.711,1191.1440212103332,1191.1440212103332,2382.2880424206664
7.712,1191.3219810677983,1191.3219810677983,2382.6439621355967
7.713,1191.5237720809864,1191.5237720809864,2383.047544161973
7.714,1191.7349121978568,1191.7349121978568,2383.4698243957137
7.715,1191.9369843936877,1191.9369843936877,2383.8739687873754
7.716,1192.109643508604,1192.109643508604,2384.219287017208
7.7170000000000005,1192.2329202686872,1192.2329202686872,2384.4658405373743
7.718,1192.289565656363,1192.289565656363,2384.579131312726
7.719,1192.2671715949996,1192.2671715949996,2384.534343189999
7.72,1192.1598260242408,1192.1598260242408,2384.3196520484817
7.721,1191.9691095163919,1191.9691095163919,2383.9382190327838
7.722,1191.7043112865179,1191.7043112865179,2383.4086225730357
7.723,1191.3818270485322,1191.3818270485322,2382.7636540970643
7.724,1191.0237903875227,1191.0237903875227,2382.0475807750454
7.7250000000000005,1190.6560733501815,1190.6560733501815,2381.312146700363
7.726,1190.3058615498771,1190.3058615498771,2380.6117230997543
7.727,1189.9990565639027,1189.9990565639027,2379.9981131278055
7.728,1189.7577785114886,1189.7577785114886,2379.515557022977
7.729,1189.5982321868826,1189.5982321868826,2379.196464373765
7.73,1189.529161977762,1189.529161977762,2379.058323955524
7.731,1189.551058163881,1189.551058163881,2379.102116327762
7.732,1189.6561968917172,1189.6561968917172,2379.3123937834343
7.7330000000000005,1189.829506924122,1189.829506924122,2379.659013848244
7.734,1190.0501679109539,1190.0501679109539,2380.1003358219077
7.735,1190.293767062789,1190.293767062789,2380.587534125578
7.736,1190.5347822242418,1190.5347822242418,2381.0695644484836
7.737,1190.7491258363914,1190.7491258363914,2381.4982516727828
7.738,1190.91647975775,1190.91647975775,2381.8329595155
7.739,1191.0221758021867,1191.0221758021867,2382.0443516043733
7.74,1191.0584283416688,1191.0584283416688,2382.1168566833376
7.7410000000000005,1191.024797684654,1191.024797684654,2382.049595369308
7.742,1190.927848165264,1190.927848165264,2381.855696330528
7.743,1190.7800535512333,1190.7800535512333,2381.5601071024666
7.744,1190.5980847255103,1190.5980847255103,2381.1961694510205
7.745,1190.4006815584635,1190.4006815584635,2380.801363116927
7.746,1190.2063551204044,1190.2063551204044,2380.412710240809
7.747,1190.0311830656851,1190.0311830656851,2380.0623661313703
7.748,1189.8869483807293,1189.8869483807293,2379.7738967614587
7.7490000000000006,1189.7798312049554,1189.7798312049554,2379.5596624099107
7.75,1189.709799661237,1189.709799661237,2379.419599322474
7.751,1189.6707657009852,1189.6707657009852,2379.3415314019703
7.752,1189.651484792117,1189.651484792117,2379.302969584234
7.753,1189.6370935680688,1189.6370935680688,2379.2741871361377
7.7540000000000004,1189.6111067479444,1189.6111067479444,2379.222213495889
7.755,1189.5576418468104,1189.5576418468104,2379.1152836936208
7.756,1189.4636133177246,1189.4636133177246,2378.927226635449
7.757000000000001,1189.3206398286916,1189.3206398286916,2378.641279657383
7.758,1189.1264391968627,1189.1264391968627,2378.2528783937255
7.759,1188.8855417087304,1188.8855417087304,2377.771083417461
7.76,1188.6092279608151,1188.6092279608151,2377.2184559216303
7.761,1188.3146836365222,1188.3146836365222,2376.6293672730444
7.7620000000000005,1188.0234512500754,1188.0234512500754,2376.0469025001507
7.763,1187.7593381318904,1187.7593381318904,2375.518676263781
7.764,1187.5460020031787,1187.5460020031787,2375.0920040063575
7.765000000000001,1187.4044734725883,1187.4044734725883,2374.8089469451766
7.766,1187.3508844112307,1187.3508844112307,2374.7017688224614
7.767,1187.394651271136,1187.394651271136,2374.789302542272
7.768,1187.537315102446,1187.537315102446,2375.074630204892
7.769,1187.77217041516,1187.77217041516,2375.54434083032
7.7700000000000005,1188.0847307016254,1188.0847307016254,2376.169461403251
7.771,1188.4539885943661,1188.4539885943661,2376.9079771887323
7.772,1188.8543431045878,1188.8543431045878,2377.7086862091755
7.773000000000001,1189.2579945297055,1189.2579945297055,2378.515989059411
7.774,1189.6375572993038,1189.6375572993038,2379.2751145986076
7.775,1189.9686177542735,1189.9686177542735,2379.937235508547
7.776,1190.2319701643594,1190.2319701643594,2380.4639403287188
7.777,1190.4152994812862,1190.4152994812862,2380.8305989625724
7.7780000000000005,1190.5141395274254,1190.5141395274254,2381.028279054851
7.779,1190.5320139229052,1190.5320139229052,2381.0640278458104
7.78,1190.4797554340764,1190.4797554340764,2380.959510868153
7.781000000000001,1190.374087897591,1190.374087897591,2380.748175795182
7.782,1190.2356337544527,1190.2356337544527,2380.4712675089054
7.783,1190.086570903243,1190.086570903243,2380.173141806486
7.784,1189.9481984528747,1189.9481984528747,2379.8963969057495
7.785,1189.8386781641818,1189.8386781641818,2379.6773563283637
7.7860000000000005,1189.7711962202159,1189.7711962202159,2379.5423924404317
7.787,1189.7527409964732,1189.7527409964732,2379.5054819929464
7.788,1189.7836222058597,1189.7836222058597,2379.5672444117195
7.789000000000001,1189.8577730037275,1189.8577730037275,2379.715546007455
7.79,1189.9637886669907,1189.9637886669907,2379.9275773339814
7.791,1190.0865730664636,1190.0865730664636,2380.1731461329273
7.792,1190.2093964604492,1190.2093964604492,2380.4187929208983
7.793,1190.3161226384605,1190.3161226384605,2380.632245276921
7.7940000000000005,1190.39334515937,1190.39334515937,2380.78669031874
7.795,1190.4321833610552,1190.4321833610552,2380.8643667221104
7.796,1190.429527731398,1190.429527731398,2380.859055462796
7.797000000000001,1190.3885867833678,1190.3885867833678,2380.7771735667357
7.798,1190.3186668076542,1190.3186668076542,2380.6373336153083
7.799,1190.2342029704273,1190.2342029704273,2380.4684059408546
